[{"path":"\/dbconfig.class.php","checksum":"e3ad1c75cfd2710f4d6a07803e49f9e8"},{"path":"\/ffyd_path.html","checksum":"667077892228e4f7cd3aea27cf1b0d44"},{"path":"\/icon.jpg","checksum":"57ebb4eff7943c236a5de30f8bc3b65b"},{"path":"\/images\/b2.png","checksum":"a3336a9e1144bf71df083f7a001bfa64"},{"path":"\/images\/font.TTF","checksum":"0a78c633d0384e07f2831e315f1c85f2"},{"path":"\/images\/poster_bg.jpg","checksum":"41567bd55155a15ebeedf5e27beda373"},{"path":"\/images\/zhang.jpg","checksum":"c3368ad1698a94104db737a6a20b8d42"},{"path":"\/js\/image-lazyload-min.js","checksum":"2582eb1b5c3d513bbab6f5f47117f6c7"},{"path":"\/js\/jquery-1.11.2.min.js","checksum":"412af96e0fa32b34f84554566aadc2c5"},{"path":"\/module.php","checksum":"beeb6f675334453cfe9bf81c9eed03d3"},{"path":"\/processor.php","checksum":"a299aeddcaa37e2b07651df46d4c8983"},{"path":"\/site.php","checksum":"2dc1adb6f7ef5590ca17740229609d14"},{"path":"\/template\/article_audio_edit.html","checksum":"c700ac0570a7c00ef0db2d3c4c78fbde"},{"path":"\/template\/article_list.html","checksum":"846ef7d0b2131b71ba4ac66b25dd7fea"},{"path":"\/template\/article_pdf_edit.html","checksum":"7e7202e32eda6a6af558dbce25cc6e16"},{"path":"\/template\/article_pic_edit.html","checksum":"a519a3d4d3c6b966409849ea1e75e86c"},{"path":"\/template\/article_text_edit.html","checksum":"09f7ef69b681dea2bd168d3726ade1b1"},{"path":"\/template\/article_video_edit.html","checksum":"67f89c5b89a3c05e4dfe93e8a75ed709"},{"path":"\/template\/category.html","checksum":"8d5ebc5ff74c22945fa533e6b1761f2d"},{"path":"\/template\/comment.html","checksum":"79581a02728caac7fc526e194a62af6b"},{"path":"\/template\/package.html","checksum":"7a04afe516d21f309aae65b9551a70da"},{"path":"\/template\/packagecode.html","checksum":"f48296e2de35b9b11947edfec20588d0"},{"path":"\/template\/record.html","checksum":"2f8cad35963283a77de44b9b4a7b977c"},{"path":"\/template\/setting.html","checksum":"1b215d9177c3f5960efdd899964b4537"},{"path":"\/template\/vip.html","checksum":"3fa85935f41ca8329f6697b227ffc6e4"},{"path":"\/template\/vipgroup.html","checksum":"be121d4afd49fa8bf76e030b06b0f606"},{"path":"\/template\/withdraw_detail.html","checksum":"5114ad9266db4b5ea8226d0d3055c8c1"},{"path":"\/template\/withdraw_list.html","checksum":"4669ac6ca8b3726208fe3a4c024cea25"},{"path":"\/upgrade.php","checksum":"030bd5597ccd45e24170522e224bd48a"},{"path":"\/withdraw_func.php","checksum":"b34315088a3dc0e6cb59d35c738ef62c"},{"path":"\/wxapp.php","checksum":"31889b355bddf31c1d5e28a6c806b7d7"}]