<?xml version="1.0" encoding="utf-8"?>

<manifest xmlns="http://www.we7.cc" versionCode="0.8,1.0">

	<application setting="false">
		<name><![CDATA[零象废品回收]]></name>
		<identifie><![CDATA[ox_reclaim]]></identifie>
		<version><![CDATA[2.3.0]]></version>
		<type><![CDATA[activity]]></type>
		<ability><![CDATA[零象回收]]></ability>
		<description><![CDATA[回收]]></description>
		<author><![CDATA[懒人源码]]></author>
		<url><![CDATA[https://www.lanrenzhijia.com]]></url>
	</application>

	<platform>
		<subscribes>
		</subscribes>

		<handles>
		</handles>

		<rule embed="false" />
		<card embed="false" />
		
		<supports>
			<item type="wxapp" />
			
		</supports>
        <plugins></plugins> 
        <plugin-main name="" />

	</platform>

	<bindings>

	</bindings>

	<permissions>
	</permissions>

	<install><![CDATA[
CREATE TABLE IF NOT EXISTS `ims_ox_reclaim_address` (
  `id` int(10) NOT NULL AUTO_INCREMENT,
  `uid` int(10) DEFAULT NULL,
  `uniacid` int(10) DEFAULT NULL,
  `latitude` decimal(10,4) DEFAULT NULL COMMENT 'mapx',
  `longitude` decimal(11,4) DEFAULT NULL COMMENT 'mapy',
  `province` varchar(20) DEFAULT NULL COMMENT '省',
  `city` varchar(20) DEFAULT NULL COMMENT '市',
  `district` varchar(20) DEFAULT NULL COMMENT '区/县',
  `name` varchar(20) DEFAULT NULL COMMENT '联系人',
  `phone` varchar(11) DEFAULT NULL COMMENT '联系方式',
  `address` varchar(50) DEFAULT NULL COMMENT '服务地址',
  `address_detail` varchar(50) DEFAULT NULL COMMENT '详细地址',
  `default` tinyint(4) DEFAULT NULL COMMENT '1 是默认',
  `create_time` int(11) DEFAULT NULL,
  PRIMARY KEY (`id`)
) ENGINE=InnoDB AUTO_INCREMENT=3 DEFAULT CHARSET=utf8;


CREATE TABLE IF NOT EXISTS `ims_ox_reclaim_banner` (
  `id` int(10) NOT NULL AUTO_INCREMENT COMMENT '自增id',
  `uniacid` int(10) DEFAULT NULL COMMENT '小程序id',
  `img` varchar(100) DEFAULT NULL COMMENT '图片地址',
  `url` varchar(255) DEFAULT NULL COMMENT '链接地址',
  `sort` int(10) DEFAULT NULL COMMENT '排序',
  `create_time` int(10) DEFAULT NULL COMMENT '创建时间',
  PRIMARY KEY (`id`) USING BTREE
) ENGINE=InnoDB AUTO_INCREMENT=4 DEFAULT CHARSET=utf8 ROW_FORMAT=COMPACT;


CREATE TABLE IF NOT EXISTS `ims_ox_reclaim_city` (
  `id` int(10) NOT NULL AUTO_INCREMENT COMMENT '开通城市id',
  `uniacid` int(10) DEFAULT NULL COMMENT '小程序id',
  `province` varchar(20) DEFAULT NULL COMMENT '省份名称',
  `city_name` varchar(20) DEFAULT NULL COMMENT '城市名称',
  `status` tinyint(4) DEFAULT '0' COMMENT '开通状态 0 未开通 1 已开通',
  `create_time` int(10) DEFAULT NULL COMMENT '申请时间',
  PRIMARY KEY (`id`)
) ENGINE=InnoDB AUTO_INCREMENT=4 DEFAULT CHARSET=utf8 ROW_FORMAT=COMPACT;


CREATE TABLE IF NOT EXISTS `ims_ox_reclaim_cycle` (
  `id` int(10) NOT NULL AUTO_INCREMENT,
  `uniacid` int(10) DEFAULT NULL,
  `uid` int(10) DEFAULT NULL,
  `order_id` int(10) DEFAULT NULL COMMENT '订单id',
  `account` decimal(10,2) DEFAULT NULL COMMENT '订单金额',
  `create_time` int(10) DEFAULT NULL COMMENT '创建时间',
  `admin_uid` int(11) unsigned DEFAULT NULL COMMENT '操作员id',
  PRIMARY KEY (`id`)
) ENGINE=InnoDB AUTO_INCREMENT=6 DEFAULT CHARSET=utf8;


CREATE TABLE IF NOT EXISTS `ims_ox_reclaim_formid` (
  `id` int(10) NOT NULL AUTO_INCREMENT,
  `uniacid` int(10) DEFAULT NULL,
  `uid` int(11) DEFAULT NULL,
  `form_id` varchar(50) DEFAULT NULL,
  `status` tinyint(4) NOT NULL DEFAULT '0' COMMENT '使用状态，0未使用 1已使用',
  `create_time` int(11) DEFAULT NULL,
  PRIMARY KEY (`id`)
) ENGINE=InnoDB AUTO_INCREMENT=751 DEFAULT CHARSET=utf8 COMMENT='from_id 记录表';


CREATE TABLE IF NOT EXISTS `ims_ox_reclaim_goods` (
  `id` int(10) NOT NULL AUTO_INCREMENT COMMENT '自增id',
  `uniacid` int(10) DEFAULT NULL COMMENT '小程序id',
  `title` varchar(255) DEFAULT NULL COMMENT '短标题',
  `name` varchar(255) DEFAULT NULL COMMENT '长标题',
  `img` varchar(255) DEFAULT NULL COMMENT '主图',
  `integral` int(10) unsigned DEFAULT NULL COMMENT '所需积分',
  `price` decimal(10,2) DEFAULT NULL COMMENT '所需余额',
  `list_price` decimal(10,2) DEFAULT NULL COMMENT '市场价',
  `details` text COMMENT '详情',
  `num` int(10) DEFAULT '0' COMMENT '数量',
  `state` tinyint(4) DEFAULT '1' COMMENT '1 正常  2下架 3售罄',
  `del_time` int(10) unsigned DEFAULT '0' COMMENT '0正常 大于0已删除',
  `create_time` int(10) DEFAULT NULL COMMENT '创建时间',
  `sort` tinyint(4) DEFAULT '0' COMMENT '排序 由大到小',
  PRIMARY KEY (`id`) USING BTREE
) ENGINE=InnoDB AUTO_INCREMENT=12 DEFAULT CHARSET=utf8 ROW_FORMAT=COMPACT;


CREATE TABLE IF NOT EXISTS `ims_ox_reclaim_image` (
  `id` int(11) NOT NULL AUTO_INCREMENT COMMENT '图片id',
  `uniacid` int(11) DEFAULT NULL COMMENT '小程序id',
  `order_id` int(11) DEFAULT NULL COMMENT '汽车id',
  `img` text COMMENT '图片地址',
  `type` tinyint(2) DEFAULT NULL COMMENT '图片类型 1 订单图片',
  `sort` varchar(10) NOT NULL COMMENT '排序',
  `create_time` int(11) DEFAULT NULL COMMENT '创建时间',
  PRIMARY KEY (`id`)
) ENGINE=InnoDB AUTO_INCREMENT=555 DEFAULT CHARSET=utf8;


CREATE TABLE IF NOT EXISTS `ims_ox_reclaim_info` (
  `id` int(11) unsigned NOT NULL AUTO_INCREMENT COMMENT '自增id',
  `uniacid` int(11) DEFAULT NULL COMMENT '小程序id',
  `title` varchar(100) DEFAULT NULL COMMENT '小程序标题',
  `phone` varchar(20) DEFAULT NULL COMMENT '联系电话',
  `logo` varchar(255) DEFAULT NULL COMMENT 'logo',
  `appid` varchar(50) DEFAULT NULL COMMENT '公众号appid',
  `about` text COMMENT '联系我们',
  `one_type` tinyint(4) DEFAULT '1' COMMENT '一键预约类型 0 默认 1跳转页面 2跳转小程序 3关闭',
  PRIMARY KEY (`id`) USING BTREE
) ENGINE=MyISAM AUTO_INCREMENT=6 DEFAULT CHARSET=utf8 ROW_FORMAT=DYNAMIC;


CREATE TABLE IF NOT EXISTS `ims_ox_reclaim_member` (
  `id` int(10) NOT NULL AUTO_INCREMENT COMMENT '店铺id',
  `uniacid` int(10) NOT NULL COMMENT '小程序id',
  `uid` int(11) NOT NULL COMMENT '用户id',
  `avatar` varchar(255) DEFAULT NULL COMMENT '头像',
  `nickname` varchar(60) DEFAULT NULL COMMENT '会员昵称',
  `phone` varchar(15) DEFAULT NULL COMMENT '手机号',
  `black` int(11) unsigned DEFAULT '0' COMMENT '黑名单用户-后台删除 非0即为黑',
  `reject` varchar(255) DEFAULT NULL COMMENT '拒绝原因',
  `ali_id` varchar(20) DEFAULT NULL COMMENT '支付宝账号',
  `wx_id` varchar(20) DEFAULT NULL COMMENT '微信账号',
  `money` decimal(10,2) DEFAULT '0.00' COMMENT '余额',
  `create_time` int(11) unsigned DEFAULT NULL COMMENT '创建时间',
  `jiedan` tinyint(4) DEFAULT '0' COMMENT '接单人员 0不是 1是',
  `integral` int(11) unsigned DEFAULT '0' COMMENT '积分',
  `name` varchar(255) DEFAULT NULL COMMENT '接单人姓名',
  `ali_name` varchar(50) DEFAULT NULL COMMENT '支付宝姓名',
  PRIMARY KEY (`id`)
) ENGINE=InnoDB AUTO_INCREMENT=12 DEFAULT CHARSET=utf8 COMMENT='会员';


CREATE TABLE IF NOT EXISTS `ims_ox_reclaim_money_log` (
  `id` int(11) NOT NULL AUTO_INCREMENT,
  `uniacid` int(11) DEFAULT NULL,
  `uid` int(11) DEFAULT NULL COMMENT '资金变动用户',
  `from_uid` int(11) DEFAULT '0' COMMENT '资金变动来源用户（非主字段可不填）',
  `money` decimal(10,2) DEFAULT '0.00' COMMENT '变动金额',
  `type` tinyint(4) DEFAULT '0' COMMENT '0订单 1完工 2提现 3驳回提现',
  `desc` varchar(100) DEFAULT NULL COMMENT '描述',
  `create_time` int(11) DEFAULT NULL COMMENT '创建时间',
  `from_id` int(11) DEFAULT '0' COMMENT '来源id 订单id或提现表id',
  `from_table` varchar(100) DEFAULT NULL COMMENT '来源表名，不带ims_',
  `last_money` decimal(10,2) DEFAULT '0.00' COMMENT '最终余额',
  `integral` int(10) NOT NULL DEFAULT '0',
  `last_integral` int(10) DEFAULT NULL COMMENT '积分余额',
  PRIMARY KEY (`id`)
) ENGINE=InnoDB AUTO_INCREMENT=29 DEFAULT CHARSET=utf8;


CREATE TABLE IF NOT EXISTS `ims_ox_reclaim_order` (
  `id` int(10) NOT NULL AUTO_INCREMENT,
  `uniacid` int(10) DEFAULT NULL,
  `type_name` varchar(20) DEFAULT NULL COMMENT '回收类型',
  `formid` varchar(50) DEFAULT NULL COMMENT '模板消息id',
  `uid` int(10) DEFAULT NULL COMMENT '报修人id',
  `longitude` decimal(10,4) DEFAULT NULL COMMENT '经度',
  `latitude` decimal(10,4) DEFAULT NULL COMMENT '纬度',
  `o_sn` varchar(50) DEFAULT NULL COMMENT '订单编号',
  `pay_sn` varchar(50) DEFAULT NULL COMMENT '竞标支付订单编号',
  `address` varchar(200) DEFAULT NULL COMMENT '维修地址',
  `address_detail` varchar(200) DEFAULT NULL COMMENT '详细地址',
  `name` varchar(20) DEFAULT NULL COMMENT '联系人姓名',
  `phone` varchar(11) DEFAULT NULL COMMENT '联系电话',
  `remark` text COMMENT '回收描述',
  `status` tinyint(4) DEFAULT NULL COMMENT '0 未接单 1 已接单 2 已取消 3 已完成 ',
  `pay_status` tinyint(4) NOT NULL DEFAULT '0' COMMENT '支付状态 0 未支付 1 已支付',
  `cycle` int(11) DEFAULT '0' COMMENT '周期（天）',
  `go_time` int(10) DEFAULT NULL COMMENT '预约上门时间',
  `end_time` int(10) DEFAULT NULL COMMENT '完成时间',
  `province` varchar(20) DEFAULT NULL COMMENT '省',
  `city` varchar(20) DEFAULT NULL COMMENT '市',
  `district` varchar(20) DEFAULT NULL COMMENT '区',
  `amount` decimal(10,2) DEFAULT '0.00' COMMENT '订单金额',
  `create_time` int(10) DEFAULT NULL COMMENT '创建时间',
  `last_time` int(11) DEFAULT '0' COMMENT '上一次回收时间',
  `admin_uid` int(11) unsigned DEFAULT '0' COMMENT '操作员id',
  PRIMARY KEY (`id`)
) ENGINE=InnoDB AUTO_INCREMENT=303 DEFAULT CHARSET=utf8;


CREATE TABLE IF NOT EXISTS `ims_ox_reclaim_order_pay` (
  `id` int(11) NOT NULL AUTO_INCREMENT,
  `order_id` int(11) DEFAULT NULL,
  `pay_uid` int(10) DEFAULT NULL,
  `uniacid` int(11) DEFAULT NULL,
  `o_sn` varchar(50) DEFAULT NULL,
  `account` decimal(10,2) DEFAULT NULL COMMENT '支付金额',
  `integral` int(10) DEFAULT NULL COMMENT '积分',
  `create_time` int(10) DEFAULT NULL,
  `pay_type` tinyint(4) DEFAULT '0' COMMENT '支付类型 0线上 1线下',
  PRIMARY KEY (`id`)
) ENGINE=InnoDB AUTO_INCREMENT=10 DEFAULT CHARSET=utf8;


CREATE TABLE IF NOT EXISTS `ims_ox_reclaim_pages` (
  `id` int(10) NOT NULL AUTO_INCREMENT COMMENT '自增id',
  `uniacid` int(10) DEFAULT NULL COMMENT '小程序id',
  `title` varchar(255) DEFAULT NULL COMMENT '标题',
  `name` varchar(255) DEFAULT NULL COMMENT '描述',
  `img` varchar(100) DEFAULT NULL COMMENT '图片地址',
  `pages` varchar(100) DEFAULT NULL COMMENT '页面路径',
  `appid` varchar(50) DEFAULT NULL COMMENT '跳转小程序id',
  `sort` int(10) DEFAULT NULL COMMENT '排序',
  `create_time` int(10) DEFAULT NULL COMMENT '创建时间',
  PRIMARY KEY (`id`) USING BTREE
) ENGINE=InnoDB AUTO_INCREMENT=6 DEFAULT CHARSET=utf8 ROW_FORMAT=COMPACT;


CREATE TABLE IF NOT EXISTS `ims_ox_reclaim_rule` (
  `id` int(10) NOT NULL AUTO_INCREMENT,
  `uniacid` int(11) DEFAULT NULL,
  `title` varchar(100) DEFAULT NULL COMMENT '要求标题',
  `img` varchar(100) DEFAULT NULL COMMENT '要求配图',
  `sort` tinyint(2) DEFAULT NULL COMMENT '排序',
  `create_time` int(11) DEFAULT NULL COMMENT '创建时间',
  PRIMARY KEY (`id`)
) ENGINE=InnoDB AUTO_INCREMENT=185 DEFAULT CHARSET=utf8;


CREATE TABLE IF NOT EXISTS `ims_ox_reclaim_shop_info` (
  `id` int(11) unsigned NOT NULL AUTO_INCREMENT COMMENT '自增id',
  `uniacid` int(11) DEFAULT NULL COMMENT '小程序id',
  `open` tinyint(4) DEFAULT '0' COMMENT '开关 0关闭 1开启',
  `pic` varchar(255) DEFAULT NULL COMMENT '头部背景图',
  `xiangou` tinyint(4) unsigned DEFAULT '0' COMMENT '每人单一商品限购数 0不限',
  `earn` text COMMENT '赚取积分文案',
  `create_time` int(11) unsigned DEFAULT NULL COMMENT '创建时间',
  PRIMARY KEY (`id`) USING BTREE
) ENGINE=InnoDB AUTO_INCREMENT=6 DEFAULT CHARSET=utf8 ROW_FORMAT=DYNAMIC;


CREATE TABLE IF NOT EXISTS `ims_ox_reclaim_shop_order` (
  `id` int(10) NOT NULL AUTO_INCREMENT,
  `uniacid` int(10) DEFAULT NULL,
  `uid` int(10) DEFAULT NULL COMMENT '会员uid',
  `o_sn` varchar(50) DEFAULT NULL COMMENT '订单编号',
  `address` varchar(200) DEFAULT NULL COMMENT '地址',
  `name` varchar(20) DEFAULT NULL COMMENT '联系人姓名',
  `phone` varchar(11) DEFAULT NULL COMMENT '联系电话',
  `status` tinyint(4) DEFAULT NULL COMMENT '0 未支付 1 已支付 2 已发货 3 已完成 ',
  `create_time` int(10) DEFAULT NULL COMMENT '创建时间',
  `goods_id` int(11) DEFAULT NULL COMMENT '商品id',
  `integral` int(11) DEFAULT NULL COMMENT '积分',
  `price` decimal(10,2) DEFAULT NULL COMMENT '价格',
  `title` varchar(255) DEFAULT NULL COMMENT '标题',
  `img` varchar(255) DEFAULT NULL COMMENT '图片',
  `fahuo_time` int(11) unsigned DEFAULT NULL COMMENT '发货时间',
  `end_time` int(11) unsigned DEFAULT NULL COMMENT '完成时间',
  PRIMARY KEY (`id`)
) ENGINE=InnoDB AUTO_INCREMENT=380 DEFAULT CHARSET=utf8;


CREATE TABLE IF NOT EXISTS `ims_ox_reclaim_take_log` (
  `id` int(11) NOT NULL AUTO_INCREMENT,
  `uniacid` int(11) DEFAULT NULL,
  `uid` int(11) DEFAULT NULL COMMENT '资金变动用户',
  `create_time` int(11) DEFAULT NULL COMMENT '创建时间',
  `money` decimal(10,2) DEFAULT NULL COMMENT '提现金额',
  `status` tinyint(4) DEFAULT '0' COMMENT '状态 0未审核 1已通过 2已驳回',
  `describe` varchar(255) DEFAULT NULL COMMENT '订单驳回原因',
  `type` tinyint(4) DEFAULT NULL COMMENT '提现类型 1支付宝 2微信',
  `num` varchar(50) DEFAULT NULL COMMENT '提现账号',
  `admin_uid` int(11) unsigned DEFAULT '0' COMMENT '操作员',
  `name` varchar(50) DEFAULT NULL COMMENT '支付宝姓名',
  PRIMARY KEY (`id`)
) ENGINE=InnoDB AUTO_INCREMENT=41 DEFAULT CHARSET=utf8 COMMENT='机构提现表';


CREATE TABLE IF NOT EXISTS `ims_ox_reclaim_type` (
  `id` int(11) NOT NULL AUTO_INCREMENT COMMENT '产品分类id',
  `name` varchar(20) DEFAULT NULL COMMENT '分类名称',
  `title` varchar(100) DEFAULT NULL COMMENT '分类副标题',
  `sort` tinyint(2) DEFAULT NULL COMMENT '排序',
  `uniacid` int(11) DEFAULT NULL,
  `content` text COMMENT '价格说明',
  `img` varchar(100) DEFAULT NULL COMMENT '分类图片',
  `create_time` int(11) DEFAULT NULL COMMENT '创建时间',
  `class_level` int(11) DEFAULT '0' COMMENT '分类基本 0：一级分类 1 二级分类',
  `parent_id` int(11) DEFAULT '0' COMMENT '上级分类id',
  PRIMARY KEY (`id`)
) ENGINE=InnoDB AUTO_INCREMENT=184 DEFAULT CHARSET=utf8;


CREATE TABLE IF NOT EXISTS `ims_ox_reclaim_type_price` (
  `id` int(10) NOT NULL AUTO_INCREMENT,
  `uniacid` int(10) DEFAULT NULL,
  `type_id` int(10) DEFAULT NULL COMMENT '分类id',
  `type_name` varchar(20) DEFAULT NULL COMMENT '名称',
  `price` decimal(10,2) DEFAULT NULL COMMENT '价格',
  `sort` tinyint(4) DEFAULT NULL,
  PRIMARY KEY (`id`)
) ENGINE=InnoDB AUTO_INCREMENT=7 DEFAULT CHARSET=utf8;


CREATE TABLE IF NOT EXISTS `ims_ox_reclaim_uniform_template` (
  `id` int(10) NOT NULL AUTO_INCREMENT,
  `uniacid` int(10) DEFAULT NULL,
  `template_id` varchar(50) DEFAULT NULL,
  `first` varchar(50) DEFAULT NULL,
  `remark` varchar(50) DEFAULT NULL,
  `type` tinyint(4) DEFAULT NULL COMMENT ' 1 新订单通知 2 提现通知 3小程序提现',
  PRIMARY KEY (`id`)
) ENGINE=InnoDB AUTO_INCREMENT=7 DEFAULT CHARSET=utf8;


CREATE TABLE IF NOT EXISTS `ims_ox_reclaim_view` (
  `id` int(10) NOT NULL AUTO_INCREMENT,
  `uniacid` int(10) DEFAULT NULL,
  `title` varchar(20) DEFAULT NULL COMMENT '标题',
  `content` text,
  `sort` tinyint(4) DEFAULT NULL COMMENT ' 排序',
  `type` tinyint(4) DEFAULT NULL COMMENT ' 1 关于我们 2 操作指南',
  `create_time` int(10) DEFAULT NULL,
  PRIMARY KEY (`id`)
) ENGINE=InnoDB AUTO_INCREMENT=23 DEFAULT CHARSET=utf8;

]]></install>
	<uninstall><![CDATA[DROP TABLE IF EXISTS `ims_ox_reclaim_address`;
DROP TABLE IF EXISTS `ims_ox_reclaim_banner`;
DROP TABLE IF EXISTS `ims_ox_reclaim_city`;
DROP TABLE IF EXISTS `ims_ox_reclaim_cycle`;
DROP TABLE IF EXISTS `ims_ox_reclaim_formid`;
DROP TABLE IF EXISTS `ims_ox_reclaim_goods`;
DROP TABLE IF EXISTS `ims_ox_reclaim_image`;
DROP TABLE IF EXISTS `ims_ox_reclaim_info`;
DROP TABLE IF EXISTS `ims_ox_reclaim_member`;
DROP TABLE IF EXISTS `ims_ox_reclaim_money_log`;
DROP TABLE IF EXISTS `ims_ox_reclaim_order`;
DROP TABLE IF EXISTS `ims_ox_reclaim_order_pay`;
DROP TABLE IF EXISTS `ims_ox_reclaim_pages`;
DROP TABLE IF EXISTS `ims_ox_reclaim_rule`;
DROP TABLE IF EXISTS `ims_ox_reclaim_shop_info`;
DROP TABLE IF EXISTS `ims_ox_reclaim_shop_order`;
DROP TABLE IF EXISTS `ims_ox_reclaim_take_log`;
DROP TABLE IF EXISTS `ims_ox_reclaim_type`;
DROP TABLE IF EXISTS `ims_ox_reclaim_type_price`;
DROP TABLE IF EXISTS `ims_ox_reclaim_uniform_template`;
DROP TABLE IF EXISTS `ims_ox_reclaim_view`;
]]></uninstall>
	<upgrade><![CDATA[upgrade.php]]></upgrade>

</manifest>
