[{"path":"\/application\/bootstrap.php","checksum":"295fa4df7f518f85434bba0a538e5e35"},{"path":"\/application\/classes\/api\/address.php","checksum":"67eb02006357107644b4a7abd070c233"},{"path":"\/application\/classes\/api\/home.php","checksum":"353d96e7e5ca6f310a570fc158b53d8f"},{"path":"\/application\/classes\/api\/me.php","checksum":"5fb63e8289045d224841b2ac412c9b17"},{"path":"\/application\/classes\/api\/need.php","checksum":"b12dd125dfacb3b27e8ddadb240b7151"},{"path":"\/application\/classes\/api\/order.php","checksum":"39964f1b39e33f9ddd6a4420803f94d0"},{"path":"\/application\/classes\/api\/shop.php","checksum":"71967c664928e32454e3beed57ae80a6"},{"path":"\/application\/classes\/api\/store.php","checksum":"f792698201f8c46f764819c7725804b0"},{"path":"\/application\/classes\/api\/upload.php","checksum":"34321cfa42cd4ea7bf1642294a39061e"},{"path":"\/application\/classes\/web\/base.php","checksum":"44c348356e72012cf47496b368baaa25"},{"path":"\/application\/classes\/web\/baseset.php","checksum":"8ced60e2953093e3d40a29097fa4798e"},{"path":"\/application\/classes\/web\/datas.php","checksum":"16721e50da10773c7c0e11c46094134c"},{"path":"\/application\/classes\/web\/home.php","checksum":"6241769145d6073fd53653050f0cbf4a"},{"path":"\/application\/classes\/web\/index.php","checksum":"ac25bcc481d803913e0409821ac4e0fe"},{"path":"\/application\/classes\/web\/jifenshop.php","checksum":"13f788819c1ea0ac00e09fe0ee1a3ca3"},{"path":"\/application\/classes\/web\/member.php","checksum":"bf35ca23d4fc880bb833ed371fb84f6c"},{"path":"\/application\/classes\/web\/message.php","checksum":"b746e075a1d13762631932abab630e4a"},{"path":"\/application\/classes\/web\/order.php","checksum":"015f4b1b95edf8952ee37fce7e5b3c20"},{"path":"\/application\/classes\/web\/staff.php","checksum":"99e85d44da419c86d8ab48b88e87c06e"},{"path":"\/application\/classes\/web\/take.php","checksum":"68d73ec9049babcfb01b05c12f868f12"},{"path":"\/config\/menu.php","checksum":"254f931a436f978c54c178b76a372af4"},{"path":"\/icon\/bingxiang.png","checksum":"f89d73ce20d69a20c701660440c95603"},{"path":"\/icon\/chuang.png","checksum":"5d809cfc894e7057ec9b52e174e62509"},{"path":"\/icon\/diancilu.png","checksum":"fc12a4626c8dcd754d7bec71675989d0"},{"path":"\/icon\/kongtiao.png","checksum":"4a2381c6dc167fee812ee2fda198046d"},{"path":"\/icon\/kuandai.png","checksum":"1ccc456f283b5d685b120f3ccbbf2fcb"},{"path":"\/icon\/nuanqi.png","checksum":"40e4a6597f4e43907da76b2d6d36ae43"},{"path":"\/icon\/ranqizao.png","checksum":"89d4d8e94eeb592b452d92a7c580276c"},{"path":"\/icon\/reshuiqi.png","checksum":"8c28e62655b9c79b47c7e40d63de1db5"},{"path":"\/icon\/shafa.png","checksum":"2dae38ec4981d904ce5481dd4679b1f4"},{"path":"\/icon\/shuzhuo.png","checksum":"08985259befc555c4db0f5758d4afaec"},{"path":"\/icon\/tv.png","checksum":"dac438e231cdef1c8f48f55fe212d6f9"},{"path":"\/icon\/weibolu.png","checksum":"2d1e7bf5a99d3b635d2e251760dcc10f"},{"path":"\/icon\/xiyiji.png","checksum":"1f351cc4802504cd82fe740396b871c6"},{"path":"\/icon\/yangtai.png","checksum":"3c278937863c644a8203c31cea953662"},{"path":"\/icon\/yigui.png","checksum":"0411e8978718578ce8f00ba194e96038"},{"path":"\/icon\/youyanji.png","checksum":"32953c25d63a89201ad2a970ada36a48"},{"path":"\/icon.jpg","checksum":"4fb355ba8f0fc85a7a7015c58c4947f8"},{"path":"\/install.php","checksum":"0308c3003ee385e6fbffb434d05a753a"},{"path":"\/module.php","checksum":"2983bda83207972d21e4a869262d4c4b"},{"path":"\/preview.jpg","checksum":"e713c5a9aba18b85c19a5623a289bb69"},{"path":"\/site.php","checksum":"548399f3df5cd3da4f20889b1c6ccc6f"},{"path":"\/static\/bootstrap\/blank-page.html","checksum":"16b55494a4bb78baf07532f9912436bc"},{"path":"\/static\/bootstrap\/css\/bootstrap-reset.css","checksum":"d746966d5017314e7df3a3db18bb437b"},{"path":"\/static\/bootstrap\/css\/bootstrap.min.css","checksum":"ed77c2e37fbfd27eb566bd528b3fc350"},{"path":"\/static\/bootstrap\/css\/common-reset.css","checksum":"07aa4ff161b0bfd1b61d07d05e99fd0a"},{"path":"\/static\/bootstrap\/css\/default-theme.css","checksum":"99d74e63a71e2986a189b874d2b546de"},{"path":"\/static\/bootstrap\/css\/font-awesome.css","checksum":"d747d5b755b138af0a6d94af2d894169"},{"path":"\/static\/bootstrap\/css\/icomoon-weather.css","checksum":"852b3cb33308c2efd404d853c0a48312"},{"path":"\/static\/bootstrap\/css\/jquery-ui-1.10.3.css","checksum":"ff58078d7b9e7fb567ce48c3c9dd54de"},{"path":"\/static\/bootstrap\/css\/simple-line-icons.css","checksum":"9a404e4d453215c61381e0d226cb7a04"},{"path":"\/static\/bootstrap\/css\/slidebars.css","checksum":"00570aed8af2a9bb55a7f7125e29a533"},{"path":"\/static\/bootstrap\/css\/style-responsive.css","checksum":"aa7c13f5d78e86c5f5ff02f38395ebbd"},{"path":"\/static\/bootstrap\/css\/style.css","checksum":"1f558496f34e0f5316beea2c2ad51c61"},{"path":"\/static\/bootstrap\/css\/tagsinput.css","checksum":"ae137f5eb1088680b0d3f6fdd423fa69"},{"path":"\/static\/bootstrap\/fonts\/FontAwesome.otf","checksum":"19231917733e2bcdf257c9be99cdbaf1"},{"path":"\/static\/bootstrap\/fonts\/Simple-Line-Icons.dev.svg","checksum":"082e0794bd2b993ce74b2731300e6fd3"},{"path":"\/static\/bootstrap\/fonts\/Simple-Line-Icons.eot","checksum":"f19a7f6c7a0b54b748277c40d7cf8882"},{"path":"\/static\/bootstrap\/fonts\/Simple-Line-Icons.svg","checksum":"c9c9b5ebc6395eeb83072bf18e3818aa"},{"path":"\/static\/bootstrap\/fonts\/Simple-Line-Icons.ttf","checksum":"596814caa4fbaecbf5014bcfe8e363fb"},{"path":"\/static\/bootstrap\/fonts\/Simple-Line-Icons.woff","checksum":"ff94ad94c3a9d04bd2f80cb3c87dcccb"},{"path":"\/static\/bootstrap\/fonts\/fontawesome-webfont.eot","checksum":"7149833697a959306ec3012a8588dcfa"},{"path":"\/static\/bootstrap\/fonts\/fontawesome-webfont.svg","checksum":"26efb89ed5261b9be06bf30c659fbc75"},{"path":"\/static\/bootstrap\/fonts\/fontawesome-webfont.ttf","checksum":"c4668ed2440df82d3fd2f8be9d31d07d"},{"path":"\/static\/bootstrap\/fonts\/fontawesome-webfont.woff","checksum":"d95d6f5d5ab7cfefd09651800b69bd54"},{"path":"\/static\/bootstrap\/fonts\/glyphicons-halflings-regular.eot","checksum":"f4769f9bdb7466be65088239c12046d1"},{"path":"\/static\/bootstrap\/fonts\/glyphicons-halflings-regular.svg","checksum":"f721466883998665b87923b92dea655b"},{"path":"\/static\/bootstrap\/fonts\/glyphicons-halflings-regular.ttf","checksum":"e18bbf611f2a2e43afc071aa2f4e1512"},{"path":"\/static\/bootstrap\/fonts\/glyphicons-halflings-regular.woff","checksum":"fa2772327f55d8198301fdb8bcfc8158"},{"path":"\/static\/bootstrap\/fonts\/glyphicons-halflings-regular.woff2","checksum":"448c34a56d699c29117adc64c43affeb"},{"path":"\/static\/bootstrap\/fonts\/icomoon.eot","checksum":"8ed50b930094bf4a107732bf4224d276"},{"path":"\/static\/bootstrap\/fonts\/icomoon.svg","checksum":"88a7603b7e1a602e54c63d65c931aaf1"},{"path":"\/static\/bootstrap\/fonts\/icomoon.ttf","checksum":"64f01fb6d8f4ad550f386aa7499ca4e3"},{"path":"\/static\/bootstrap\/fonts\/icomoon.woff","checksum":"ea2ed8fd798b112a926ba8d0bdcf7a29"},{"path":"\/static\/bootstrap\/img\/404.png","checksum":"47c7d82e93b8f679f23df79967411da7"},{"path":"\/static\/bootstrap\/img\/500.png","checksum":"b65eb52978e533de049426de3dc08a92"},{"path":"\/static\/bootstrap\/img\/avatar-mini.jpg","checksum":"44c0788781f4b1b8fcd9c18c4a3d7470"},{"path":"\/static\/bootstrap\/img\/details_close.png","checksum":"a7b3c95965155d584b8f7b021c008002"},{"path":"\/static\/bootstrap\/img\/details_open.png","checksum":"660c3ab16eba95f88c9f5973f077ad28"},{"path":"\/static\/bootstrap\/img\/ico\/favicon.png","checksum":"076346c0f4bf38b00b7a40ec84791ef0"},{"path":"\/static\/bootstrap\/img\/invoice-logo.png","checksum":"fa959673493b9ddd752f2a88b9b3d17d"},{"path":"\/static\/bootstrap\/img\/left-arrow.png","checksum":"fd984e3fc637a928715b22948bcd4d9c"},{"path":"\/static\/bootstrap\/img\/loading-background.png","checksum":"af6ecc0b9ff73f313dbed7ff84adf1d6"},{"path":"\/static\/bootstrap\/img\/login_logo.png","checksum":"786a5723163f2d8a34c2383a40b411ed"},{"path":"\/static\/bootstrap\/img\/logo-icon.png","checksum":"9dbdc81e100a013e216932f01f633c35"},{"path":"\/static\/bootstrap\/img\/mega-menu\/mega_icon1.png","checksum":"6d10fc54fd06ff2e950cb943076b4630"},{"path":"\/static\/bootstrap\/img\/mega-menu\/mega_icon2.png","checksum":"d8ef7a04868bf0dcf6e2e8ca9d0f74d3"},{"path":"\/static\/bootstrap\/img\/mega-menu\/mega_icon3.png","checksum":"d2b384bb3cf64dfa4ec6e73d9a48ead1"},{"path":"\/static\/bootstrap\/img\/mega-menu\/mega_icon4.png","checksum":"fb55f8b41e6bdfa00e5f09e97abfd1b2"},{"path":"\/static\/bootstrap\/img\/pdf-attachment.jpg","checksum":"e0bb94489b16120ca8cd6d9774a7fde4"},{"path":"\/static\/bootstrap\/img\/right-arrow.png","checksum":"b693d5d1cf078a68522c6a8aa40addc4"},{"path":"\/static\/bootstrap\/img\/select2-spinner.gif","checksum":"7b9776076d5fceef4993b55c9383dedd"},{"path":"\/static\/bootstrap\/img\/select2.png","checksum":"2ca61b76e22053571dd8611e5aac4900"},{"path":"\/static\/bootstrap\/img\/select2x2.png","checksum":"49e3f006018662f60f1db2aec0b2cca9"},{"path":"\/static\/bootstrap\/img\/sort_asc.png","checksum":"a807649ba49ae7651b548d33d5b8b0f7"},{"path":"\/static\/bootstrap\/img\/sort_asc_disabled.png","checksum":"82989441900cce038de7bc4fd9018f86"},{"path":"\/static\/bootstrap\/img\/sort_both.png","checksum":"d5a31bca663453cbab59634cfcfb353a"},{"path":"\/static\/bootstrap\/img\/sort_desc.png","checksum":"45ee355acc999b6c92b34c7f826678d2"},{"path":"\/static\/bootstrap\/img\/sort_desc_disabled.png","checksum":"d75cdfb0e8d793a90c81e2e3996146b0"},{"path":"\/static\/bootstrap\/img\/spinner.gif","checksum":"7b9776076d5fceef4993b55c9383dedd"},{"path":"\/static\/bootstrap\/jquery-1.10.2.min.js","checksum":"387dd8bad123b9b03974f4de185e458b"},{"path":"\/static\/bootstrap\/js\/bootstrap.min.js","checksum":"1ae0e64754a542cbea996dec63c326fd"},{"path":"\/static\/bootstrap\/js\/index-sort.jpg","checksum":"926b30f05c13fa2f50f8c14a197f48e9"},{"path":"\/static\/bootstrap\/js\/index-sort2.jpg","checksum":"b0d5602062feb6b0f7034816964716dc"},{"path":"\/static\/bootstrap\/js\/jquery-1.10.2.min.js","checksum":"387dd8bad123b9b03974f4de185e458b"},{"path":"\/static\/bootstrap\/js\/jquery-2.1.1.min.js","checksum":"9a094379d98c6458d480ad5a51c4aa27"},{"path":"\/static\/bootstrap\/js\/jquery-ui\/jquery-ui-1.10.1.custom.css","checksum":"c3db424be35ff89b4745185c061930c0"},{"path":"\/static\/bootstrap\/js\/jquery-ui\/jquery-ui-1.10.1.custom.min.css","checksum":"04d50a60718dcda2c2d9f303f9f3fc18"},{"path":"\/static\/bootstrap\/js\/jquery-ui\/jquery-ui-1.10.1.custom.min.js","checksum":"889d1aba7c4feb4be6669d00c7da2042"},{"path":"\/static\/bootstrap\/js\/jquery-ui\/jquery-ui-1.10.2.custom.min.js","checksum":"84986cb7d3ac63c5d307759c1b16ed7f"},{"path":"\/static\/bootstrap\/js\/jquery-ui\/jquery-ui-1.9.2.custom.min.js","checksum":"713b797bf7fc683c6207dfed6d700608"},{"path":"\/static\/bootstrap\/js\/jquery.nestable.js","checksum":"406f6773bece253b28b9f540a1d4c6f8"},{"path":"\/static\/bootstrap\/js\/jquery.nicescroll.js","checksum":"b183fad60f3800ee772a2404e3e84966"},{"path":"\/static\/bootstrap\/js\/scripts.js","checksum":"1052b90a5821de204ef8679eb0b1fbb8"},{"path":"\/static\/bootstrap\/js\/slidebars.min.js","checksum":"8751de2bf7da26965c8598dd58831b9b"},{"path":"\/static\/bootstrap\/js\/switchery\/switchery-init.js","checksum":"1c4e5bcf62002b888295623c8d032276"},{"path":"\/static\/bootstrap\/js\/switchery\/switchery.css","checksum":"316f8bb654b315318fd325d6d36ceb5f"},{"path":"\/static\/bootstrap\/js\/switchery\/switchery.js","checksum":"5ca75ac2ff2d609b8c75e27cc21df773"},{"path":"\/static\/bootstrap\/js\/switchery\/switchery.min.css","checksum":"3d5c5f2d195cad6c3658bec52095df6b"},{"path":"\/static\/bootstrap\/js\/switchery\/switchery.min.js","checksum":"e012dd16761095fa06f0c4d59c43517c"},{"path":"\/static\/bootstrap\/js\/tags-input-init.js","checksum":"399a7cb89e43b5bb4753edbae1d7a1bf"},{"path":"\/static\/bootstrap\/js\/tags-input.js","checksum":"d4d1d65c185915bc2bd4b07c2048c595"},{"path":"\/static\/images\/90116.png","checksum":"665b4d26dbee2c25f712b93d19998a74"},{"path":"\/static\/images\/AT0257.jpg","checksum":"3f9e5357f8ae63877559fd91cc50bb10"},{"path":"\/static\/images\/AT0324.jpg","checksum":"a64ab962b3a743c58ec29f94db34e151"},{"path":"\/static\/images\/AT0328.png","checksum":"a781253a43bbd18ec3e0e2fb17433782"},{"path":"\/static\/images\/app.png","checksum":"cf7380770129bb2969a0b554d8fbd0b1"},{"path":"\/static\/images\/bg.png","checksum":"6bf4cc02ba61be6afb2d639a154117cd"},{"path":"\/static\/images\/bg1.png","checksum":"8939bf293e12aa837a2b92645724f327"},{"path":"\/static\/images\/data.0aa1e88.png","checksum":"0aa1e884e6d01c36fff41f43fb4f65fc"},{"path":"\/static\/images\/datashouru.02dbfe3.jpg","checksum":"02dbfe31cbf042bf923f8ba1f32c2013"},{"path":"\/static\/images\/datashouru.jpg","checksum":"6d9fc6cb95959b5df471b3b6a838cc5d"},{"path":"\/static\/images\/default-pic.jpg","checksum":"0828c3c2afa1174a855051fb87588f82"},{"path":"\/static\/images\/delivery_order.png","checksum":"e1ccd67ad6894f27403611a486d6c2c3"},{"path":"\/static\/images\/feedback.png","checksum":"6ee002925dbba1131729f1bf6d18d0af"},{"path":"\/static\/images\/integral_pay.png","checksum":"0dd4918a9dba4ab9b7149a1d8dc9255a"},{"path":"\/static\/images\/jiazai.gif","checksum":"5cec52bf38226fb9711720db19ada5ed"},{"path":"\/static\/images\/message\/OPENTM202151322.jpg","checksum":"e7941770837f539bfd25245f0970fe6d"},{"path":"\/static\/images\/message\/OPENTM204559869.jpg","checksum":"f9bff409372076d8a8dafa458d1c625d"},{"path":"\/static\/images\/message\/OPENTM408516401.jpg","checksum":"abb58713e123716c1d57a9258d14cafd"},{"path":"\/static\/images\/message1.png","checksum":"5c90961a249aac3dad8c95332d22121a"},{"path":"\/static\/images\/message2.png","checksum":"4ccff21eaed93e5fbcd5150e1d123abe"},{"path":"\/static\/images\/nopic.png","checksum":"0828c3c2afa1174a855051fb87588f82"},{"path":"\/static\/images\/set.png","checksum":"2500c4a0dbc3f235432484ee8ea6fec7"},{"path":"\/static\/images\/set2.png","checksum":"3c0338f8820b0c913330a730c739b241"},{"path":"\/static\/images\/wx.png","checksum":"154cb76bed6788afe1e033264ad5d6f1"},{"path":"\/static\/images\/wx1.png","checksum":"a383fd43a1ae20c6fb2b0d493244438b"},{"path":"\/static\/mobile\/css\/account.css","checksum":"df4f89448b22c2a49f2b669e02a339d2"},{"path":"\/static\/mobile\/css\/auth.css","checksum":"1cf99b78554abceaa6bc0d428a248fd2"},{"path":"\/static\/mobile\/css\/details.css","checksum":"493d434e0fd27ff1bb497883a87d38f2"},{"path":"\/static\/mobile\/css\/index.css","checksum":"22b6792e7b74e89a6ecc22d261965bd5"},{"path":"\/static\/mobile\/css\/jquery-weui.min.css","checksum":"9f6791c3f0b53db95d7d9b0ab39543b6"},{"path":"\/static\/mobile\/css\/member.css","checksum":"c04c59b5e9c408179240169bda9ef964"},{"path":"\/static\/mobile\/css\/message.css","checksum":"fc4051b8546faf2afb9a4c8755891cd9"},{"path":"\/static\/mobile\/css\/mybuy.css","checksum":"af1ef0d3a7fffd2f6cd931a6e256dedd"},{"path":"\/static\/mobile\/css\/new_file.css","checksum":"08b9fc7a19fc37ddf87df3fdf94705aa"},{"path":"\/static\/mobile\/css\/profile.css","checksum":"041b519bf8ef8dedc07cebb176829d46"},{"path":"\/static\/mobile\/css\/publish.css","checksum":"96cd92afb224a8e076cb7540fa08de29"},{"path":"\/static\/mobile\/css\/reset.css","checksum":"d5ca721578d716c164987e942e2085a2"},{"path":"\/static\/mobile\/css\/weui.css","checksum":"081b054ee35de8480366f6b1ba0ee853"},{"path":"\/static\/mobile\/img\/Arrow_left_icon.png","checksum":"01388b556921d38bd3159b5aa42de583"},{"path":"\/static\/mobile\/img\/bg.png","checksum":"a97040928f44aa44312fe03fc1c0fff8"},{"path":"\/static\/mobile\/img\/bianxie.png","checksum":"4b8ab3943eb713967ff178b116fc90fd"},{"path":"\/static\/mobile\/img\/biao.png","checksum":"783a0dd26cea75a4e33b5fd4df15ec04"},{"path":"\/static\/mobile\/img\/buy1.png","checksum":"d27907c6cfd2e708b43554c04f17172b"},{"path":"\/static\/mobile\/img\/chongzhi2.png","checksum":"8b5a5781ff5a29966a9b753477336818"},{"path":"\/static\/mobile\/img\/erweima.png","checksum":"8e5b33be1c5194bbae60826e5d8a66d7"},{"path":"\/static\/mobile\/img\/fabu.png","checksum":"df9b2a4516026c77efab653cb7bcfdd8"},{"path":"\/static\/mobile\/img\/fenlei.png","checksum":"f62ebd83c25916cc53902fabfd3a6d0a"},{"path":"\/static\/mobile\/img\/h1.png","checksum":"17a8fc0907822afcd030724102416890"},{"path":"\/static\/mobile\/img\/head.jpg","checksum":"d71ac4596401c0460998e795222d61d9"},{"path":"\/static\/mobile\/img\/intro.png","checksum":"39ae1c3799f754bc41a0ad0204ae704a"},{"path":"\/static\/mobile\/img\/jia.png","checksum":"c9466289eb8bba176d075bbef794435d"},{"path":"\/static\/mobile\/img\/kefu.png","checksum":"dbd110529978726543fdb9a51571a50a"},{"path":"\/static\/mobile\/img\/mingxi.png","checksum":"33b472610446cff1f3dad9e6b2f2c0ad"},{"path":"\/static\/mobile\/img\/set.png","checksum":"b5ce28daa675ccdf0afcb54e634a293d"},{"path":"\/static\/mobile\/img\/shangji3.png","checksum":"f7dfc7830cd7aeac342f3cc4eccace04"},{"path":"\/static\/mobile\/img\/tap\/f0.png","checksum":"f02cab2a07865818259cf561d55c42af"},{"path":"\/static\/mobile\/img\/tap\/f1.png","checksum":"b47058777a41aab563ca75c01cd5ef01"},{"path":"\/static\/mobile\/img\/tap\/h0.png","checksum":"02bcfb6df6840269d97b39f6b7153fef"},{"path":"\/static\/mobile\/img\/tap\/h1.png","checksum":"17a8fc0907822afcd030724102416890"},{"path":"\/static\/mobile\/img\/tap\/m0.png","checksum":"94d9d3680a046e0e545cc3ebc6de8db6"},{"path":"\/static\/mobile\/img\/tap\/m1.png","checksum":"9981aa77951dd0cd98867276f20bc98b"},{"path":"\/static\/mobile\/img\/tap\/s0.png","checksum":"63579ed4d1bbe8f6062ba59f0d752945"},{"path":"\/static\/mobile\/img\/tap\/s1.png","checksum":"86317e6be2efe66a5d2262c5959e8a8f"},{"path":"\/static\/mobile\/img\/totop.png","checksum":"a45e15bb0b592341054c1e30eb54ae08"},{"path":"\/static\/mobile\/img\/\u256c\u00f3\u2568\u253c\u2550\u255d\u255e\u00bc_20181213225506.png","checksum":"037a4a613943578f5794461a9bb075d5"},{"path":"\/static\/mobile\/js\/account.js","checksum":"e6e10d982150b1d6e42283e0471178ef"},{"path":"\/static\/mobile\/js\/auth.js","checksum":"30f96bbe2e36928a9a214da1ae6e9d4e"},{"path":"\/static\/mobile\/js\/base1.js","checksum":"6a02564bab15660a47d70bafeb0bec3b"},{"path":"\/static\/mobile\/js\/circleChart.es5.min.js","checksum":"77dab44b61863ced7263a7190e6a1f57"},{"path":"\/static\/mobile\/js\/circleChart.min.js","checksum":"33dc63ce6d9df20a36a7c428d00246f7"},{"path":"\/static\/mobile\/js\/city-picker.min.js","checksum":"ba6d1bb918b12cd5bfbb63d2e593ddad"},{"path":"\/static\/mobile\/js\/details.js","checksum":"d9764b12152ca2725006ea6750b82c04"},{"path":"\/static\/mobile\/js\/index.js","checksum":"3226d513c0f899708a07df5aa1444192"},{"path":"\/static\/mobile\/js\/jquery-2.2.4.min.js","checksum":"710458dd559c957714ac4a8e95357eb5"},{"path":"\/static\/mobile\/js\/jquery-3.3.1.js","checksum":"b0e8755b0ab71a0a4aea47c3b589b47e"},{"path":"\/static\/mobile\/js\/jquery-weui.min.js","checksum":"0413269baf9fa1fa00a2f0a38481b4b9"},{"path":"\/static\/mobile\/js\/member.js","checksum":"5137d63f738c4825f09726e9368ccb96"},{"path":"\/static\/mobile\/js\/message.js","checksum":"73e45c6f088d228301ae031f6a201f19"},{"path":"\/static\/mobile\/js\/messagetype.js","checksum":"9de3c3c20280f336b50cc1d0b1d0d226"},{"path":"\/static\/mobile\/js\/mybuy.js","checksum":"4b2852b00e23148b4ad1cd44b1b3d0b3"},{"path":"\/static\/mobile\/js\/profile.js","checksum":"be6b92cb595a1c837dbd664267621905"},{"path":"\/static\/mobile\/js\/publish.js","checksum":"6509f812f7f9e90057ddb5d853ced4f2"},{"path":"\/static\/mobile\/js\/search.js","checksum":"b6ff279bb8d3c7893ab6258488649036"},{"path":"\/static\/mobile\/layer\/layer.js","checksum":"b4b722614d6d4b6b5f345361b8e5355f"},{"path":"\/static\/mobile\/layer\/mobile\/layer.js","checksum":"3e4e6743822b440c3e2777e9179dbee8"},{"path":"\/static\/mobile\/layer\/mobile\/need\/layer.css","checksum":"633915e62d14a714594b95b974ee0836"},{"path":"\/static\/mobile\/layer\/theme\/default\/icon-ext.png","checksum":"ba81b24c06e2e0eac1e219405b33766b"},{"path":"\/static\/mobile\/layer\/theme\/default\/icon.png","checksum":"551539f873d9ebe0792b120a9867d399"},{"path":"\/static\/mobile\/layer\/theme\/default\/layer.css","checksum":"3d2e0d91c5c0b96abb8dbdc2234aba77"},{"path":"\/static\/mobile\/layer\/theme\/default\/loading-0.gif","checksum":"a72011ccdc2bcd23ba440f104c416193"},{"path":"\/static\/mobile\/layer\/theme\/default\/loading-1.gif","checksum":"1140bc5c7863f8e54a3c2b179e640758"},{"path":"\/static\/mobile\/layer\/theme\/default\/loading-2.gif","checksum":"50c5e3e79b276c92df6cc52caeb464f0"},{"path":"\/static\/plugin\/Validform_v5.3.2\/Validform_v5.3.2_min.js","checksum":"b83a39d41edebf6704aad1dc50298e97"},{"path":"\/static\/plugin\/echarts\/echarts.common.min.js","checksum":"6886a17c7dca33b719ee33a4117709ea"},{"path":"\/static\/plugin\/layer-v3.1.1\/layer.js","checksum":"b4b722614d6d4b6b5f345361b8e5355f"},{"path":"\/static\/plugin\/layer-v3.1.1\/mobile\/layer.js","checksum":"3e4e6743822b440c3e2777e9179dbee8"},{"path":"\/static\/plugin\/layer-v3.1.1\/mobile\/need\/layer.css","checksum":"633915e62d14a714594b95b974ee0836"},{"path":"\/static\/plugin\/layer-v3.1.1\/theme\/default\/icon-ext.png","checksum":"ba81b24c06e2e0eac1e219405b33766b"},{"path":"\/static\/plugin\/layer-v3.1.1\/theme\/default\/icon.png","checksum":"551539f873d9ebe0792b120a9867d399"},{"path":"\/static\/plugin\/layer-v3.1.1\/theme\/default\/layer.css","checksum":"3d2e0d91c5c0b96abb8dbdc2234aba77"},{"path":"\/static\/plugin\/layer-v3.1.1\/theme\/default\/loading-0.gif","checksum":"a72011ccdc2bcd23ba440f104c416193"},{"path":"\/static\/plugin\/layer-v3.1.1\/theme\/default\/loading-1.gif","checksum":"1140bc5c7863f8e54a3c2b179e640758"},{"path":"\/static\/plugin\/layer-v3.1.1\/theme\/default\/loading-2.gif","checksum":"50c5e3e79b276c92df6cc52caeb464f0"},{"path":"\/static\/wap\/css\/css.css","checksum":"7db72ef9640f0bc21c2c2db947536c7c"},{"path":"\/static\/wap\/images\/tupiangb_btn.png","checksum":"2d7af839c6e3b2ede2a777be289a8a0d"},{"path":"\/static\/wap\/layer\/layer.js","checksum":"b4b722614d6d4b6b5f345361b8e5355f"},{"path":"\/static\/wap\/layer\/mobile\/layer.js","checksum":"3e4e6743822b440c3e2777e9179dbee8"},{"path":"\/static\/wap\/layer\/mobile\/need\/layer.css","checksum":"633915e62d14a714594b95b974ee0836"},{"path":"\/static\/wap\/layer\/theme\/default\/icon-ext.png","checksum":"ba81b24c06e2e0eac1e219405b33766b"},{"path":"\/static\/wap\/layer\/theme\/default\/icon.png","checksum":"551539f873d9ebe0792b120a9867d399"},{"path":"\/static\/wap\/layer\/theme\/default\/layer.css","checksum":"3d2e0d91c5c0b96abb8dbdc2234aba77"},{"path":"\/static\/wap\/layer\/theme\/default\/loading-0.gif","checksum":"a72011ccdc2bcd23ba440f104c416193"},{"path":"\/static\/wap\/layer\/theme\/default\/loading-1.gif","checksum":"1140bc5c7863f8e54a3c2b179e640758"},{"path":"\/static\/wap\/layer\/theme\/default\/loading-2.gif","checksum":"50c5e3e79b276c92df6cc52caeb464f0"},{"path":"\/system\/classes\/application.php","checksum":"fc0a02d3e24deba8e848251355fbf83d"},{"path":"\/system\/classes\/basis.php","checksum":"7c3d26735fc34195be57dd8ed949f4f1"},{"path":"\/system\/classes\/core.php","checksum":"ad5bac9560c47f481d3ae6ba519ee930"},{"path":"\/system\/classes\/extend.php","checksum":"cbdaabfa9de45ac7df7e032f80ec0e62"},{"path":"\/system\/classes\/integral.php","checksum":"0ad00103abe51987b31ba7121d4d4796"},{"path":"\/system\/classes\/message.php","checksum":"784ccf0943e02c571b68961b2669da99"},{"path":"\/system\/classes\/messageapp.php","checksum":"0456cfa6c546479598ce9766b9c59760"},{"path":"\/system\/classes\/page.php","checksum":"e2eac9a7bc814085e7522151a225d5f0"},{"path":"\/system\/classes\/permission.php","checksum":"20097f0b86152b856e0cab040a3c8875"},{"path":"\/system\/classes\/qrcode.php","checksum":"ddfb4ba946475d790d2f0996d3dc5bbd"},{"path":"\/system\/classes\/sheshi.php","checksum":"a4a2cc0883859b8ac125c0d85db97a3a"},{"path":"\/system\/classes\/upimg.php","checksum":"e9e4cbdfeb41a68e1a54dfb42df5886d"},{"path":"\/system\/classes\/validation.php","checksum":"a26844b26ae01ce4b1f23b427f7a9426"},{"path":"\/system\/classes\/wxdata.php","checksum":"34f26da9324416922a9781061edcdb15"},{"path":"\/system\/classes\/wxpay.php","checksum":"faf917db7d99d7466ecb094ddf6bbc88"},{"path":"\/system\/classes\/wxsms.php","checksum":"1378ed6ccd39cd571648372f27ef5d9e"},{"path":"\/system\/functions.php","checksum":"533817e62adc8ec6b574c5b9eb07f54c"},{"path":"\/template\/web\/baseset\/about.html","checksum":"900f77c2d01ae51257fb2fc2510471cb"},{"path":"\/template\/web\/baseset\/about_add.html","checksum":"a0f897b737cdaad0cf73f1a940ad699d"},{"path":"\/template\/web\/baseset\/apply.html","checksum":"75aac5aa5a100a95de33fd4133abcd47"},{"path":"\/template\/web\/baseset\/index.html","checksum":"cc971aa448ad4bbd5e51749071c665ce"},{"path":"\/template\/web\/baseset\/message.html","checksum":"7c18dc5c94e6017c03fb1442ae2309b0"},{"path":"\/template\/web\/datas\/index.html","checksum":"b800300a6044de8644a3b5f16a3ab474"},{"path":"\/template\/web\/footer.html","checksum":"f7b39e8964d5dd44a490113ad4e1c84d"},{"path":"\/template\/web\/header.html","checksum":"73e0d3ca5de7630d4ad1dc00e6543671"},{"path":"\/template\/web\/header_idx.html","checksum":"fb745c3bad4556c94089a7bac6222b8b"},{"path":"\/template\/web\/home\/lunbo.html","checksum":"160c8323ca21e27aa73d5d738ecf6e0d"},{"path":"\/template\/web\/home\/lunbo_add.html","checksum":"1d2aa5354c19b1b9f4d5e56ffeebadc6"},{"path":"\/template\/web\/home\/pagesList.html","checksum":"9263f4623d93ae92d0f984877189fdd1"},{"path":"\/template\/web\/home\/pages_add.html","checksum":"8ea564d06c0bbd607534b8973f7b3f38"},{"path":"\/template\/web\/home\/priceList.html","checksum":"2e2c88ed5eb9edb91911ec758986bf8c"},{"path":"\/template\/web\/home\/price_add.html","checksum":"627e32b211e127675e41c7d439e34279"},{"path":"\/template\/web\/home\/rule.html","checksum":"ed3c19f99e24a2ce2d79dfa0c0f95989"},{"path":"\/template\/web\/home\/rule_add.html","checksum":"ddeb1e8d7974f0c7c5192d6747cb8325"},{"path":"\/template\/web\/home\/type.html","checksum":"62da1136f35b0ebda41530b76b116cd1"},{"path":"\/template\/web\/home\/type_add.html","checksum":"0c397f615e320590024fc0fd88a2d549"},{"path":"\/template\/web\/index-fuben.html","checksum":"f809a2574ad098966021ae580caa999a"},{"path":"\/template\/web\/index.html","checksum":"3efff29dd80ddd54454b11fc944a1d4b"},{"path":"\/template\/web\/jifenshop\/goodsadd.html","checksum":"951084bd3a3434c650ece6b5f5f53911"},{"path":"\/template\/web\/jifenshop\/goodslist.html","checksum":"1c12c30c592f543a95d84b727b908eab"},{"path":"\/template\/web\/jifenshop\/index.html","checksum":"26e6a08d8ed8e7c8e8c19ca2a0ed0bf4"},{"path":"\/template\/web\/jifenshop\/order.html","checksum":"1d3bc0ee725c8bbb8cc32ab218045d8e"},{"path":"\/template\/web\/member\/adminList.html","checksum":"f02008442a5aaf8dd5ebbc2a16140436"},{"path":"\/template\/web\/member\/blackList.html","checksum":"019bafb3c4c294dc2cb2d189af46fc0c"},{"path":"\/template\/web\/member\/memberList.html","checksum":"afe9e640dd8be4c143ebe8a6228340c0"},{"path":"\/template\/web\/member\/money_log.html","checksum":"e7f2dd78f55752c661338bd4c59847cc"},{"path":"\/template\/web\/menu.html","checksum":"5e77587e974e761a88d382eae1f8c7d0"},{"path":"\/template\/web\/message\/uniform.html","checksum":"58f0f0d45662add9f028d60a39e7c33b"},{"path":"\/template\/web\/message\/wxapp.html","checksum":"befbe01fc5276dce4ae137af43d7c728"},{"path":"\/template\/web\/order\/cycleList.html","checksum":"8f0b2620afe3448cb04e428247e328a9"},{"path":"\/template\/web\/order\/orderList.html","checksum":"e923e8387b5b55b658f8f76351bb79ec"},{"path":"\/template\/web\/staff\/adminList.html","checksum":"9285552df83a28fe3c52172e1ac5d9e1"},{"path":"\/template\/web\/staff\/admin_edit.html","checksum":"16726a134ad86843b6d43f9b63a5683c"},{"path":"\/template\/web\/staff\/logList.html","checksum":"5727a16c5fd5749c70c3ba33baa7cc31"},{"path":"\/template\/web\/take\/goods_info.html","checksum":"7d1e2bd6de9fe0300a35aecf46eefd89"},{"path":"\/template\/web\/take\/prove.html","checksum":"f7b13dbe85bd1dcc1bb42bd019cfb63d"},{"path":"\/template\/web\/take\/prove_info.html","checksum":"1725ca4888f55684e128484b8d39358c"},{"path":"\/template\/web\/take\/takeList.html","checksum":"f6a07f7a6226a40b592d7f76f7978d20"},{"path":"\/uninstall.php","checksum":"f7dd4c6a2924663079265e8f48a206cf"},{"path":"\/upgrade.php","checksum":"ad3469b76f62f7f74aefaf1b4873f18c"},{"path":"\/wxapp.php","checksum":"cf2575b2be22164b5f50fbb498443833"}]