<?xml version="1.0" encoding="utf-8"?>
<manifest xmlns="http://www.we7.cc" versionCode="0.6,0.8,1.0">
	<application setting="false">
		<name><![CDATA[新畅商城]]></name>
		<identifie><![CDATA[xc_xinguwu]]></identifie>
		<version><![CDATA[1.8.14]]></version>
		<type><![CDATA[business]]></type>
		<ability><![CDATA[新畅商城]]></ability>
		<description><![CDATA[新畅商城]]></description>
		<author><![CDATA[]]></author>
		<url><![CDATA[]]></url>
	</application>
	<platform>
		<subscribes>
			<message type="subscribe"/>
			<message type="unsubscribe"/>
			<message type="qr"/>
			<message type="text"/>
		</subscribes>
		<handles>
			<message type="subscribe"/>
			<message type="unsubscribe"/>
			<message type="qr"/>
			<message type="text"/>
		</handles>
		<rule embed="true"/>
		<card embed="false"/>
		<supports><item type="wxapp"/></supports>
	   
	</platform>
	<bindings>
		<cover>
			<entry title="后台首页入口" do="index" state="" direct="false"/>
		</cover>
		<menu>
			<entry title="后台管理入口" do="webhome" state="" direct="false"/>
		</menu>
	</bindings>
	<permissions>
	</permissions>
	<install><![CDATA[m_install.php]]></install>
	<uninstall><![CDATA[DROP TABLE IF EXISTS `ims_xc_xinguwu_address`;
DROP TABLE IF EXISTS `ims_xc_xinguwu_autonum`;
DROP TABLE IF EXISTS `ims_xc_xinguwu_bargain`;
DROP TABLE IF EXISTS `ims_xc_xinguwu_bargain_self`;
DROP TABLE IF EXISTS `ims_xc_xinguwu_bargain_self_log`;
DROP TABLE IF EXISTS `ims_xc_xinguwu_brokerage_order`;
DROP TABLE IF EXISTS `ims_xc_xinguwu_category`;
DROP TABLE IF EXISTS `ims_xc_xinguwu_club`;
DROP TABLE IF EXISTS `ims_xc_xinguwu_club_brokerage`;
DROP TABLE IF EXISTS `ims_xc_xinguwu_club_label`;
DROP TABLE IF EXISTS `ims_xc_xinguwu_club_member`;
DROP TABLE IF EXISTS `ims_xc_xinguwu_club_statistics`;
DROP TABLE IF EXISTS `ims_xc_xinguwu_club_statistics_day`;
DROP TABLE IF EXISTS `ims_xc_xinguwu_club_statistics_month`;
DROP TABLE IF EXISTS `ims_xc_xinguwu_club_statistics_total`;
DROP TABLE IF EXISTS `ims_xc_xinguwu_club_statistics_week`;
DROP TABLE IF EXISTS `ims_xc_xinguwu_comment`;
DROP TABLE IF EXISTS `ims_xc_xinguwu_deposit_log`;
DROP TABLE IF EXISTS `ims_xc_xinguwu_distribution`;
DROP TABLE IF EXISTS `ims_xc_xinguwu_feature`;
DROP TABLE IF EXISTS `ims_xc_xinguwu_flashsale`;
DROP TABLE IF EXISTS `ims_xc_xinguwu_goods`;
DROP TABLE IF EXISTS `ims_xc_xinguwu_group_order`;
DROP TABLE IF EXISTS `ims_xc_xinguwu_group_sponsor`;
DROP TABLE IF EXISTS `ims_xc_xinguwu_group_tuxedo`;
DROP TABLE IF EXISTS `ims_xc_xinguwu_groupbuy`;
DROP TABLE IF EXISTS `ims_xc_xinguwu_label`;
DROP TABLE IF EXISTS `ims_xc_xinguwu_labelclass`;
DROP TABLE IF EXISTS `ims_xc_xinguwu_live`;
DROP TABLE IF EXISTS `ims_xc_xinguwu_live_dialog`;
DROP TABLE IF EXISTS `ims_xc_xinguwu_live_dynamic`;
DROP TABLE IF EXISTS `ims_xc_xinguwu_live_focus`;
DROP TABLE IF EXISTS `ims_xc_xinguwu_live_playback`;
DROP TABLE IF EXISTS `ims_xc_xinguwu_member`;
DROP TABLE IF EXISTS `ims_xc_xinguwu_member_amount_log`;
DROP TABLE IF EXISTS `ims_xc_xinguwu_member_exp_log`;
DROP TABLE IF EXISTS `ims_xc_xinguwu_member_score_log`;
DROP TABLE IF EXISTS `ims_xc_xinguwu_moban_user`;
DROP TABLE IF EXISTS `ims_xc_xinguwu_mycard`;
DROP TABLE IF EXISTS `ims_xc_xinguwu_online`;
DROP TABLE IF EXISTS `ims_xc_xinguwu_online_log`;
DROP TABLE IF EXISTS `ims_xc_xinguwu_order`;
DROP TABLE IF EXISTS `ims_xc_xinguwu_other`;
DROP TABLE IF EXISTS `ims_xc_xinguwu_recharge`;
DROP TABLE IF EXISTS `ims_xc_xinguwu_shop`;
DROP TABLE IF EXISTS `ims_xc_xinguwu_special`;
DROP TABLE IF EXISTS `ims_xc_xinguwu_special_like`;
DROP TABLE IF EXISTS `ims_xc_xinguwu_specialclass`;
DROP TABLE IF EXISTS `ims_xc_xinguwu_sport_chall`;
DROP TABLE IF EXISTS `ims_xc_xinguwu_sport_chall_log`;
DROP TABLE IF EXISTS `ims_xc_xinguwu_sport_coin_log`;
DROP TABLE IF EXISTS `ims_xc_xinguwu_sport_friend`;
DROP TABLE IF EXISTS `ims_xc_xinguwu_sport_good`;
DROP TABLE IF EXISTS `ims_xc_xinguwu_sport_order`;
DROP TABLE IF EXISTS `ims_xc_xinguwu_sport_step_log`;
DROP TABLE IF EXISTS `ims_xc_xinguwu_supplier`;
DROP TABLE IF EXISTS `ims_xc_xinguwu_supplier_order`;
DROP TABLE IF EXISTS `ims_xc_xinguwu_supplier_staff`;
DROP TABLE IF EXISTS `ims_xc_xinguwu_supplier_statistics`;
DROP TABLE IF EXISTS `ims_xc_xinguwu_vip`;
DROP TABLE IF EXISTS `ims_xc_xinguwu_voucher`;
]]></uninstall>
	<upgrade><![CDATA[m_upgrade.php]]></upgrade>
</manifest>