[{"path":"\/icon.jpg","checksum":"e1ad2169a9c883611a30c0e33f54b465"},{"path":"\/resource\/address\/city-picker.js","checksum":"393e7ab83d68df31b125ba050241728b"},{"path":"\/resource\/ajaxfileupload\/ajaxfileupload.js","checksum":"41d6e63d0426bd4920d0b07d29e4a327"},{"path":"\/resource\/bootstrap-tagsinput\/bootstrap-tagsinput.css","checksum":"17183122ec0408017bca5ae863d6a676"},{"path":"\/resource\/bootstrap-tagsinput\/bootstrap-tagsinput.js","checksum":"607949f0986e936c6687fd19964750a4"},{"path":"\/resource\/diy\/chage_contents.js","checksum":"b0da71297d92134d19ea3f1e2e10a054"},{"path":"\/resource\/diy\/style.css","checksum":"a3933c6c8d4e84714eae43e67b1706a6"},{"path":"\/resource\/emoji\/01.gif","checksum":"92588bc1e94a8955f476d6cdb0091dec"},{"path":"\/resource\/emoji\/02.gif","checksum":"07168a250e588070336ec11e98f73180"},{"path":"\/resource\/emoji\/03.gif","checksum":"bf90da8b7128dd464f2ccd4007ca7499"},{"path":"\/resource\/emoji\/04.gif","checksum":"d816400e0f36bad0a00db113aeb6b509"},{"path":"\/resource\/emoji\/05.gif","checksum":"c5cf60ea306a59b79550f71a911a599d"},{"path":"\/resource\/emoji\/06.gif","checksum":"b004f9d2e0e40ac252ec4cff8d3adfdf"},{"path":"\/resource\/emoji\/07.gif","checksum":"ab66e8a9ba69f370343b0c0a37ce254e"},{"path":"\/resource\/emoji\/08.gif","checksum":"2f68e2d84c9b7c593dfa03471d6daa1d"},{"path":"\/resource\/emoji\/09.gif","checksum":"9ea4861ab0fdb7842ddf628a9a24707f"},{"path":"\/resource\/emoji\/10.gif","checksum":"d6bab74b7ee6f8b4ca147cb1edde3080"},{"path":"\/resource\/emoji\/11.gif","checksum":"31ef4bcc34f1aadc35c923265d8d6c4a"},{"path":"\/resource\/emoji\/12.gif","checksum":"f2f24ead97e0bf664193a535d31e6ac3"},{"path":"\/resource\/emoji\/13.gif","checksum":"620d12101aeec84d2d0a8c77100ffe0c"},{"path":"\/resource\/emoji\/14.gif","checksum":"6ef9572b33bfbfdff45abf141ca2a9be"},{"path":"\/resource\/emoji\/15.gif","checksum":"1af3dacd558fa7c91833df58dfd8d985"},{"path":"\/resource\/emoji\/16.gif","checksum":"fd1142e29b0307cd3eaa857c9231763e"},{"path":"\/resource\/emoji\/17.gif","checksum":"f8451ac7b68b753656d018b8bfdfcf73"},{"path":"\/resource\/emoji\/18.gif","checksum":"5751314de69e6bafb7488d8033d2ffda"},{"path":"\/resource\/emoji\/19.gif","checksum":"eac1a14fe16d52119c4cce2a45ee3571"},{"path":"\/resource\/emoji\/21.gif","checksum":"6fff041cce9c355bf565078747950dbc"},{"path":"\/resource\/emoji\/22.gif","checksum":"c72abaf967aa5df1f7358c958d6c5895"},{"path":"\/resource\/emoji\/23.gif","checksum":"a6721bdd6c228b065da98420c617ecc3"},{"path":"\/resource\/emoji\/24.gif","checksum":"f8647a306f62a8ad4faa44a18e0cd530"},{"path":"\/resource\/emoji\/25.gif","checksum":"36236ab3c9873316ef9a6d84718ca1f3"},{"path":"\/resource\/emoji\/26.gif","checksum":"87e94503fda8406d8d8a7ef5d350f9cd"},{"path":"\/resource\/emoji\/27.gif","checksum":"efc2f8f110a089c387d9ec6dcc9ebd4e"},{"path":"\/resource\/emoji\/28.gif","checksum":"9f669f47fad8149c406522a6cadb60d2"},{"path":"\/resource\/emoji\/29.gif","checksum":"126876c11becbdaf142ef0a42e866236"},{"path":"\/resource\/emoji\/30.gif","checksum":"580ee31409f008f629d416cbf0be825e"},{"path":"\/resource\/emoji\/31.gif","checksum":"7b9272aacfe4bb3eabe24677995f78b0"},{"path":"\/resource\/emoji\/32.gif","checksum":"08fcb17659c9f89f4679a326faa02a9d"},{"path":"\/resource\/emoji\/33.gif","checksum":"d4273ac35e751b4d271ea555cf9e4286"},{"path":"\/resource\/emoji\/34.gif","checksum":"6a657e3f2563385ea973f8e72672f7c9"},{"path":"\/resource\/emoji\/35.gif","checksum":"5050f4c158acd39f6aace0e1fc1d71cc"},{"path":"\/resource\/emoji\/36.gif","checksum":"fc6097ca62831981dc104364d0ffe58c"},{"path":"\/resource\/emoji\/37.gif","checksum":"609d95f0c8434bfbc7bac9aa4870b163"},{"path":"\/resource\/emoji\/38.gif","checksum":"613674f8ad979183f49bb444d4fdb554"},{"path":"\/resource\/emoji\/39.gif","checksum":"205b95779f0382b6b2e37702aa7c6485"},{"path":"\/resource\/emoji\/40.gif","checksum":"3b9d2ba2e87bef91e56e9127d56aa546"},{"path":"\/resource\/emoji\/41.gif","checksum":"556b7deede0a5297cb17b4c07fc5ec68"},{"path":"\/resource\/emoji\/42.gif","checksum":"f5a0be56417b831f18db47b7651d15e5"},{"path":"\/resource\/emoji\/43.gif","checksum":"de4a643091c6c86ea6683e0488c5ceb3"},{"path":"\/resource\/emoji\/44.gif","checksum":"63a6b3b5e78974d4fc752839706dc470"},{"path":"\/resource\/emoji\/45.gif","checksum":"faad0cd9527eb5e99921667df2a2bcc5"},{"path":"\/resource\/emoji\/46.gif","checksum":"753b9b92396bbace2a948f682d25c789"},{"path":"\/resource\/emoji\/47.gif","checksum":"5bf4d795265f48477c2d9f07b74f8ecd"},{"path":"\/resource\/emoji\/48.gif","checksum":"73b1d0f25b03a090d5d34abd28d3d430"},{"path":"\/resource\/emoji\/49.gif","checksum":"b9829a380ae4fdd8782e7579ea54a68b"},{"path":"\/resource\/emoji\/50.gif","checksum":"dad0f5c7a9733dd54b4638825c87bac5"},{"path":"\/resource\/emoji\/51.gif","checksum":"1cc2dc29bddccc1bb27496ec994f2eee"},{"path":"\/resource\/emoji\/52.gif","checksum":"87afe2274e0e27314377e66900ca7797"},{"path":"\/resource\/emoji\/53.gif","checksum":"75ebc9e768941c649eb9b17f03ba4faf"},{"path":"\/resource\/emoji\/54.gif","checksum":"5e8faee648e64b0d11e556593fe16a7f"},{"path":"\/resource\/emoji\/55.gif","checksum":"755435edbdb75253afa865e8c9c86d9e"},{"path":"\/resource\/emoji\/56.gif","checksum":"6c48eafa50d2d8ce77f9bf278194d3d6"},{"path":"\/resource\/emoji\/57.gif","checksum":"cc31ff6037501965105b2949441667d3"},{"path":"\/resource\/emoji\/58.gif","checksum":"11fae2aeeea20aa7134a6a1831a9f966"},{"path":"\/resource\/emoji\/59.gif","checksum":"7184aa30253a50198b4b05467397d520"},{"path":"\/resource\/emoji\/60.gif","checksum":"f30b55511a448f4daff39152daa8cd14"},{"path":"\/resource\/emoji\/61.gif","checksum":"23cc90fc6a6a4a916a3a0740df0a266b"},{"path":"\/resource\/emoji\/62.gif","checksum":"afb50f1c5c34af7ff0625b9674f08c89"},{"path":"\/resource\/emoji\/63.gif","checksum":"5e12d397b2482ad75546b340315e4e23"},{"path":"\/resource\/emoji\/64.gif","checksum":"49a1ec6e2184160806c712913a490e73"},{"path":"\/resource\/emoji\/65.gif","checksum":"da72b1ae05f7037c145d0d108ecbd9bb"},{"path":"\/resource\/emoji\/66.gif","checksum":"b10a0611a54452c7bb2dc6ce23ae399e"},{"path":"\/resource\/emoji\/67.gif","checksum":"d35885ca05d6b58e9395257f428e4471"},{"path":"\/resource\/emoji\/68.gif","checksum":"19257e373e262e26f4e06267ee4752ec"},{"path":"\/resource\/emoji\/69.gif","checksum":"2b82e579f8e28f49cca5745f9ae96f4a"},{"path":"\/resource\/emoji\/70.gif","checksum":"da259b207b01ba7df70d82f38bf56240"},{"path":"\/resource\/emoji\/71.gif","checksum":"dff3ec6f19e9f860b56ca08ef2daa766"},{"path":"\/resource\/emoji\/72.gif","checksum":"a786f6eff46e3c4ee047a911995706e1"},{"path":"\/resource\/emoji\/73.gif","checksum":"d8f770afe3e0ee5d0f39a4276418f99f"},{"path":"\/resource\/emoji\/74.gif","checksum":"fa4594a6b493c4a0592c3a345307c5e5"},{"path":"\/resource\/emoji\/75.gif","checksum":"463da8d41012d47d30eb3b456c069444"},{"path":"\/resource\/emoji\/76.gif","checksum":"134c756ff05828ef892d4caebb66765a"},{"path":"\/resource\/emoji\/77.gif","checksum":"c88814fcee886659fd92694574859750"},{"path":"\/resource\/emoji\/78.gif","checksum":"619e886911ceb694f802ce26d79912ad"},{"path":"\/resource\/images\/baodt.png","checksum":"74491d93abb9b6217b55ae46b238f200"},{"path":"\/resource\/images\/baseqr.png","checksum":"1095271c0e643b42f4a9a38814c08bd6"},{"path":"\/resource\/images\/diy_seat\/ad.jpg","checksum":"d7f4be9332716313049e6fa39b421fd1"},{"path":"\/resource\/images\/diy_seat\/ad2.jpg","checksum":"06fcca4f311bfd986bc162b06b59f7bf"},{"path":"\/resource\/images\/list_style_1.jpg","checksum":"f85f38f15cbfe3234149cbcbd5b3b013"},{"path":"\/resource\/images\/list_style_2.jpg","checksum":"06e87a6f279f4dfdfb6480db25ae7ae7"},{"path":"\/resource\/images\/partners-1.jpg","checksum":"5a726221acf313a6827b5233c613378b"},{"path":"\/resource\/images\/special_list_1.jpg","checksum":"4f1af728318f0499caed2059807ac0da"},{"path":"\/resource\/images\/special_list_2.jpg","checksum":"789ec0cde6ae2d7db0476f7389ef2495"},{"path":"\/resource\/images\/user-banner.jpg","checksum":"0f0902f4d150387510385d22e05d6728"},{"path":"\/resource\/images\/userbanner.jpg","checksum":"6b56a261251ba0ea9158976a4114bee6"},{"path":"\/resource\/images\/voucher_list_style_1.png","checksum":"b08e40c49a851737834537db1df3a38b"},{"path":"\/resource\/images\/voucher_list_style_2.png","checksum":"cc65c17d2f966c1657e829899967ccdd"},{"path":"\/resource\/images\/voucher_list_style_3.png","checksum":"01b73b3c88aaa9605ef79346a7bda58f"},{"path":"\/resource\/images\/voucher_style_1.png","checksum":"37680f55b914a4154ca3bbbcb19512fa"},{"path":"\/resource\/images\/voucher_style_2.png","checksum":"9cd79e4f996d5b901ed9afbf19ab98cd"},{"path":"\/resource\/images\/voucher_style_3.png","checksum":"fb1af23e8d8368d998ebd3e85fd38995"},{"path":"\/resource\/images\/xload1.gif","checksum":"2fee8d1b67bcd254bc151a0f0b565364"},{"path":"\/resource\/poster\/WRYH.ttf","checksum":"18de07f35ff3a4d51099e1ba90de645f"},{"path":"\/resource\/qcode\/demoer.png","checksum":"feb8def5d9976752391bda434c3a685a"},{"path":"\/resource\/qcode\/er.js","checksum":"0522d09c83e3bc9f75605ec0e94855d0"},{"path":"\/resource\/qcode\/logo.png","checksum":"8a2908de69514f75209f103a61bb1813"},{"path":"\/resource\/qt\/account.png","checksum":"604a320ccc4a90569f7c566b5e9fda17"},{"path":"\/resource\/qt\/account_a.png","checksum":"55b1cdfe69c7036fdaf129d2e66e6eba"},{"path":"\/resource\/qt\/home.png","checksum":"7e61225476457501d71a58b0f1543557"},{"path":"\/resource\/qt\/home_a.png","checksum":"66503c4f68e7e726f49a92afba1d752e"},{"path":"\/resource\/qt\/set.png","checksum":"88a80fb2acc4db86a4f86c59e06d02a5"},{"path":"\/resource\/qt\/set_a.png","checksum":"4cc419af62c51a9af6548427d4378718"},{"path":"\/resource\/sms\/endpoints.xml","checksum":"00ad8f0f9cf2dfb314c8b20743b32a00"},{"path":"\/resource\/wxapp\/audit\/audit-contact.png","checksum":"83dfabeee6000fb548cb71164817c947"},{"path":"\/resource\/wxapp\/audit\/audit-merchant.png","checksum":"b9272f1429c35f399ee6d6c6bb5d3915"},{"path":"\/resource\/wxapp\/audit\/audit-position.png","checksum":"f22006be7ef664e8e0c557ba354d2bc4"},{"path":"\/resource\/wxapp\/audit\/audit-tell.png","checksum":"89599e1270bb2f1d8b7fdce2e7e9046d"},{"path":"\/resource\/wxapp\/audit\/audit-time.png","checksum":"15a7d6eccdf7653d2fd47aea98190a40"},{"path":"\/resource\/wxapp\/community\/nor-pos.png","checksum":"e918edd07ea98ef470f089e1477806e9"},{"path":"\/resource\/wxapp\/community\/sq-account.png","checksum":"dafff816847f32a86fe2fb83e640e056"},{"path":"\/resource\/wxapp\/community\/sq-alt-pos.png","checksum":"b63efd71fc7ae6502e6691ee7aa86d32"},{"path":"\/resource\/wxapp\/community\/sq-alt-user.png","checksum":"804041304884666773f94275be083cba"},{"path":"\/resource\/wxapp\/community\/sq-auit.png","checksum":"644fbffbe6bdc389dd88802e4dd286c4"},{"path":"\/resource\/wxapp\/community\/sq-bg.png","checksum":"083d1f6726accf3467ed64662b1ee293"},{"path":"\/resource\/wxapp\/community\/sq-call.png","checksum":"a24f5de1a52b5568f3ad89196fb7da41"},{"path":"\/resource\/wxapp\/community\/sq-con.png","checksum":"911030638eff6ea997db85e863158377"},{"path":"\/resource\/wxapp\/community\/sq-data.png","checksum":"25dac9cde61d200ada0d15e68a537f38"},{"path":"\/resource\/wxapp\/community\/sq-date-icon.png","checksum":"c32ee928fff9c99c67605a586fb81681"},{"path":"\/resource\/wxapp\/community\/sq-deposit.png","checksum":"22e3ebc0fde45139a59e25189eea8e53"},{"path":"\/resource\/wxapp\/community\/sq-edit.png","checksum":"9182fd54f5fbf3552904081524b59df8"},{"path":"\/resource\/wxapp\/community\/sq-gcall.png","checksum":"a83aa86c262f23b318ca153cd54d3f4d"},{"path":"\/resource\/wxapp\/community\/sq-get-state.png","checksum":"01c1d6a3aae8419ccb69cc40275fb4af"},{"path":"\/resource\/wxapp\/community\/sq-get.png","checksum":"44b1d4e451416379440a8598f37cad7e"},{"path":"\/resource\/wxapp\/community\/sq-group.png","checksum":"051eb1e1a7180f0205604fc5567a9968"},{"path":"\/resource\/wxapp\/community\/sq-mem-pos.png","checksum":"4816b0100486ccdde3f99486699b94f6"},{"path":"\/resource\/wxapp\/community\/sq-onekey.png","checksum":"7092edf7004545b5d491f28b9046c14d"},{"path":"\/resource\/wxapp\/community\/sq-scan.png","checksum":"8e7e80b00ac4d0acce4d3a6b0ee2a78d"},{"path":"\/resource\/wxapp\/community\/sq-sell-bg.png","checksum":"afd40c4758e9b9000aad958d419b9459"},{"path":"\/resource\/wxapp\/community\/sq-sta.png","checksum":"9822280d8203174216f05acc5bb0007e"},{"path":"\/resource\/wxapp\/community\/sq-user.png","checksum":"83531b9e643f49ede80d4043fe302ae0"},{"path":"\/resource\/wxapp\/community\/sq-wait-get.png","checksum":"163f5fc694bffe75d5c03a87e2ffa6e4"},{"path":"\/resource\/wxapp\/community\/sq-wpos.png","checksum":"54c92a4570703ed4ee1513ab188ba12e"},{"path":"\/resource\/wxapp\/community\/sq-wsercive.png","checksum":"7b7bbbc2686d35aa7446d82fc8c753b7"},{"path":"\/resource\/wxapp\/community\/sqApply-bg.png","checksum":"e7842a56a1bbd1eb7f169eebedbc203e"},{"path":"\/resource\/wxapp\/community\/sqSuccess.png","checksum":"10ecdacd1f246a7a634566335fee0cc7"},{"path":"\/resource\/wxapp\/community\/wait-claim.png","checksum":"698c5f6021b8f3b8a6240384d169812c"},{"path":"\/resource\/wxapp\/index\/index-nav1.png","checksum":"7a1941a6da8dcd44c90abfe6de5fd6b8"},{"path":"\/resource\/wxapp\/index\/index-nav2.png","checksum":"098cb83a7b0e39f500287dd53389dfed"},{"path":"\/resource\/wxapp\/index\/index-nav3.png","checksum":"8823bc87cb5ce42c4df1c7ec54f8b7c3"},{"path":"\/resource\/wxapp\/index\/index-nav4.png","checksum":"be7b3c2fc451fc3cce3120c471c9ccf0"},{"path":"\/resource\/wxapp\/index\/index-snav1.png","checksum":"01e71630288b3e566dcf4a8ec05feddc"},{"path":"\/resource\/wxapp\/index\/index-snav2.png","checksum":"c296e1d80ac62ab51988f6ac1698fc60"},{"path":"\/resource\/wxapp\/index\/index-snav3.png","checksum":"8059b3906d378ae5bb45c351121d0af7"},{"path":"\/resource\/wxapp\/index\/index-snav4.png","checksum":"40867435ac2df8fb8254f0248e475674"},{"path":"\/resource\/wxapp\/index\/living.png","checksum":"7b6c6536d795dfdd238a9906fde5ee68"},{"path":"\/resource\/wxapp\/index\/toLive.png","checksum":"4b9659c193b263e9593c3041a9c28b1d"},{"path":"\/resource\/wxapp\/live\/beauty-dis.png","checksum":"2924bc2311ce3b98afa47897dec66fab"},{"path":"\/resource\/wxapp\/live\/beauty.png","checksum":"dc7e3c8a479bc1a912714e81ecacdde1"},{"path":"\/resource\/wxapp\/live\/c-camera.png","checksum":"c52c2efe4d618f4b20d98c15902b8c92"},{"path":"\/resource\/wxapp\/live\/camera-dis.png","checksum":"5f4f5e5db79f66d7f665ce9d76552e9e"},{"path":"\/resource\/wxapp\/live\/create-close.png","checksum":"e1080582d6fcf8d43f5735ac17292e15"},{"path":"\/resource\/wxapp\/live\/dis-microphone.png","checksum":"c5320adb1b6b44939c7508aa2a0d2dd6"},{"path":"\/resource\/wxapp\/live\/dy-add.png","checksum":"cd68be0416c9d953b7e0ba985ef7f27e"},{"path":"\/resource\/wxapp\/live\/FHD.png","checksum":"285355b07882be05716bd881d2a33acc"},{"path":"\/resource\/wxapp\/live\/HD.png","checksum":"676a649b32de68c126fee17a42358b74"},{"path":"\/resource\/wxapp\/live\/hd_tips.png","checksum":"3ae1f7fc8ada31f38d4f521f1e7fc98f"},{"path":"\/resource\/wxapp\/live\/list_com.png","checksum":"f540f9bfbc4d535befee7f7338cfef59"},{"path":"\/resource\/wxapp\/live\/list_num.png","checksum":"808eb6ff74504524c93b6a9c164705d4"},{"path":"\/resource\/wxapp\/live\/live-close.png","checksum":"8ab101eac73fb9580f69b0d5bf8a2c50"},{"path":"\/resource\/wxapp\/live\/live-detail-heart.png","checksum":"c8aa9983d803bdbe917b0e41c1019134"},{"path":"\/resource\/wxapp\/live\/live_good.png","checksum":"5d0f85346d27f710bf3cd11ad2e5978e"},{"path":"\/resource\/wxapp\/live\/live_love.png","checksum":"d6920bd51bbf23d4622a39e9240e83f9"},{"path":"\/resource\/wxapp\/live\/live_tell.png","checksum":"e868cf02f674f24d662873bd85e9e2b5"},{"path":"\/resource\/wxapp\/live\/living.png","checksum":"6b87d2f5468ca97aa1963d692a714f00"},{"path":"\/resource\/wxapp\/live\/m-remark.png","checksum":"d8711635414e897cd2781ac7bf106829"},{"path":"\/resource\/wxapp\/live\/microphone.png","checksum":"3dbeedc7a400658473d729e3f47681bb"},{"path":"\/resource\/wxapp\/live\/no-dynamic.png","checksum":"a3aa051e87de5b6605ce82e4cf5c1801"},{"path":"\/resource\/wxapp\/live\/off.png","checksum":"d2047895b7cb4e242b958ceded5f37f4"},{"path":"\/resource\/wxapp\/live\/people.png","checksum":"748cd3784e9725fb83ab42051605c691"},{"path":"\/resource\/wxapp\/live\/SD.png","checksum":"81d78b9263aa8cc7544687f5346d9365"},{"path":"\/resource\/wxapp\/live\/selected.png","checksum":"2b5d14c180551e0693792934a41c5d0e"},{"path":"\/resource\/wxapp\/lottery\/corona-bg.jpg","checksum":"333119a3ee44deabfb9d68a02abbc944"},{"path":"\/resource\/wxapp\/lottery\/puzzle-bg.jpg","checksum":"360b84716f1744a7e8832ffdb6fd1be6"},{"path":"\/resource\/wxapp\/lottery\/quanyecha.jpg","checksum":"428182ce5e24bff1d3cc21736f046927"},{"path":"\/resource\/wxapp\/lottery\/scratch-off-bg.jpg","checksum":"08cdc3e300035f0f7db413c0b9e35b47"},{"path":"\/resource\/wxapp\/lottery\/slot-bg-img.jpg","checksum":"2f1ddfee4e3354197508b8d27d15e438"},{"path":"\/resource\/wxapp\/lottery\/sodoku-bg.jpg","checksum":"777bca56286b19d14fce08049c94cd5a"},{"path":"\/resource\/wxapp\/manage\/staff_apply.png","checksum":"2b0c2e42aacfb0eeb2606abe32566881"},{"path":"\/resource\/wxapp\/sport\/cha-success.png","checksum":"fa8c61010a5f9ee1453aa9f3becdbd98"},{"path":"\/resource\/wxapp\/sport\/change-list-bg.png","checksum":"5ad1dbb07e8e960743d29d08e44e1c96"},{"path":"\/resource\/wxapp\/sport\/flag.png","checksum":"63ef677d39b1f97dfa5c59e2f30a2405"},{"path":"\/resource\/wxapp\/sport\/shield.png","checksum":"0104ede4fc1e07787b94d413c46fd793"},{"path":"\/resource\/wxapp\/sport\/sport-change.png","checksum":"3e097eb0f23fda4f92b24700e95483eb"},{"path":"\/resource\/wxapp\/sport\/sport-icon.png","checksum":"1e69514668ece06be5d78ea092e89fd6"},{"path":"\/resource\/wxapp\/sport\/sport-invite.png","checksum":"ef04b9b24082e387ecd9ca2e8b926e94"},{"path":"\/resource\/wxapp\/sport\/sport-pos.png","checksum":"18223f9f11bcf0d82310a58c5598d68c"},{"path":"\/resource\/wxapp\/sport\/sport-submit-success.png","checksum":"f75c6d3c963c99832e033d1bfae1287d"},{"path":"\/resource\/wxapp\/sport\/sport-success1.png","checksum":"a1123dff67ff4f23162934b573dc010b"},{"path":"\/resource\/wxapp\/sport\/sport-success2.png","checksum":"9d40546f1f4d8060c69ac57b4d08934b"},{"path":"\/resource\/wxapp\/sport\/sport-today.png","checksum":"77edd67e87c52c7c9929b98d66664a18"},{"path":"\/resource\/wxapp\/sport\/sport-warn.png","checksum":"573cf88c7c550cc5f88597e2a4ba9dfe"},{"path":"\/resource\/wxapp\/sport\/step-change-bg.png","checksum":"54b297f9c798997dd3b389b5bf44fc7d"},{"path":"\/resource\/wxapp\/sport\/step-price.png","checksum":"2a7c9c9b417bb9458e0e0d4ba37d65d9"},{"path":"\/resource\/wxapp\/sport\/step-share-bg.png","checksum":"2ba0cad98a41499d9a53d92f8737bdcf"},{"path":"\/resource\/wxapp\/sport\/step-success.png","checksum":"9722519bf11dc12207e78486a51892eb"},{"path":"\/resource\/wxapp\/sport\/sysn.png","checksum":"e5a86016d4eb45113419d0dbf2833dae"},{"path":"\/resource\/wxapp\/sport\/trophy.png","checksum":"7a6b6c97c109302dce060aaf4bb82def"},{"path":"\/resource\/wxapp\/sport\/walk.png","checksum":"97607c428b4d8405ad4e6dd0bf6f8b4c"},{"path":"\/resource\/wxapp\/user\/--sysset.png","checksum":"ce8957362f41a9c98e3d1e6d56edebc5"},{"path":"\/resource\/wxapp\/user\/cart.png","checksum":"7d6a2ca4d21edb35d4075c15af3cbb36"},{"path":"\/resource\/wxapp\/user\/community.png","checksum":"493138aa782066032a9d5243da86b919"},{"path":"\/resource\/wxapp\/user\/community_apply.png","checksum":"67ac40a7d862b875914d0d5f7f161bcc"},{"path":"\/resource\/wxapp\/user\/distribution.png","checksum":"2f041f2bd68a3bd8aabb4fd055cfc6ad"},{"path":"\/resource\/wxapp\/user\/help.png","checksum":"35894d1aed4270c35bd91b4a2b2c7bc9"},{"path":"\/resource\/wxapp\/user\/manage.png","checksum":"bed95c7b0fa495729f761f0c1ff7778f"},{"path":"\/resource\/wxapp\/user\/mycard.png","checksum":"a5cbe37466214a9851689bf0b271ff51"},{"path":"\/resource\/wxapp\/user\/order.png","checksum":"7e220e2b7065a43394f07cdb4fdc7ddb"},{"path":"\/resource\/wxapp\/user\/position.png","checksum":"138d0f269f788ee501f407c0ff4b8087"},{"path":"\/resource\/wxapp\/user\/recharge.png","checksum":"ce8297fca3731ce6c8568feb337ffe9a"},{"path":"\/resource\/wxapp\/user\/return.png","checksum":"4a4e72f0e6d03d0d50edbe6c3ed9ea8f"},{"path":"\/resource\/wxapp\/user\/service.png","checksum":"f856746218bb0cc72a06bab8a7d5e9f6"},{"path":"\/resource\/wxapp\/user\/sysdebug.png","checksum":"e69325a62c3d344d2c795fa6d6f3bc4d"},{"path":"\/resource\/wxapp\/user\/sysset.png","checksum":"c97b356dfe1dba97ec30a588daf8fc34"},{"path":"\/resource\/wxapp\/user\/updateset.png","checksum":"b45b17f4b5c60a81881cf4920c833c49"},{"path":"\/resource\/wxapp\/user\/voucher.png","checksum":"62e664d0e5edfea9ecfc87407e1b9bb0"},{"path":"\/resource\/wxapp\/user\/wait_delivery.png","checksum":"4d20e8da38611a7727ed4190f8b40d78"},{"path":"\/resource\/wxapp\/user\/wait_pay.png","checksum":"8886849c569fa09775c404ad5d8d5ce6"},{"path":"\/resource\/wxapp\/user\/wait_send.png","checksum":"aa06f5e6e40d1136a04b9f122601e52f"},{"path":"\/template\/common\/basichead.html","checksum":"67c20cfc9ec9eb4c9859f8bcc8b0cc62"},{"path":"\/template\/common\/editfoot.html","checksum":"d45cf2d5dfc6ffb9fa601327a20aeaad"},{"path":"\/template\/common\/edithead.html","checksum":"3f23217b6da0d022de6ae4b9f5ac4303"},{"path":"\/template\/common\/link.html","checksum":"38719b386246d08b57e31889cdc94110"},{"path":"\/template\/common\/listfoot.html","checksum":"9542ac26d744f80d5696b79768940e78"},{"path":"\/template\/common\/listhead.html","checksum":"75c05716fe1413fed6470977506ce3c1"},{"path":"\/template\/common\/menu.html","checksum":"0ed25401b284879851c8f07f42b2c62e"},{"path":"\/template\/common\/qwer.html","checksum":"ec066b53cc59d3850bf8b0f73b456110"},{"path":"\/template\/common\/xcfootex.html","checksum":"1d0ddc22a4fdb24a04fe2a6c8c304a04"},{"path":"\/template\/display.html","checksum":"a571c47115dcc8a2c327452d8a6330f2"},{"path":"\/template\/mymanage\/amount\/list.html","checksum":"5a309730b9f1e8dfae7faaebbef78486"},{"path":"\/template\/mymanage\/bargain\/edit.html","checksum":"fde832932a1cae4d2f88465e25c7690e"},{"path":"\/template\/mymanage\/bargain\/list.html","checksum":"025d78f778c958e9e5766a3a827c30be"},{"path":"\/template\/mymanage\/bargain_self\/list.html","checksum":"75a03b0f92d00eb442137dba5d2a9cd6"},{"path":"\/template\/mymanage\/brokerage_order\/list.html","checksum":"868aed943d835d8691a3bd172d04cb97"},{"path":"\/template\/mymanage\/club\/edit.html","checksum":"380b41b43ed0650526f1527215b97eb8"},{"path":"\/template\/mymanage\/club\/list.html","checksum":"7e86336bd7392652ec1531cbb9b9afc9"},{"path":"\/template\/mymanage\/club_brokerage\/edit.html","checksum":"380b41b43ed0650526f1527215b97eb8"},{"path":"\/template\/mymanage\/club_brokerage\/list.html","checksum":"2ecbe93e27782f64856425255264e3c9"},{"path":"\/template\/mymanage\/club_label\/edit.html","checksum":"96df876dafa17d7c463aa90fcc92ab5e"},{"path":"\/template\/mymanage\/club_label\/list.html","checksum":"84424d76fc546ef3dce683c1639f7f42"},{"path":"\/template\/mymanage\/delivery\/edit.html","checksum":"a837a6e0bb309a6260d2f9a974a01997"},{"path":"\/template\/mymanage\/delivery\/set.html","checksum":"7d9ee3d8ac9add529d5286e3d727287e"},{"path":"\/template\/mymanage\/deposit\/list.html","checksum":"12cb1ce7ac7e5205b2fbf86a6f05550c"},{"path":"\/template\/mymanage\/distribution\/list.html","checksum":"68b450d2ad372814a3b5af8501706a7b"},{"path":"\/template\/mymanage\/distribution\/set.html","checksum":"a08e8948d21fb9ec0405b12ed51e5d83"},{"path":"\/template\/mymanage\/dis_apply\/edit.html","checksum":"380b41b43ed0650526f1527215b97eb8"},{"path":"\/template\/mymanage\/dis_apply\/list.html","checksum":"18d7ca34d632ea98c99455f429611ebf"},{"path":"\/template\/mymanage\/dis_ppt\/edit.html","checksum":"0261a39837f121d89bdd6b5fccf58d72"},{"path":"\/template\/mymanage\/dis_ppt\/list.html","checksum":"29dcddb1a5ad3ae663d12741520f4361"},{"path":"\/template\/mymanage\/diypage\/edit.html","checksum":"5da7dd25b58432a6c31e7a6bc8bc7bcd"},{"path":"\/template\/mymanage\/diypage\/edit2.html","checksum":"89960320e53ad85d2385a569293d3b0b"},{"path":"\/template\/mymanage\/diypage\/edit3.html","checksum":"f3e8fe6a2ab93c3c67b4f9097773f4bd"},{"path":"\/template\/mymanage\/diypage\/edit4.html","checksum":"4cb965616993e4726be18fb10cca8cd2"},{"path":"\/template\/mymanage\/diypage\/editcopy.html","checksum":"3be24dec7424284559d5ecb3d207b042"},{"path":"\/template\/mymanage\/diypage\/editcopy2.html","checksum":"8e565d2080964277457404de8ef70047"},{"path":"\/template\/mymanage\/diypage\/subpage\/diy_seat_data.html","checksum":"3144ffce57f6d17d1fbd62a117a3ed2d"},{"path":"\/template\/mymanage\/diypage\/subpage\/diy_template.html","checksum":"1e01e7e5145ff9d7e7dfa57d123b4221"},{"path":"\/template\/mymanage\/diypage\/subpage\/opcentcore.2html","checksum":"c1ec0ad6676194eb6e6ee3a7212c2a9f"},{"path":"\/template\/mymanage\/diypage\/subpage\/opcentcore.html","checksum":"64c0542f4e6558d8d3397d053c579f7c"},{"path":"\/template\/mymanage\/diypage\/subpage\/phone_component.html","checksum":"25bc0c47389f181fc171137eaa109fb2"},{"path":"\/template\/mymanage\/diypage\/subpage\/phone_component2.html","checksum":"47b596a56141ff0fdbcf2f928f5430fe"},{"path":"\/template\/mymanage\/exp\/edit.html","checksum":"380b41b43ed0650526f1527215b97eb8"},{"path":"\/template\/mymanage\/exp\/list.html","checksum":"1b562529bba7d3663e67485065340170"},{"path":"\/template\/mymanage\/feature\/edit.html","checksum":"23b87fec581c4cc996845a960a9a0103"},{"path":"\/template\/mymanage\/feature\/list.html","checksum":"e579ca416198e8cc3d6912d0fd749092"},{"path":"\/template\/mymanage\/flash_sale\/edit.html","checksum":"a6e8ded5b83e29bb373918d1c076acbb"},{"path":"\/template\/mymanage\/flash_sale\/list.html","checksum":"08cb6e3a50511f328318499c43a83c53"},{"path":"\/template\/mymanage\/goods\/edit.html","checksum":"2349c3d0a30e03731936962cb373432d"},{"path":"\/template\/mymanage\/goods\/edit2.html","checksum":"94ca0601c36bd02863ee554ffdc6dd40"},{"path":"\/template\/mymanage\/goods\/list.html","checksum":"f7443b04c51ce9830284c353a7e57a81"},{"path":"\/template\/mymanage\/goodsclass\/list.html","checksum":"7a006565f4720d8b525927d8cb085753"},{"path":"\/template\/mymanage\/groupbuy\/edit.html","checksum":"0271c1e3413810ee5e1b171ddcc05b06"},{"path":"\/template\/mymanage\/groupbuy\/list.html","checksum":"1121fbe1bd2e9f8ce31ea750b0ab4b39"},{"path":"\/template\/mymanage\/group_list\/list.html","checksum":"78ab6038960eced316545742b26344be"},{"path":"\/template\/mymanage\/group_order\/list.html","checksum":"aaf7fde67879a2debe68198877989b52"},{"path":"\/template\/mymanage\/intergral\/edit.html","checksum":"8e4a23050184ffeedcf9e1d46c5acd70"},{"path":"\/template\/mymanage\/intergral\/list.html","checksum":"17385f3973ccf39007761a5ab426d895"},{"path":"\/template\/mymanage\/label\/edit.html","checksum":"897150e3f71dae362eda31905ccedefa"},{"path":"\/template\/mymanage\/label\/list.html","checksum":"007b98ffbd8a8c3c3028ab188283a37d"},{"path":"\/template\/mymanage\/labelclass\/list.html","checksum":"3205d01468ef192e47c2d1714d3022c2"},{"path":"\/template\/mymanage\/live\/edit.html","checksum":"8ef97f1fcb1a4e60d8617f7e7c5f5444"},{"path":"\/template\/mymanage\/live\/list.html","checksum":"017e5f6d94d86a2ccd1e7659413af5fd"},{"path":"\/template\/mymanage\/liveback\/edit.html","checksum":"689d62ec77f8f0fa9ccf7e61ff40ab73"},{"path":"\/template\/mymanage\/liveback\/list.html","checksum":"4ebee2b65df561214ac8d1d7c75a86ef"},{"path":"\/template\/mymanage\/live_ppt\/edit.html","checksum":"dc9d53697454672346f61f71da45aeb6"},{"path":"\/template\/mymanage\/live_ppt\/list.html","checksum":"34aef6dd9ce67888a68f1749894fccd2"},{"path":"\/template\/mymanage\/lottery\/edit.html","checksum":"2b983bf4eba383870b2fd267c009a549"},{"path":"\/template\/mymanage\/lottery\/list.html","checksum":"c2b684512478628974c893165a0d145d"},{"path":"\/template\/mymanage\/lottery_log\/edit.html","checksum":"689d62ec77f8f0fa9ccf7e61ff40ab73"},{"path":"\/template\/mymanage\/lottery_log\/list.html","checksum":"ce704676dae16febe1abcb6ba25a2e31"},{"path":"\/template\/mymanage\/member\/list.html","checksum":"d71b3cca48d774c76534fd2d07df0da0"},{"path":"\/template\/mymanage\/order\/inventory.html","checksum":"08c9ee44bb81a66fbcc6ae3e0c81fc76"},{"path":"\/template\/mymanage\/order\/list.html","checksum":"97a1faaa8530ed452368b8cf764e9740"},{"path":"\/template\/mymanage\/orderabnormal\/inventory.html","checksum":"08c9ee44bb81a66fbcc6ae3e0c81fc76"},{"path":"\/template\/mymanage\/orderabnormal\/list.html","checksum":"1ec4665cdf7651ef33fa2b028fdb263c"},{"path":"\/template\/mymanage\/pagecollection\/edit.html","checksum":"910827d958e58620aa7c179946fafae5"},{"path":"\/template\/mymanage\/poster\/edit.html","checksum":"dd6546a9a50858bf85bb2613aeaf9b28"},{"path":"\/template\/mymanage\/poster\/list.html","checksum":"5b644a0945f0c1c938c997b238f47400"},{"path":"\/template\/mymanage\/ppt\/edit.html","checksum":"ab1eb231c57b09663257076e37b79ff4"},{"path":"\/template\/mymanage\/ppt\/list.html","checksum":"34aef6dd9ce67888a68f1749894fccd2"},{"path":"\/template\/mymanage\/recharge\/list.html","checksum":"b192470852f54db96cbe320930a8d75e"},{"path":"\/template\/mymanage\/refund\/list.html","checksum":"bbf861ba278f0aacadb49aa9d8dcd624"},{"path":"\/template\/mymanage\/refund_reason\/list.html","checksum":"b5ec7595256c1ebfa8b5a3ae7b4d0d9e"},{"path":"\/template\/mymanage\/score\/list.html","checksum":"92151e2b4ca29114868cfad5ba28b3cc"},{"path":"\/template\/mymanage\/score_order\/list.html","checksum":"149673b7899bd260a5ac90494f4940cf"},{"path":"\/template\/mymanage\/shop\/edit.html","checksum":"3f71e357bdbb1f9a05e9d8e82ee83007"},{"path":"\/template\/mymanage\/shop\/list.html","checksum":"b92663e0b22c39675da90d0a9bea2beb"},{"path":"\/template\/mymanage\/shop_ppt\/edit.html","checksum":"8948953eae1c7df3ded45b826d9da54f"},{"path":"\/template\/mymanage\/shop_ppt\/list.html","checksum":"29dcddb1a5ad3ae663d12741520f4361"},{"path":"\/template\/mymanage\/special\/edit.html","checksum":"42e7ad3cf5bf8ed4c52d4c502d5586e8"},{"path":"\/template\/mymanage\/special\/list.html","checksum":"c44b237543411d08514a7c07448e9d30"},{"path":"\/template\/mymanage\/specialclass\/edit.html","checksum":"1493f5c392d100ed5ff6dafc53d83075"},{"path":"\/template\/mymanage\/specialclass\/list.html","checksum":"f42b9cfccce55de2e0599d94777e5b7c"},{"path":"\/template\/mymanage\/sport_chall\/edit.html","checksum":"ef38d2247f7ca16a46cefef30ac71c02"},{"path":"\/template\/mymanage\/sport_chall\/list.html","checksum":"db9dd7ca02958903b5a3243b0858daa7"},{"path":"\/template\/mymanage\/sport_chall\/set.html","checksum":"357815f5c11f825ff1eb67771e0892eb"},{"path":"\/template\/mymanage\/sport_chall\/step.html","checksum":"78d6b8283df0e679a1be1e6c56b0a204"},{"path":"\/template\/mymanage\/sport_good\/edit.html","checksum":"c76abe25bf6dd11b1d4813f41476b094"},{"path":"\/template\/mymanage\/sport_good\/list.html","checksum":"b85b21038128d89b9b539c4e7628a6bc"},{"path":"\/template\/mymanage\/sport_order\/list.html","checksum":"c10c8d8e827491b32fde099bda0a16a8"},{"path":"\/template\/mymanage\/staff\/edit.html","checksum":"e0e27f582cce144565d3f0c4cc8b032c"},{"path":"\/template\/mymanage\/staff\/list.html","checksum":"ea7a1b728c2737296d0cc937d379692d"},{"path":"\/template\/mymanage\/staff_apply\/list.html","checksum":"9f90804c7369ce8b48bfbc18f95445d4"},{"path":"\/template\/mymanage\/supplier\/edit.html","checksum":"e5b7689bc02dc6569360902cbb336595"},{"path":"\/template\/mymanage\/supplier\/list.html","checksum":"4fa64b35b460bd384ea77b4dba9817c9"},{"path":"\/template\/mymanage\/supplier\/replenishment.html","checksum":"3138bd97c0eb1fbda5bbc407bb0d08ca"},{"path":"\/template\/mymanage\/supplier\/set.html","checksum":"9238bbf20b93a9b031f24c0944fc4ef1"},{"path":"\/template\/mymanage\/supplier_order\/edit.html","checksum":"689d62ec77f8f0fa9ccf7e61ff40ab73"},{"path":"\/template\/mymanage\/supplier_order\/list.html","checksum":"219894afff4c160d6c3200dc4f5722f5"},{"path":"\/template\/mymanage\/upgrade\/edit.html","checksum":"f179b7b5f89237bdddbcaf3b176f373e"},{"path":"\/template\/mymanage\/vip\/edit.html","checksum":"9699c8e1542a57558d5b5bb834cd116c"},{"path":"\/template\/mymanage\/vip\/list.html","checksum":"3c17ac784960cd068aba0fc386bfda96"},{"path":"\/template\/mymanage\/vip\/pageset.html","checksum":"4c1f8b091a99b330cb09a49ff23b6535"},{"path":"\/template\/mymanage\/voucher\/edit.html","checksum":"ce886333cf93c91b5f49c271d1d7ddd5"},{"path":"\/template\/mymanage\/voucher\/list.html","checksum":"ed19134d12e992fb66b919b73767f720"},{"path":"\/template\/mymanage\/webconfig\/accredit.html","checksum":"ea8bf4d8e6eb320fa7641cbe57626874"},{"path":"\/template\/mymanage\/webconfig\/ad.html","checksum":"98c76a92134deaf5c03b7301bc73afb8"},{"path":"\/template\/mymanage\/webconfig\/audit.html","checksum":"895cc917a02f94a4e56834558f4ad604"},{"path":"\/template\/mymanage\/webconfig\/closed.html","checksum":"4371f552dd779ae318da8d4ae6d300d0"},{"path":"\/template\/mymanage\/webconfig\/express_check.html","checksum":"68a671541a14b4ab671d1d60b43e94a2"},{"path":"\/template\/mymanage\/webconfig\/floaticon.html","checksum":"a8755611c0f671cc66d65bea3860fe96"},{"path":"\/template\/mymanage\/webconfig\/help.html","checksum":"b8eea83a2e22e37291bd1c742dff1f90"},{"path":"\/template\/mymanage\/webconfig\/link.html","checksum":"5a6f39c8c1b12aeaac1a11905400472e"},{"path":"\/template\/mymanage\/webconfig\/live.html","checksum":"c628cd99e39320418c130005b175440b"},{"path":"\/template\/mymanage\/webconfig\/location.html","checksum":"121adb89f42e2f919c3b816d924b6e4f"},{"path":"\/template\/mymanage\/webconfig\/minmoban.html","checksum":"c611bf490c567ea0e65db1dc0285117c"},{"path":"\/template\/mymanage\/webconfig\/nav.html","checksum":"cd55917f5de1a0eb758cbd98acb8dff8"},{"path":"\/template\/mymanage\/webconfig\/navbar.html","checksum":"60f0bdf63cd53a90f3a0bb3e994c93fe"},{"path":"\/template\/mymanage\/webconfig\/online.html","checksum":"b02001556a87090cfa1c52fc934d16ac"},{"path":"\/template\/mymanage\/webconfig\/print.html","checksum":"4ef0a3e1cd01b592f2f2fb8fd7bee30b"},{"path":"\/template\/mymanage\/webconfig\/recharge.html","checksum":"d4990bf273d6dd24193ada7aa95474e1"},{"path":"\/template\/mymanage\/webconfig\/sms.html","checksum":"12221e8801d69513a2c17947b84b68da"},{"path":"\/template\/mymanage\/webconfig\/tabbar.html","checksum":"f2673d8fc3b1185f77db8c6cd50df1d6"},{"path":"\/template\/mymanage\/webconfig\/theme.html","checksum":"c01faedb4a1add3ebcbdc576b012795e"},{"path":"\/template\/mymanage\/webconfig\/user_set.html","checksum":"87bb342cf678a7db965daff91973c3c8"},{"path":"\/template\/mymanage\/webconfig\/webset.html","checksum":"f77db28be266bebddb3a02752fb8f229"},{"path":"\/template\/mymanage\/webhome\/home.html","checksum":"1af5cb2621912bb322cfe2075a885123"},{"path":"\/template\/mymanage\/webhome\/iframe.html","checksum":"321706c467f5276ea099d5cc05eed212"},{"path":"\/template\/mymanage\/webhome\/index.html","checksum":"f4a38a9a19c80595e937481bce256637"},{"path":"\/template\/setting.html","checksum":"c1718438aa48404172819915fb3b12cc"},{"path":"\/them\/css\/custom.css","checksum":"90c44de32efdcc0708ade3adbd357c00"},{"path":"\/them\/css\/custom.min.css","checksum":"c21d482650eea6f61efc86d32779cfd1"},{"path":"\/them\/css\/poster.css","checksum":"703462235e705a3127f282d4460ba98c"},{"path":"\/them\/diyimg\/a.html","checksum":"8fc0a34825e09cc923b2bd4da55ba783"},{"path":"\/them\/diyimg\/diy_bananer1.jpg","checksum":"8e983033ddc1d57c473bf29c9553ac24"},{"path":"\/them\/diyimg\/diy_bananer2.jpg","checksum":"cc641803eee9229673198cca6937f99e"},{"path":"\/them\/diyimg\/diy_bananer3.jpg","checksum":"fae66a64b67449e57068258c72639d1e"},{"path":"\/them\/diyimg\/diy_img_num_mofu1.jpg","checksum":"9f9b6d174b00d96375e23cef83e203b1"},{"path":"\/them\/diyimg\/diy_img_num_mofu2.jpg","checksum":"bf840a6204174bb86b86f87e58d311d6"},{"path":"\/them\/diyimg\/diy_img_num_mofu3.jpg","checksum":"6502c8c821a6a581de6c4eefc13c8761"},{"path":"\/them\/diyimg\/diy_img_num_mofu4.jpg","checksum":"7018ff8075207f583b71b30b7f84f2fa"},{"path":"\/them\/diyimg\/diy_img_num_mofu5.jpg","checksum":"c1927689b39ca4ea14ee0c8ed78f0f41"},{"path":"\/them\/diyimg\/diy_img_num_mofu6.jpg","checksum":"373df59287cc2bdeeb171264134cd4eb"},{"path":"\/them\/diyimg\/form\/groupweiadddress.png","checksum":"b6bb9451d53c013163269f6455a4d6d4"},{"path":"\/them\/diyimg\/form\/postion.png","checksum":"9e02fb26f76cbd5a8b4ab3805cd773ac"},{"path":"\/them\/diyimg\/form\/upimg1.png","checksum":"50609a99182bab56eef5acf9d67be9fe"},{"path":"\/them\/diyimg\/img_num_col_1.png","checksum":"d6ff8f08815b83c3e75ce571cefce836"},{"path":"\/them\/diyimg\/img_num_col_2.png","checksum":"3684fcb7e7801a74b521a71f50836d3d"},{"path":"\/them\/diyimg\/img_num_col_3.png","checksum":"04dff1b626239861abfcd648c0ebdca8"},{"path":"\/them\/diyimg\/img_num_col_4.png","checksum":"4e53919cf80788d8d6e949349167c0a0"},{"path":"\/them\/diyimg\/menuicogood.png","checksum":"42b4c4eea051f5c26e1d8760a3170ae8"},{"path":"\/them\/diyimg\/menuicohome.png","checksum":"00a7677c0e266e84384867e20b9a4977"},{"path":"\/them\/diyimg\/menuicomy.png","checksum":"e98a2846da4cbf0bdcceb2fe10c73878"},{"path":"\/them\/diyimg\/menuicoyh.png","checksum":"0274ecb701b69a0d91bc284cc3c06703"},{"path":"\/them\/diyimg\/notice_1.png","checksum":"6bcc98868bdf2f470b478c7f6e460610"},{"path":"\/them\/diyimg\/notice_2.png","checksum":"6abecac556d0fa2fa126b9cde4068c30"},{"path":"\/them\/diyimg\/notice_3.png","checksum":"fcb5247d23a05b02e1bde38d73dfca70"},{"path":"\/them\/diyimg\/notice_4.png","checksum":"4f165f3f2da2eb5debe3f259c5703802"},{"path":"\/them\/images\/back_disabled.png","checksum":"574c1fdbe98e07b336aeee94514cba7f"},{"path":"\/them\/images\/back_enabled.png","checksum":"2998e23d43af7c7857149b0e725ccad6"},{"path":"\/them\/images\/back_enabled_hover.png","checksum":"9d29134dd5e1c2192916ef9104dd877e"},{"path":"\/them\/images\/forward_disabled.png","checksum":"72ead25432b5a84031b8333aa5fbf259"},{"path":"\/them\/images\/forward_enabled.png","checksum":"a8c664b8219ffde978db3d8308713975"},{"path":"\/them\/images\/forward_enabled_hover.png","checksum":"9be5f327f16bcad317c8ad0ae92635d8"},{"path":"\/them\/images\/loading.gif","checksum":"d0c07738ec6d3a2e304c9d91224cc0a3"},{"path":"\/them\/js\/.jshintrc","checksum":"229045ea1777aed1a6f14ebe5225166d"},{"path":"\/them\/js\/custom.js","checksum":"c3f8e75d76492e1d339bd6501250f26a"},{"path":"\/them\/js\/custom.min.js","checksum":"1990db466abb5bf89498747dc8c2be3e"},{"path":"\/them\/js\/jquery-ui.min.js","checksum":"e8c0e7e7d0b849c1fbd62cd9a3cb2efa"},{"path":"\/them\/js\/jquery.zeroclipboard.js","checksum":"2fa1be2c5aaa27299d986823bbc926c4"},{"path":"\/them\/js\/ZeroClipboard.swf","checksum":"8b5c117b88fe37e32fd34a70fdf60026"},{"path":"\/them\/js\/zresize.js","checksum":"33ba4922170e28401b8dc670e0998d09"},{"path":"\/common\/data.php","checksum":"8fe3563086ee38644d120209be8d41fb"},{"path":"\/common\/function.php","checksum":"662b0f8bcbbfb053e350236e1667c4b0"},{"path":"\/common\/site\/function.php","checksum":"8fe9ad6202fe2f560ea9cadbfe5cb721"},{"path":"\/common\/xcdataapi.php","checksum":"da2407e8757738e0c7b01e9f25ee4678"},{"path":"\/core\/onlineuser.class.php","checksum":"a863f054bd941a96b7679e3ba56f5865"},{"path":"\/inc\/mobile\/online.inc.php","checksum":"f11710fb7c284e8bef6306c88544fd7b"},{"path":"\/inc\/mobile\/sysasyn.inc.php","checksum":"55b7d7708f927cdbe24ea86924d51b1d"},{"path":"\/inc\/web\/abcd.inc.php","checksum":"70dd2ccf48dcd4becc7a666e9d6392d5"},{"path":"\/inc\/web\/bargain.inc.php","checksum":"89cd7b40c06598caf2f83f54e6207bd9"},{"path":"\/inc\/web\/bargain_self.inc.php","checksum":"945cffd2c648d2c1d3877c9175f53ec2"},{"path":"\/inc\/web\/brokerage_order.inc.php","checksum":"ffc3fa32b51acc7f0b9e287a20b44ed2"},{"path":"\/inc\/web\/club.inc.php","checksum":"55758f9ed48c7bad3cb0929c9fae9d22"},{"path":"\/inc\/web\/club_brokerage.inc.php","checksum":"883b28a9a29554e321e1b97b99afab2c"},{"path":"\/inc\/web\/club_label.inc.php","checksum":"d259aa8e5bb058da5189c6eb9404b70a"},{"path":"\/inc\/web\/deposit.inc.php","checksum":"68d60ec8ab752a4ff3f46e0bfc4ef2fe"},{"path":"\/inc\/web\/distribution.inc.php","checksum":"d209cf90b46f256030c267b1fccd6417"},{"path":"\/inc\/web\/dis_apply.inc.php","checksum":"f9490eed1794c22342d890ad1100a8d8"},{"path":"\/inc\/web\/flash_sale.inc.php","checksum":"85ae99440d8cfc1d75f32d00c052f0f4"},{"path":"\/inc\/web\/goods.inc.php","checksum":"c34fdbf7197aed28831ab875c4655157"},{"path":"\/inc\/web\/groupbuy.inc.php","checksum":"1a8b9b3215571a5ea8a0947d6c7202a0"},{"path":"\/inc\/web\/group_list.inc.php","checksum":"7a28538d23903958025061385f5c71c3"},{"path":"\/inc\/web\/group_list2.inc.php","checksum":"07f58d6e839ec4bbd8ebca14b1649c28"},{"path":"\/inc\/web\/group_order.inc.php","checksum":"9c10f032000413efae3af16fec2c63aa"},{"path":"\/inc\/web\/label.inc.php","checksum":"a7121529e4293d7c622947b251dc8c50"},{"path":"\/inc\/web\/labelclass.inc.php","checksum":"0be48dd39b04a5202575bb6c46eb37d8"},{"path":"\/inc\/web\/live.inc.php","checksum":"9043bf7c0d18d1e8692736e860942a39"},{"path":"\/inc\/web\/liveback.inc.php","checksum":"1e1e79813e5852f37dd1456ec2d600fe"},{"path":"\/inc\/web\/lottery.inc.php","checksum":"2b0dbcd464e5045ed9182e8a5b907af6"},{"path":"\/inc\/web\/lottery_log.inc.php","checksum":"4a9c282a14805a2cbb355fda868aa2c4"},{"path":"\/inc\/web\/member.inc.php","checksum":"4dcc23a099abb8622fe6468fac81fc8e"},{"path":"\/inc\/web\/order.inc.php","checksum":"5b462eb10eb34862c99f1b790370193a"},{"path":"\/inc\/web\/orderabnormal.inc.php","checksum":"3b518fff1f0f949de9d2889a5e59b72e"},{"path":"\/inc\/web\/recharge.inc.php","checksum":"e68f101d78384c69694979c959b9a3b7"},{"path":"\/inc\/web\/refund.inc.php","checksum":"4cde6a58a21607366e23094bd354ad68"},{"path":"\/inc\/web\/refund_reason.inc.php","checksum":"b129f346b0238472c6a248a9edd8aa75"},{"path":"\/inc\/web\/score_order.inc.php","checksum":"69221ad526cf8df6b565609e8d73199a"},{"path":"\/inc\/web\/shop.inc.php","checksum":"7feda86bb8ed67b95c4a7b9c2be0924b"},{"path":"\/inc\/web\/special.inc.php","checksum":"601ea2a7908b58aab482a52331faae4d"},{"path":"\/inc\/web\/sport_chall.inc.php","checksum":"b47c2b4d02df0ed3dadae65874cbfdb7"},{"path":"\/inc\/web\/sport_good.inc.php","checksum":"95f63960268ac7b033fe745c5b78176d"},{"path":"\/inc\/web\/sport_order.inc.php","checksum":"31f270f3b0aacbb17cb044d701a1d911"},{"path":"\/inc\/web\/supplier.inc.php","checksum":"e1db75697121ac1fa67981bbe4ea103d"},{"path":"\/inc\/web\/supplier_order.inc.php","checksum":"b76ba9190216a26a4955913443960864"},{"path":"\/inc\/web\/vip.inc.php","checksum":"aaf4a59a7e1a0d55a84194b4d58d9574"},{"path":"\/inc\/web\/voucher.inc.php","checksum":"2c6730f5b3798c4fa406664e51ee6e50"},{"path":"\/inc\/web\/webconfig.inc.php","checksum":"0a7cd21f32382533ecf0b31ae83c4f6a"},{"path":"\/inc\/wxapp\/devtools\/community.inc.php","checksum":"708f4673a5faea90953a78b797c89ccc"},{"path":"\/inc\/wxapp\/devtools\/distribution.inc.php","checksum":"ee25ea7b6d078a0d0f1f2f59a188367e"},{"path":"\/inc\/wxapp\/devtools\/goods.inc.php","checksum":"eec6e3ce0834162ce8cdbf7df7884c55"},{"path":"\/inc\/wxapp\/devtools\/group.inc.php","checksum":"9a92e396978c156804b04b63be1acee7"},{"path":"\/inc\/wxapp\/devtools\/index.inc.php","checksum":"a037876d496d232e95bec8cc1fbe4afc"},{"path":"\/inc\/wxapp\/devtools\/label.inc.php","checksum":"5d8b330c8da478c1ed9ca65a0bfa3406"},{"path":"\/inc\/wxapp\/devtools\/live.inc.php","checksum":"e85025ec7a9712a4e44a5f087d59175e"},{"path":"\/inc\/wxapp\/devtools\/lottery.inc.php","checksum":"e32efc421c02d196dfb5c9c8b5c9afea"},{"path":"\/inc\/wxapp\/devtools\/manage.inc.php","checksum":"2ca6ed4b5ea0933592d983be46066915"},{"path":"\/inc\/wxapp\/devtools\/minor.inc.php","checksum":"7fecd3e5541b23533043a5a31781ca8e"},{"path":"\/inc\/wxapp\/devtools\/my.inc.php","checksum":"e3c5b7f110405c50f3b2d0ce8968ca83"},{"path":"\/inc\/wxapp\/devtools\/shop.inc.php","checksum":"0ab105c521b13212db422eb39671825a"},{"path":"\/inc\/wxapp\/devtools\/special.inc.php","checksum":"5f7e4297722dbfe6edc343de02702b61"},{"path":"\/inc\/wxapp\/devtools\/sport.inc.php","checksum":"d42cb705dd0451e080558a77ad0aa91d"},{"path":"\/inc\/wxapp\/devtools\/supplier.inc.php","checksum":"e76b67d2d4fc4c1072a214a299a0a6dd"},{"path":"\/inc\/wxapp\/devtools\/uploadex.inc.php","checksum":"11123c9bb0ab410f327ba5e0edfb1723"},{"path":"\/module.php","checksum":"5054425c8df163c99fd3138d3e4f8304"},{"path":"\/processor.php","checksum":"de0e6e908090d1a3a006bfca71272d19"},{"path":"\/receiver.php","checksum":"bc0ccb7392b0cd81e263613e192cc716"},{"path":"\/resource\/aes-sample\/wxBizDataCrypt.php","checksum":"84dc1cccc9c95b99fb34dc85976c19e5"},{"path":"\/resource\/HttpClient.class.php","checksum":"7249e20fd071c9a1cadde6d51add17dc"},{"path":"\/resource\/querylist\/phpQuery.php","checksum":"0aa03b470cb035326164e50532e3d92d"},{"path":"\/resource\/querylist\/QueryList.php","checksum":"4c510dfce07db8bf1d599620600f91b6"},{"path":"\/resource\/sms\/sendSms.php","checksum":"3d542e63b3f791f679f7d562e384c4da"},{"path":"\/resource\/sms\/SignatureHelper.php","checksum":"48453f9176fa6611a70185078ed0acb3"},{"path":"\/resource\/sms\/sms.php","checksum":"cdb2c5526be359e833fc974e2721dbdc"},{"path":"\/resource\/TLS\/TLSSig.php","checksum":"9d38f696c3d3f9bd322ffc4b4ba90f10"},{"path":"\/site.php","checksum":"a98a8dc99c54e27758c886ac82509615"},{"path":"\/upgrade.php","checksum":"aa14614be089fcbc7b133b5ef743e3c2"},{"path":"\/wxapp.php","checksum":"ac433d5856e750cd932e7e2c99fa15e6"}]