<?xml version="1.0" encoding="utf-8"?>
<manifest xmlns="http://www.lanrenzhijia.com" versionCode="0.8,1.0">
	<application setting="true">
		<name><![CDATA[智慧乡村社区]]></name>
		<identifie><![CDATA[nxb_community]]></identifie>
		<version><![CDATA[6.5.5]]></version>
		<type><![CDATA[biz]]></type>
		<ability><![CDATA[智慧乡村社区]]></ability>
		<description><![CDATA[智慧乡村社区]]></description>
		<author><![CDATA[懒人源码]]></author>
		<url><![CDATA[https://www.lanrenzhijia.com]]></url>
	</application>
	<platform>
		<subscribes>
		</subscribes>
		<handles>
			<message type="text" />
			<message type="image" />
			<message type="voice" />
			<message type="video" />
			<message type="shortvideo" />
			<message type="location" />
			<message type="link" />
			<message type="subscribe" />
			<message type="qr" />
			<message type="trace" />
			<message type="click" />
			<message type="merchant_order" />
			<message type="user_get_card" />
			<message type="user_del_card" />
			<message type="user_consume_card" />
		</handles>
		<rule embed="false" />
		<card embed="false" />
		<supports>
			<item type="app" />
        </supports>
	</platform>
	<bindings>
		<cover>
			<entry title="首页入口" do="index" state="" direct="false" />
			<entry title="独立后台入口" do="manage" state="" direct="false" />
		</cover>
		<menu>
			<entry title="基础设置" do="base" state="" direct="false" />
			<entry title="广告管理" do="adv" state="" direct="false" />
			<entry title="管理员设置" do="jurisdiction" state="" direct="false" />
			<entry title="独立后台入口" do="mobile_manage" state="" direct="false" />
		</menu>
	</bindings>
	<permissions>
	</permissions>
	<install><![CDATA[install.php]]></install>
	<uninstall><![CDATA[]]></uninstall>
	<upgrade><![CDATA[upgrade.php]]></upgrade>
</manifest>