<?xml version="1.0" encoding="utf-8"?>
<manifest xmlns="http://www.we7.cc" versionCode="0.8,1.0">
	<application setting="false">
		<name><![CDATA[智慧党建云平台]]></name>
		<identifie><![CDATA[vlinke_cparty]]></identifie>
		<version><![CDATA[2.3.0]]></version>
		<type><![CDATA[business]]></type>
		<ability><![CDATA[智慧党建云平台]]></ability>
		<description><![CDATA[智慧党建云平台]]></description>
		<author><![CDATA[闲鱼资源网]]></author>
		<url><![CDATA[https://www.xianyuboke.com]]></url>
	</application>
	<platform>
		<subscribes>
		</subscribes>
		<handles>
		</handles>
		<rule embed="false" />
		<card embed="false" />
		<supports>
    		<item type="wxapp" />
        </supports>
	</platform>
	<bindings>
		<cover>
			<entry title="党员登录" do="login" state="" direct="false" />
			<entry title="系统主页" do="home" state="" direct="false" />
			<entry title="党建动态" do="arthome" state="" direct="false" />
			<entry title="党员学习" do="eduhome" state="" direct="false" />
			<entry title="在线考试" do="exahome" state="" direct="false" />
			<entry title="党员论坛" do="bbshome" state="" direct="false" />
			<entry title="监督执纪" do="suphome" state="" direct="false" />
			<entry title="志愿服务" do="serhome" state="" direct="false" />
			<entry title="组织活动" do="acthome" state="" direct="false" />
			<entry title="党费收缴" do="expcate" state="" direct="false" />
		</cover>
		<menu>
			<entry title="控制台" do="home" state="" direct="false" />
			<entry title="参数配置" do="param" state="" direct="false" />
			<entry title="组织管理" do="branch" state="" direct="false" />
			<entry title="党员管理" do="user" state="" direct="false" />
			<entry title="管理人员" do="leader" state="" direct="false" />
			<entry title="积分记录" do="integral" state="" direct="false" />
			<entry title="党员学习" do="edulesson" state="" direct="false" />
			<entry title="监督执纪" do="supreadily" state="" direct="false" />
			<entry title="组织活动" do="activity" state="" direct="false" />
			<entry title="志愿服务" do="seritem" state="" direct="false" />
			<entry title="轮播图片" do="slide" state="" direct="false" />
			<entry title="通知公告" do="notice" state="" direct="false" />
			<entry title="党建动态" do="article" state="" direct="false" />
			<entry title="在线考试" do="exapaper" state="" direct="false" />
			<entry title="党员论坛" do="bbstopic" state="" direct="false" />
			<entry title="党费收缴" do="expense" state="" direct="false" />
			<entry title="帮助中心" do="help" state="" direct="false" />
			<entry title="消息推送" do="msgmessage" state="" direct="false" />
		</menu>
		<page>
			<entry title="党员登录" do="/vlinke_cparty/pages/login/login" state="" direct="false" />
			<entry title="系统主页" do="/vlinke_cparty/pages/home/home" state="" direct="false" />
			<entry title="积分排行" do="/vlinke_cparty/pages/int/intrank" state="" direct="false" />
			<entry title="个人中心" do="/vlinke_cparty/pages/my/my" state="" direct="false" />
			<entry title="党建动态" do="/vlinke_cparty/pages/art/arthome" state="" direct="false" />
			<entry title="党员学习" do="/vlinke_cparty/pages/edu/eduhome" state="" direct="false" />
			<entry title="在线考试" do="/vlinke_cparty/pages/exa/exahome" state="" direct="false" />
			<entry title="党员论坛" do="/vlinke_cparty/pages/bbs/bbshome" state="" direct="false" />
			<entry title="监督执纪" do="/vlinke_cparty/pages/sup/suphome" state="" direct="false" />
			<entry title="志愿服务" do="/vlinke_cparty/pages/ser/serhome" state="" direct="false" />
			<entry title="组织活动" do="/vlinke_cparty/pages/act/acthome" state="" direct="false" />
			<entry title="党费收缴" do="/vlinke_cparty/pages/exp/expcate" state="" direct="false" />
		</page>
		<function>
			<entry title="管理员入口" do="admin" state="" direct="true" />
		</function>
	</bindings>
	<permissions>
	</permissions>
	<install><![CDATA[CREATE TABLE IF NOT EXISTS `ims_vlinke_cparty_actenroll` (
  `id` int(10) unsigned NOT NULL AUTO_INCREMENT,
  `uniacid` int(10) unsigned NOT NULL,
  `activityid` int(10) NOT NULL DEFAULT '0' COMMENT '活动ID',
  `userid` int(10) NOT NULL DEFAULT '0' COMMENT '用户ID',
  `utype` tinyint(4) NOT NULL DEFAULT '1' COMMENT '报名类型：1自由报名，2指定党员',
  `getval` int(10) NOT NULL DEFAULT '0' COMMENT '得分值',
  `createtime` int(10) DEFAULT '0' COMMENT '创建时间',
  `signintime` int(10) DEFAULT '0' COMMENT '签到时间',
  PRIMARY KEY (`id`)
) ENGINE=InnoDB AUTO_INCREMENT=18 DEFAULT CHARSET=utf8 ROW_FORMAT=DYNAMIC;
CREATE TABLE IF NOT EXISTS `ims_vlinke_cparty_activity` (
  `id` int(10) unsigned NOT NULL AUTO_INCREMENT,
  `uniacid` int(10) unsigned NOT NULL,
  `branchid` int(10) NOT NULL DEFAULT '0' COMMENT '组织ID',
  `title` varchar(255) NOT NULL DEFAULT '' COMMENT '活动主题',
  `tilpic` varchar(255) NOT NULL COMMENT '标题图',
  `stime` varchar(255) DEFAULT '0' COMMENT '开始时间',
  `etime` varchar(255) DEFAULT '0' COMMENT '结束时间',
  `address` varchar(255) NOT NULL DEFAULT '' COMMENT '活动地点',
  `details` text COMMENT '活动详情',
  `getval` int(10) NOT NULL DEFAULT '0' COMMENT '每人得分值',
  `status` tinyint(4) NOT NULL DEFAULT '1' COMMENT '状态：1待审核，2报名中，3已结束',
  `utype` tinyint(4) NOT NULL DEFAULT '1' COMMENT '报名类型：1自由报名，2指定党员，3指定党员&自由报名',
  `unumber` int(10) DEFAULT '0' COMMENT '报名名额上限',
  `endtime` int(10) DEFAULT '0' COMMENT '报名截止时间',
  `createtime` int(10) DEFAULT '0' COMMENT '创建时间',
  `priority` int(10) NOT NULL DEFAULT '0' COMMENT '排序',
  `issign` tinyint(4) NOT NULL DEFAULT '0' COMMENT '是否开启签到：0关闭，1开启',
  `userid` int(10) NOT NULL DEFAULT '0' COMMENT '活动组织者',
  `qrcode` varchar(255) NOT NULL COMMENT '公众号签到二维码',
  `wxappqrcode` varchar(255) NOT NULL COMMENT '小程序签到小程序码',
  PRIMARY KEY (`id`)
) ENGINE=InnoDB AUTO_INCREMENT=8 DEFAULT CHARSET=utf8 ROW_FORMAT=DYNAMIC;
CREATE TABLE IF NOT EXISTS `ims_vlinke_cparty_actmessage` (
  `id` int(10) unsigned NOT NULL AUTO_INCREMENT,
  `uniacid` int(10) unsigned NOT NULL,
  `activityid` int(10) NOT NULL DEFAULT '0' COMMENT '活动ID',
  `userid` int(10) NOT NULL DEFAULT '0' COMMENT '留言ID',
  `details` text COMMENT '评论内容',
  `picall` text COMMENT '图片',
  `createtime` int(10) DEFAULT '0' COMMENT '创建时间',
  PRIMARY KEY (`id`)
) ENGINE=InnoDB AUTO_INCREMENT=2 DEFAULT CHARSET=utf8 ROW_FORMAT=DYNAMIC;
CREATE TABLE IF NOT EXISTS `ims_vlinke_cparty_artcate` (
  `id` int(10) unsigned NOT NULL AUTO_INCREMENT,
  `uniacid` int(10) unsigned NOT NULL,
  `name` varchar(255) NOT NULL COMMENT '分类名称',
  `cicon` varchar(255) NOT NULL COMMENT '分类图标',
  `navnumber` int(10) NOT NULL DEFAULT '0' COMMENT '宣传栏导航编号：0不显示',
  `priority` int(10) NOT NULL DEFAULT '0' COMMENT '排序',
  PRIMARY KEY (`id`)
) ENGINE=InnoDB AUTO_INCREMENT=10 DEFAULT CHARSET=utf8 ROW_FORMAT=DYNAMIC;
CREATE TABLE IF NOT EXISTS `ims_vlinke_cparty_article` (
  `id` int(10) unsigned NOT NULL AUTO_INCREMENT,
  `uniacid` int(10) unsigned NOT NULL,
  `cateid` int(10) NOT NULL DEFAULT '0' COMMENT '分类ID',
  `branchid` int(10) unsigned NOT NULL COMMENT '发布组织',
  `title` varchar(255) NOT NULL COMMENT '文章标题',
  `link` varchar(255) NOT NULL COMMENT '外链',
  `tilpic` varchar(255) NOT NULL COMMENT '标题图',
  `details` text COMMENT '文章详情',
  `integral` int(10) DEFAULT '0' COMMENT '积分',
  `isslide` tinyint(4) NOT NULL DEFAULT '0' COMMENT '状态：0不推荐，1推荐轮播',
  `slidepic` varchar(255) NOT NULL COMMENT '轮播图片',
  `status` tinyint(4) NOT NULL DEFAULT '1' COMMENT '状态：1待审核，2已归档，3已隐藏',
  `priority` int(10) NOT NULL DEFAULT '0' COMMENT '排序',
  `createtime` int(10) DEFAULT '0' COMMENT '发布时间',
  PRIMARY KEY (`id`)
) ENGINE=InnoDB AUTO_INCREMENT=21 DEFAULT CHARSET=utf8 ROW_FORMAT=DYNAMIC;
CREATE TABLE IF NOT EXISTS `ims_vlinke_cparty_artmessage` (
  `id` int(10) unsigned NOT NULL AUTO_INCREMENT,
  `uniacid` int(10) unsigned NOT NULL,
  `articleid` int(10) NOT NULL DEFAULT '0' COMMENT '文章ID',
  `userid` int(10) NOT NULL DEFAULT '0' COMMENT '留言ID',
  `details` text COMMENT '评论内容',
  `picall` text COMMENT '图片',
  `createtime` int(10) DEFAULT '0' COMMENT '创建时间',
  PRIMARY KEY (`id`)
) ENGINE=InnoDB DEFAULT CHARSET=utf8 ROW_FORMAT=DYNAMIC;
CREATE TABLE IF NOT EXISTS `ims_vlinke_cparty_bbscate` (
  `id` int(10) unsigned NOT NULL AUTO_INCREMENT,
  `uniacid` int(10) unsigned NOT NULL,
  `branchid` int(10) unsigned NOT NULL COMMENT '发布组织',
  `name` varchar(255) NOT NULL COMMENT '分类名称',
  `cicon` varchar(255) NOT NULL COMMENT '分类图标',
  `ishot` tinyint(4) NOT NULL DEFAULT '1' COMMENT '是否属于热门话题：1是，2否',
  `isshow` tinyint(4) NOT NULL DEFAULT '1' COMMENT '是否显示话题：1显示，2隐藏',
  `priority` int(10) NOT NULL DEFAULT '0' COMMENT '排序',
  PRIMARY KEY (`id`)
) ENGINE=InnoDB AUTO_INCREMENT=4 DEFAULT CHARSET=utf8 ROW_FORMAT=DYNAMIC;
CREATE TABLE IF NOT EXISTS `ims_vlinke_cparty_bbscollect` (
  `id` int(10) unsigned NOT NULL AUTO_INCREMENT,
  `uniacid` int(10) unsigned NOT NULL,
  `userid` int(10) NOT NULL DEFAULT '0' COMMENT '用户ID',
  `topicid` int(10) NOT NULL DEFAULT '0' COMMENT '帖子ID',
  `createtime` int(10) DEFAULT '0' COMMENT '创建时间',
  PRIMARY KEY (`id`)
) ENGINE=InnoDB DEFAULT CHARSET=utf8 ROW_FORMAT=DYNAMIC;
CREATE TABLE IF NOT EXISTS `ims_vlinke_cparty_bbsreply` (
  `id` int(10) unsigned NOT NULL AUTO_INCREMENT,
  `uniacid` int(10) unsigned NOT NULL,
  `topicid` int(10) NOT NULL DEFAULT '0' COMMENT '帖子ID',
  `userid` int(10) NOT NULL DEFAULT '0' COMMENT '用户ID',
  `details` varchar(500) NOT NULL DEFAULT '' COMMENT '回复内容',
  `islook` tinyint(4) NOT NULL DEFAULT '0' COMMENT '是否已查看：0未查看，1已查看',
  `createtime` int(10) DEFAULT '0' COMMENT '创建时间',
  PRIMARY KEY (`id`)
) ENGINE=InnoDB DEFAULT CHARSET=utf8 ROW_FORMAT=DYNAMIC;
CREATE TABLE IF NOT EXISTS `ims_vlinke_cparty_bbstopic` (
  `id` int(10) unsigned NOT NULL AUTO_INCREMENT,
  `uniacid` int(10) unsigned NOT NULL,
  `cateid` int(10) NOT NULL DEFAULT '0' COMMENT '分类ID',
  `userid` int(10) NOT NULL DEFAULT '0' COMMENT '用户ID',
  `title` varchar(255) NOT NULL DEFAULT '' COMMENT '标题',
  `details` text COMMENT '内容',
  `picall` text COMMENT '图片',
  `vpath` varchar(255) NOT NULL DEFAULT '' COMMENT '视频',
  `createtime` int(10) DEFAULT '0' COMMENT '创建时间',
  PRIMARY KEY (`id`)
) ENGINE=InnoDB DEFAULT CHARSET=utf8 ROW_FORMAT=DYNAMIC;
CREATE TABLE IF NOT EXISTS `ims_vlinke_cparty_bbszan` (
  `id` int(10) unsigned NOT NULL AUTO_INCREMENT,
  `uniacid` int(10) unsigned NOT NULL,
  `topicid` int(10) NOT NULL DEFAULT '0' COMMENT '帖子ID',
  `userid` int(10) NOT NULL DEFAULT '0' COMMENT '用户ID',
  `createtime` int(10) DEFAULT '0' COMMENT '创建时间',
  PRIMARY KEY (`id`)
) ENGINE=InnoDB DEFAULT CHARSET=utf8 ROW_FORMAT=DYNAMIC;
CREATE TABLE IF NOT EXISTS `ims_vlinke_cparty_branch` (
  `id` int(10) unsigned NOT NULL AUTO_INCREMENT,
  `uniacid` int(10) unsigned NOT NULL,
  `scort` varchar(255) NOT NULL COMMENT '位置',
  `name` varchar(255) NOT NULL COMMENT '组织名称',
  `parentid` int(10) NOT NULL DEFAULT '0' COMMENT '上级组织ID：0为顶级',
  `blevel` tinyint(4) NOT NULL DEFAULT '1' COMMENT '组织级别：1党支部，2党总支，3党委，4单位',
  `telephone` varchar(255) NOT NULL COMMENT '电话',
  `address` varchar(255) NOT NULL COMMENT '地址',
  `lat` decimal(10,6) NOT NULL COMMENT '纬度',
  `lng` decimal(10,6) NOT NULL COMMENT '经度',
  `details` text COMMENT '组织介绍',
  `priority` int(10) NOT NULL,
  PRIMARY KEY (`id`)
) ENGINE=InnoDB AUTO_INCREMENT=15 DEFAULT CHARSET=utf8 ROW_FORMAT=DYNAMIC;
CREATE TABLE IF NOT EXISTS `ims_vlinke_cparty_educate` (
  `id` int(10) unsigned NOT NULL AUTO_INCREMENT,
  `uniacid` int(10) unsigned NOT NULL,
  `name` varchar(255) NOT NULL COMMENT '分类名称',
  `cicon` varchar(255) NOT NULL COMMENT '分类图标',
  `navnumber` int(10) NOT NULL DEFAULT '0' COMMENT '学习栏导航编号：0不显示',
  `priority` int(10) NOT NULL DEFAULT '0' COMMENT '排序',
  PRIMARY KEY (`id`)
) ENGINE=InnoDB AUTO_INCREMENT=9 DEFAULT CHARSET=utf8 ROW_FORMAT=DYNAMIC;
CREATE TABLE IF NOT EXISTS `ims_vlinke_cparty_educhapter` (
  `id` int(10) unsigned NOT NULL AUTO_INCREMENT,
  `uniacid` int(10) unsigned NOT NULL,
  `lessonid` int(10) NOT NULL DEFAULT '0' COMMENT '课程ID',
  `title` varchar(255) NOT NULL COMMENT '标题',
  `link` varchar(255) NOT NULL COMMENT '外链',
  `apath` text COMMENT '音频',
  `vpath` text COMMENT '视频',
  `details` text COMMENT '详情',
  `needtime` int(10) DEFAULT '0' COMMENT '需学习时长',
  `priority` int(10) NOT NULL DEFAULT '0' COMMENT '排序',
  `status` tinyint(4) NOT NULL DEFAULT '1' COMMENT '状态：1待审核，2已归档，3已隐藏',
  `createtime` int(10) DEFAULT '0' COMMENT '发布时间',
  PRIMARY KEY (`id`)
) ENGINE=InnoDB AUTO_INCREMENT=2 DEFAULT CHARSET=utf8 ROW_FORMAT=DYNAMIC;
CREATE TABLE IF NOT EXISTS `ims_vlinke_cparty_edulesson` (
  `id` int(10) unsigned NOT NULL AUTO_INCREMENT,
  `uniacid` int(10) unsigned NOT NULL,
  `cateid` int(10) NOT NULL DEFAULT '0' COMMENT '分类ID',
  `title` varchar(255) NOT NULL COMMENT '标题',
  `tilpic` varchar(255) NOT NULL COMMENT '标题图',
  `apath` text COMMENT '音频',
  `vpath` text COMMENT '视频',
  `details` text COMMENT '课程介绍',
  `integral` int(10) DEFAULT '0' COMMENT '积分',
  `stustatus` tinyint(4) NOT NULL DEFAULT '1' COMMENT '必选修：1必修，2选修',
  `status` tinyint(4) NOT NULL DEFAULT '1' COMMENT '状态：1更新中，2已结课，3已隐藏',
  `priority` int(10) NOT NULL DEFAULT '0' COMMENT '排序',
  `createtime` int(10) DEFAULT '0' COMMENT '发布时间',
  PRIMARY KEY (`id`)
) ENGINE=InnoDB AUTO_INCREMENT=14 DEFAULT CHARSET=utf8 ROW_FORMAT=DYNAMIC;
CREATE TABLE IF NOT EXISTS `ims_vlinke_cparty_edulog` (
  `id` int(10) unsigned NOT NULL AUTO_INCREMENT,
  `uniacid` int(10) unsigned NOT NULL,
  `userid` int(10) unsigned NOT NULL,
  `lessonid` int(10) unsigned NOT NULL,
  `chapterid` int(10) unsigned NOT NULL,
  `stutime` int(10) DEFAULT '0' COMMENT '已学习时长',
  `status` tinyint(4) NOT NULL DEFAULT '1' COMMENT '状态：1未完成，2已完成',
  `createtime` int(10) DEFAULT '0' COMMENT '创建时间',
  PRIMARY KEY (`id`)
) ENGINE=InnoDB AUTO_INCREMENT=2 DEFAULT CHARSET=utf8 ROW_FORMAT=DYNAMIC;
CREATE TABLE IF NOT EXISTS `ims_vlinke_cparty_edumessage` (
  `id` int(10) unsigned NOT NULL AUTO_INCREMENT,
  `uniacid` int(10) unsigned NOT NULL,
  `lessonid` int(10) NOT NULL DEFAULT '0' COMMENT '活动ID',
  `userid` int(10) NOT NULL DEFAULT '0' COMMENT '留言ID',
  `details` text COMMENT '评论内容',
  `picall` text COMMENT '图片',
  `createtime` int(10) DEFAULT '0' COMMENT '创建时间',
  PRIMARY KEY (`id`)
) ENGINE=InnoDB AUTO_INCREMENT=4 DEFAULT CHARSET=utf8 ROW_FORMAT=DYNAMIC;
CREATE TABLE IF NOT EXISTS `ims_vlinke_cparty_edustudy` (
  `id` int(10) unsigned NOT NULL AUTO_INCREMENT,
  `uniacid` int(10) unsigned NOT NULL,
  `userid` int(10) unsigned NOT NULL,
  `lessonid` int(10) unsigned NOT NULL,
  `getval` int(10) NOT NULL DEFAULT '0' COMMENT '得分值',
  `status` tinyint(4) NOT NULL DEFAULT '1' COMMENT '状态：1未完成，2已完成',
  `createtime` int(10) DEFAULT '0' COMMENT '创建时间',
  PRIMARY KEY (`id`)
) ENGINE=InnoDB AUTO_INCREMENT=23 DEFAULT CHARSET=utf8 ROW_FORMAT=DYNAMIC;
CREATE TABLE IF NOT EXISTS `ims_vlinke_cparty_exaanswer` (
  `id` int(10) unsigned NOT NULL AUTO_INCREMENT,
  `uniacid` int(10) unsigned NOT NULL,
  `userid` int(10) NOT NULL DEFAULT '0' COMMENT '用户ID',
  `paperid` int(10) NOT NULL DEFAULT '0' COMMENT '考试项目ID',
  `status` tinyint(4) NOT NULL DEFAULT '0' COMMENT '完成情况：0未开始，1答卷中，2已完成',
  `aright` int(10) NOT NULL DEFAULT '0' COMMENT '答对数目',
  `awrong` int(10) NOT NULL DEFAULT '0' COMMENT '答错数目',
  `setval` int(10) NOT NULL DEFAULT '0' COMMENT '总分值',
  `getval` int(10) NOT NULL DEFAULT '0' COMMENT '得分值',
  `integral` int(10) DEFAULT '0' COMMENT '积分值',
  `stime` int(10) DEFAULT '0' COMMENT '开始时间',
  `etime` int(10) DEFAULT '0' COMMENT '结束时间',
  `finishtime` int(10) DEFAULT '0' COMMENT '完成时间',
  `createtime` int(10) DEFAULT '0' COMMENT '创建时间',
  PRIMARY KEY (`id`)
) ENGINE=InnoDB DEFAULT CHARSET=utf8 ROW_FORMAT=DYNAMIC;
CREATE TABLE IF NOT EXISTS `ims_vlinke_cparty_exabank` (
  `id` int(10) unsigned NOT NULL AUTO_INCREMENT,
  `uniacid` int(10) unsigned NOT NULL,
  `cateid` int(10) NOT NULL DEFAULT '0' COMMENT '分类ID',
  `title` varchar(255) NOT NULL DEFAULT '' COMMENT '题目',
  `tilpic` varchar(255) NOT NULL COMMENT '题目附图',
  `qtype` tinyint(4) NOT NULL DEFAULT '1' COMMENT '类型：1单选题，2多选题',
  `itema` varchar(255) NOT NULL COMMENT '选择项A',
  `itemb` varchar(255) NOT NULL COMMENT '选择项B',
  `itemc` varchar(255) NOT NULL COMMENT '选择项C',
  `itemd` varchar(255) NOT NULL COMMENT '选择项D',
  `iteme` varchar(255) NOT NULL COMMENT '选择项E',
  `itemf` varchar(255) NOT NULL COMMENT '选择项F',
  `answer` varchar(255) NOT NULL COMMENT '答案',
  `aright` int(10) NOT NULL DEFAULT '0' COMMENT '答对次数',
  `awrong` int(10) NOT NULL DEFAULT '0' COMMENT '答错次数',
  PRIMARY KEY (`id`)
) ENGINE=InnoDB DEFAULT CHARSET=utf8 ROW_FORMAT=DYNAMIC;
CREATE TABLE IF NOT EXISTS `ims_vlinke_cparty_exacate` (
  `id` int(10) unsigned NOT NULL AUTO_INCREMENT,
  `uniacid` int(10) unsigned NOT NULL,
  `name` varchar(255) NOT NULL COMMENT '分类名称',
  `priority` int(10) NOT NULL DEFAULT '0' COMMENT '排序',
  PRIMARY KEY (`id`)
) ENGINE=InnoDB DEFAULT CHARSET=utf8 ROW_FORMAT=DYNAMIC;
CREATE TABLE IF NOT EXISTS `ims_vlinke_cparty_exaday` (
  `id` int(10) unsigned NOT NULL AUTO_INCREMENT,
  `uniacid` int(10) unsigned NOT NULL,
  `title` varchar(255) NOT NULL DEFAULT '' COMMENT '标题',
  `userid` int(10) NOT NULL DEFAULT '0' COMMENT '用户ID',
  `status` tinyint(4) NOT NULL DEFAULT '1' COMMENT '完成情况：1未完成，2已完成',
  `aright` int(10) NOT NULL DEFAULT '0' COMMENT '答对数目',
  `awrong` int(10) NOT NULL DEFAULT '0' COMMENT '答错数目',
  `integral` int(10) DEFAULT '0' COMMENT '积分值',
  `finishtime` int(10) DEFAULT '0' COMMENT '完成时间',
  `createtime` int(10) DEFAULT '0' COMMENT '创建时间',
  PRIMARY KEY (`id`)
) ENGINE=InnoDB DEFAULT CHARSET=utf8 ROW_FORMAT=DYNAMIC;
CREATE TABLE IF NOT EXISTS `ims_vlinke_cparty_exadevery` (
  `id` int(10) unsigned NOT NULL AUTO_INCREMENT,
  `uniacid` int(10) unsigned NOT NULL,
  `bankid` int(10) NOT NULL DEFAULT '0' COMMENT '题库试题ID',
  `aright` int(10) NOT NULL DEFAULT '0' COMMENT '答对次数',
  `awrong` int(10) NOT NULL DEFAULT '0' COMMENT '答错次数',
  `createtime` int(10) DEFAULT '0' COMMENT '添加时间',
  PRIMARY KEY (`id`)
) ENGINE=InnoDB DEFAULT CHARSET=utf8 ROW_FORMAT=DYNAMIC;
CREATE TABLE IF NOT EXISTS `ims_vlinke_cparty_exaitem` (
  `id` int(10) unsigned NOT NULL AUTO_INCREMENT,
  `uniacid` int(10) unsigned NOT NULL,
  `userid` int(10) NOT NULL DEFAULT '0' COMMENT '用户ID',
  `itype` tinyint(4) NOT NULL DEFAULT '1' COMMENT '类型：1每日测试，2考试项目',
  `foreignid` int(10) NOT NULL DEFAULT '0' COMMENT '外键ID',
  `bankid` int(10) NOT NULL DEFAULT '0' COMMENT '题库试题ID',
  `myanswer` varchar(255) NOT NULL DEFAULT '' COMMENT '答案',
  `isright` tinyint(4) NOT NULL DEFAULT '0' COMMENT '是否正确：0未答，1答错，2答对',
  `createtime` int(10) DEFAULT '0' COMMENT '创建时间',
  PRIMARY KEY (`id`)
) ENGINE=InnoDB DEFAULT CHARSET=utf8 ROW_FORMAT=DYNAMIC;
CREATE TABLE IF NOT EXISTS `ims_vlinke_cparty_exapaper` (
  `id` int(10) unsigned NOT NULL AUTO_INCREMENT,
  `uniacid` int(10) unsigned NOT NULL,
  `title` varchar(255) NOT NULL DEFAULT '' COMMENT '考试项目标题',
  `singlenum` int(10) NOT NULL DEFAULT '0' COMMENT '单选题数目',
  `singleval` int(10) NOT NULL DEFAULT '0' COMMENT '单选题分值',
  `multinum` int(10) NOT NULL DEFAULT '0' COMMENT '多选题数目',
  `multival` int(10) NOT NULL DEFAULT '0' COMMENT '多选题分值',
  `integral` int(10) DEFAULT '0' COMMENT '最高积分值',
  `timelimit` int(10) DEFAULT '0' COMMENT '考试时限（分钟）',
  `details` text COMMENT '考试说明',
  `starttime` int(10) DEFAULT '0' COMMENT '考试开始时间',
  `endtime` int(10) DEFAULT '0' COMMENT '考试截止时间',
  `createtime` int(10) DEFAULT '0' COMMENT '创建时间',
  PRIMARY KEY (`id`)
) ENGINE=InnoDB DEFAULT CHARSET=utf8 ROW_FORMAT=DYNAMIC;
CREATE TABLE IF NOT EXISTS `ims_vlinke_cparty_exapevery` (
  `id` int(10) unsigned NOT NULL AUTO_INCREMENT,
  `uniacid` int(10) unsigned NOT NULL,
  `paperid` int(10) NOT NULL DEFAULT '0' COMMENT '考试项目ID',
  `bankid` int(10) NOT NULL DEFAULT '0' COMMENT '题库试题ID',
  `aright` int(10) NOT NULL DEFAULT '0' COMMENT '答对次数',
  `awrong` int(10) NOT NULL DEFAULT '0' COMMENT '答错次数',
  PRIMARY KEY (`id`)
) ENGINE=InnoDB DEFAULT CHARSET=utf8 ROW_FORMAT=DYNAMIC;
CREATE TABLE IF NOT EXISTS `ims_vlinke_cparty_expcate` (
  `id` int(10) unsigned NOT NULL AUTO_INCREMENT,
  `uniacid` int(10) unsigned NOT NULL,
  `name` varchar(255) NOT NULL COMMENT '党费类目',
  `status` tinyint(4) NOT NULL DEFAULT '1' COMMENT '支付类型：1自由金额，2固定金额，3指定党员',
  `catemoney` decimal(10,2) NOT NULL DEFAULT '0.00' COMMENT '固定支付金额',
  `details` text COMMENT '类目说明',
  `endtime` int(10) DEFAULT '0' COMMENT '交费截止时间',
  `priority` int(10) NOT NULL DEFAULT '0' COMMENT '排序',
  PRIMARY KEY (`id`)
) ENGINE=InnoDB DEFAULT CHARSET=utf8 ROW_FORMAT=DYNAMIC;
CREATE TABLE IF NOT EXISTS `ims_vlinke_cparty_expense` (
  `id` int(10) unsigned NOT NULL AUTO_INCREMENT,
  `uniacid` int(10) unsigned NOT NULL,
  `cateid` int(10) NOT NULL DEFAULT '0' COMMENT '类目ID',
  `userid` int(10) NOT NULL,
  `paynumber` varchar(255) NOT NULL DEFAULT '' COMMENT '编号',
  `paymoney` decimal(10,2) DEFAULT '0.00' COMMENT '金额',
  `paytime` int(10) DEFAULT '0' COMMENT '支付时间',
  `remark` varchar(255) DEFAULT '' COMMENT '备注',
  `status` tinyint(4) NOT NULL DEFAULT '1' COMMENT '状态：1待支付，2已支付',
  `createtime` int(10) DEFAULT '0' COMMENT '创建时间',
  PRIMARY KEY (`id`)
) ENGINE=InnoDB DEFAULT CHARSET=utf8 ROW_FORMAT=DYNAMIC;
CREATE TABLE IF NOT EXISTS `ims_vlinke_cparty_integral` (
  `id` int(10) unsigned NOT NULL AUTO_INCREMENT,
  `uniacid` int(10) unsigned NOT NULL,
  `userid` int(10) NOT NULL DEFAULT '0' COMMENT '用户ID',
  `channel` varchar(20) NOT NULL COMMENT '类型：system系统，article浏览，edustudy学习，serlog服务',
  `foreignid` int(10) DEFAULT '0' COMMENT '外键',
  `integral` int(10) DEFAULT '0' COMMENT '积分',
  `remark` varchar(255) DEFAULT '' COMMENT '备注',
  `isrank` tinyint(4) NOT NULL DEFAULT '1' COMMENT '是否计入排行：0不计入排行，1计入排行',
  `iyear` varchar(20) DEFAULT '' COMMENT '年',
  `iseason` varchar(20) DEFAULT '' COMMENT '年季',
  `imonth` varchar(20) DEFAULT '' COMMENT '年月',
  `createtime` int(10) DEFAULT '0' COMMENT '创建时间',
  PRIMARY KEY (`id`)
) ENGINE=InnoDB AUTO_INCREMENT=24 DEFAULT CHARSET=utf8 ROW_FORMAT=DYNAMIC;
CREATE TABLE IF NOT EXISTS `ims_vlinke_cparty_leader` (
  `id` int(10) unsigned NOT NULL AUTO_INCREMENT,
  `uniacid` int(10) unsigned NOT NULL,
  `branchid` int(10) unsigned NOT NULL,
  `userid` int(10) unsigned NOT NULL,
  `leadname` varchar(255) NOT NULL COMMENT '领导职称',
  `status` tinyint(4) NOT NULL DEFAULT '1' COMMENT '是否显示在领导栏：1显示，2不显示',
  `isadmin` tinyint(4) NOT NULL DEFAULT '1' COMMENT '是否PC端管理该组织：1管理，2不管理',
  `priority` int(10) NOT NULL DEFAULT '0' COMMENT '排序',
  PRIMARY KEY (`id`)
) ENGINE=InnoDB AUTO_INCREMENT=3 DEFAULT CHARSET=utf8 ROW_FORMAT=DYNAMIC;
CREATE TABLE IF NOT EXISTS `ims_vlinke_cparty_msglog` (
  `id` int(10) unsigned NOT NULL AUTO_INCREMENT,
  `uniacid` int(10) DEFAULT '0',
  `messageid` int(10) NOT NULL DEFAULT '0' COMMENT '消息ID',
  `userid` int(10) NOT NULL DEFAULT '0' COMMENT '用户ID',
  `createtime` int(10) DEFAULT '0' COMMENT '创建时间',
  PRIMARY KEY (`id`)
) ENGINE=InnoDB DEFAULT CHARSET=utf8 ROW_FORMAT=DYNAMIC;
CREATE TABLE IF NOT EXISTS `ims_vlinke_cparty_msgmessage` (
  `id` int(10) unsigned NOT NULL AUTO_INCREMENT,
  `uniacid` int(10) DEFAULT '0',
  `templateid` varchar(50) DEFAULT '' COMMENT '模板ID',
  `templatename` varchar(20) DEFAULT '' COMMENT '模板名称',
  `title` varchar(20) DEFAULT '' COMMENT '消息标题',
  `dataarr` text COMMENT '参数组',
  `url` varchar(255) DEFAULT '' COMMENT '跳转链接',
  `miniprogram` varchar(500) DEFAULT '' COMMENT '跳转小程序',
  `createtime` int(10) DEFAULT '0' COMMENT '创建时间',
  PRIMARY KEY (`id`)
) ENGINE=InnoDB DEFAULT CHARSET=utf8 ROW_FORMAT=DYNAMIC;
CREATE TABLE IF NOT EXISTS `ims_vlinke_cparty_msgtemplate` (
  `id` int(10) unsigned NOT NULL AUTO_INCREMENT,
  `uniacid` int(10) DEFAULT '0',
  `templateid` varchar(50) DEFAULT '' COMMENT '模板ID',
  `templatename` varchar(20) DEFAULT '' COMMENT '模板名称',
  `dataarr` text COMMENT '参数组',
  PRIMARY KEY (`id`)
) ENGINE=InnoDB DEFAULT CHARSET=utf8 ROW_FORMAT=DYNAMIC;
CREATE TABLE IF NOT EXISTS `ims_vlinke_cparty_notice` (
  `id` int(10) unsigned NOT NULL AUTO_INCREMENT,
  `uniacid` int(10) unsigned NOT NULL,
  `branchid` int(10) unsigned NOT NULL COMMENT '发布组织',
  `title` varchar(255) NOT NULL DEFAULT '' COMMENT '公告主题',
  `details` text COMMENT '公告内容',
  `priority` int(10) NOT NULL DEFAULT '0' COMMENT '排序',
  `createtime` int(10) DEFAULT '0' COMMENT '创建时间',
  PRIMARY KEY (`id`)
) ENGINE=InnoDB AUTO_INCREMENT=10 DEFAULT CHARSET=utf8 ROW_FORMAT=DYNAMIC;
CREATE TABLE IF NOT EXISTS `ims_vlinke_cparty_param` (
  `id` int(10) unsigned NOT NULL AUTO_INCREMENT,
  `uniacid` int(10) unsigned NOT NULL,
  `title` varchar(255) NOT NULL COMMENT '系统名称',
  `nicktil` varchar(255) NOT NULL COMMENT '系统角色别称',
  `openhome` tinyint(4) NOT NULL DEFAULT '0' COMMENT '开放系统首页：0不开放，1开放',
  `openart` tinyint(4) NOT NULL DEFAULT '0' COMMENT '开放党建动态栏：0不开放，1开放',
  `expcount` text COMMENT '党费计算说明',
  `serintegral` int(10) DEFAULT '0' COMMENT '志愿服务积分值',
  `actintegral` int(10) DEFAULT '0' COMMENT '组织活动积分值',
  `exadaystatus` tinyint(4) NOT NULL DEFAULT '1' COMMENT '每日测试：1开启，2关闭',
  `exaeverynum` int(10) NOT NULL DEFAULT '0' COMMENT '每日答题数目',
  `exaeveryint` int(10) NOT NULL DEFAULT '0' COMMENT '每道题积分值',
  `loginpic` varchar(255) NOT NULL COMMENT '党员登录背景',
  `loginmobile` tinyint(4) NOT NULL DEFAULT '0' COMMENT '手机号：0不填写，1填写不验证，2填写并短信验证',
  `loginidnumber` tinyint(4) NOT NULL DEFAULT '0' COMMENT '身份证号：0不填写，1填写',
  `mypic` varchar(255) NOT NULL COMMENT '个人中心背景',
  `telephone` varchar(255) NOT NULL COMMENT '联系电话',
  `aboutus` text COMMENT '关于我们',
  `sharetitle` varchar(255) NOT NULL COMMENT '分享标题',
  `sharepic` varchar(255) NOT NULL COMMENT '分享小图',
  `sharedesc` varchar(255) NOT NULL COMMENT '分享描述',
  `wxappsharetitle` varchar(255) NOT NULL COMMENT '小程序分享标题',
  `wxappshareimageurl` varchar(255) NOT NULL COMMENT '小程序分享标图',
  `pclogo` varchar(255) NOT NULL COMMENT '组织管理PC端LOGO',
  `pcfoot` text COMMENT '组织管理PC端页脚信息',
  `homenav` text COMMENT '公众号首页导航',
  `homecon` text COMMENT '公众号首页展示',
  `footnav` text COMMENT '公众号底部导航',
  `mynav` text COMMENT '公众号个人中心导航',
  `wxapphomenav` text COMMENT '小程序首页导航',
  `wxapphomecon` text COMMENT '小程序首页展示',
  `wxappmynav` text COMMENT '小程序个人中心导航',
  `wxappfootnav` text COMMENT '小程序底部导航',
  PRIMARY KEY (`id`)
) ENGINE=InnoDB AUTO_INCREMENT=7 DEFAULT CHARSET=utf8 ROW_FORMAT=DYNAMIC;
CREATE TABLE IF NOT EXISTS `ims_vlinke_cparty_sercate` (
  `id` int(10) unsigned NOT NULL AUTO_INCREMENT,
  `uniacid` int(10) unsigned NOT NULL,
  `name` varchar(255) NOT NULL COMMENT '分类名称',
  `cicon` varchar(255) NOT NULL COMMENT '分类图标',
  `navnumber` int(10) NOT NULL DEFAULT '0' COMMENT '宣传栏导航编号：0不显示',
  `priority` int(10) NOT NULL DEFAULT '0' COMMENT '排序',
  PRIMARY KEY (`id`)
) ENGINE=InnoDB AUTO_INCREMENT=13 DEFAULT CHARSET=utf8 ROW_FORMAT=DYNAMIC;
CREATE TABLE IF NOT EXISTS `ims_vlinke_cparty_seritem` (
  `id` int(10) unsigned NOT NULL AUTO_INCREMENT,
  `uniacid` int(10) unsigned NOT NULL,
  `branchid` int(10) unsigned NOT NULL COMMENT '发布组织',
  `cateid` int(10) NOT NULL DEFAULT '0' COMMENT '分类ID',
  `title` varchar(255) NOT NULL DEFAULT '' COMMENT '标题',
  `tilpic` varchar(255) NOT NULL COMMENT '标题图',
  `realname` varchar(255) NOT NULL COMMENT '联系人姓名',
  `mobile` varchar(255) NOT NULL COMMENT '联系人手机号',
  `starttime` int(10) NOT NULL DEFAULT '0' COMMENT '开始时间',
  `endtime` int(10) NOT NULL DEFAULT '0' COMMENT '结束时间',
  `address` varchar(255) NOT NULL COMMENT '地点',
  `unumber` int(10) DEFAULT '0' COMMENT '招募人数',
  `getval` int(10) NOT NULL DEFAULT '0' COMMENT '每人得分值',
  `status` tinyint(4) NOT NULL DEFAULT '1' COMMENT '状态：1待审核，2招募中，3已完成',
  `details` text COMMENT '详细说明',
  `priority` int(10) NOT NULL DEFAULT '0' COMMENT '排序',
  `createtime` int(10) DEFAULT '0' COMMENT '创建时间',
  PRIMARY KEY (`id`)
) ENGINE=InnoDB AUTO_INCREMENT=7 DEFAULT CHARSET=utf8 ROW_FORMAT=DYNAMIC;
CREATE TABLE IF NOT EXISTS `ims_vlinke_cparty_serlog` (
  `id` int(10) unsigned NOT NULL AUTO_INCREMENT,
  `uniacid` int(10) unsigned NOT NULL,
  `userid` int(10) NOT NULL,
  `itemid` int(10) NOT NULL,
  `getval` int(10) NOT NULL DEFAULT '0' COMMENT '得分值',
  `createtime` int(10) DEFAULT '0' COMMENT '创建时间',
  PRIMARY KEY (`id`)
) ENGINE=InnoDB AUTO_INCREMENT=3 DEFAULT CHARSET=utf8 ROW_FORMAT=DYNAMIC;
CREATE TABLE IF NOT EXISTS `ims_vlinke_cparty_sermessage` (
  `id` int(10) unsigned NOT NULL AUTO_INCREMENT,
  `uniacid` int(10) unsigned NOT NULL,
  `itemid` int(10) NOT NULL DEFAULT '0' COMMENT '活动ID',
  `userid` int(10) NOT NULL DEFAULT '0' COMMENT '留言ID',
  `details` text COMMENT '评论内容',
  `picall` text COMMENT '图片',
  `createtime` int(10) DEFAULT '0' COMMENT '创建时间',
  PRIMARY KEY (`id`)
) ENGINE=InnoDB DEFAULT CHARSET=utf8 ROW_FORMAT=DYNAMIC;
CREATE TABLE IF NOT EXISTS `ims_vlinke_cparty_slide` (
  `id` int(10) NOT NULL AUTO_INCREMENT,
  `uniacid` int(10) DEFAULT '0',
  `position` varchar(20) NOT NULL COMMENT '位置：home主页，arthome宣传，eduhome学习，suphome监督，serhome服务',
  `title` varchar(50) DEFAULT '',
  `tilpic` varchar(255) DEFAULT '',
  `link` varchar(255) NOT NULL,
  `wxapptype` tinyint(4) NOT NULL DEFAULT '1' COMMENT '小程序链接类型：1内部网页跳转，2外部网页跳转，3关联小程序跳转',
  `wxapplink` varchar(255) NOT NULL DEFAULT '' COMMENT '小程序链接',
  `priority` int(10) NOT NULL,
  PRIMARY KEY (`id`)
) ENGINE=InnoDB AUTO_INCREMENT=27 DEFAULT CHARSET=utf8 ROW_FORMAT=DYNAMIC;
CREATE TABLE IF NOT EXISTS `ims_vlinke_cparty_supmailbox` (
  `id` int(10) unsigned NOT NULL AUTO_INCREMENT,
  `uniacid` int(10) unsigned NOT NULL,
  `userid` int(10) NOT NULL,
  `luserid` int(10) NOT NULL COMMENT '领导ID',
  `title` varchar(255) NOT NULL DEFAULT '' COMMENT '主题',
  `realname` varchar(255) NOT NULL COMMENT '姓名',
  `mobile` varchar(255) NOT NULL COMMENT '手机号',
  `details` text COMMENT '内容描述',
  `reply` text COMMENT '回复',
  `status` tinyint(4) NOT NULL DEFAULT '1' COMMENT '状态：1待回复，2已回复',
  `createtime` int(10) DEFAULT '0' COMMENT '创建时间',
  PRIMARY KEY (`id`)
) ENGINE=InnoDB DEFAULT CHARSET=utf8 ROW_FORMAT=DYNAMIC;
CREATE TABLE IF NOT EXISTS `ims_vlinke_cparty_supproposal` (
  `id` int(10) unsigned NOT NULL AUTO_INCREMENT,
  `uniacid` int(10) unsigned NOT NULL,
  `userid` int(10) NOT NULL,
  `title` varchar(255) NOT NULL DEFAULT '' COMMENT '主题',
  `realname` varchar(255) NOT NULL COMMENT '姓名',
  `mobile` varchar(255) NOT NULL COMMENT '手机号',
  `details` text COMMENT '内容描述',
  `reply` text COMMENT '回复',
  `status` tinyint(4) NOT NULL DEFAULT '1' COMMENT '状态：1待处理，2已处理',
  `createtime` int(10) DEFAULT '0' COMMENT '创建时间',
  PRIMARY KEY (`id`)
) ENGINE=InnoDB DEFAULT CHARSET=utf8 ROW_FORMAT=DYNAMIC;
CREATE TABLE IF NOT EXISTS `ims_vlinke_cparty_supreadily` (
  `id` int(10) unsigned NOT NULL AUTO_INCREMENT,
  `uniacid` int(10) unsigned NOT NULL,
  `userid` int(10) NOT NULL,
  `title` varchar(255) NOT NULL DEFAULT '' COMMENT '主题',
  `picall` text COMMENT '图片',
  `details` text COMMENT '内容描述',
  `createtime` int(10) DEFAULT '0' COMMENT '创建时间',
  PRIMARY KEY (`id`)
) ENGINE=InnoDB DEFAULT CHARSET=utf8 ROW_FORMAT=DYNAMIC;
CREATE TABLE IF NOT EXISTS `ims_vlinke_cparty_supreport` (
  `id` int(10) unsigned NOT NULL AUTO_INCREMENT,
  `uniacid` int(10) unsigned NOT NULL,
  `title` varchar(255) NOT NULL DEFAULT '' COMMENT '主题',
  `details` text COMMENT '内容',
  `picall` text COMMENT '图片',
  `reply` text COMMENT '处理结果',
  `status` tinyint(4) NOT NULL DEFAULT '1' COMMENT '状态：1待处理，2处理中，2已处理',
  `createtime` int(10) DEFAULT '0' COMMENT '创建时间',
  PRIMARY KEY (`id`)
) ENGINE=InnoDB DEFAULT CHARSET=utf8 ROW_FORMAT=DYNAMIC;
CREATE TABLE IF NOT EXISTS `ims_vlinke_cparty_user` (
  `id` int(10) unsigned NOT NULL AUTO_INCREMENT,
  `uniacid` int(10) unsigned NOT NULL,
  `branchid` int(10) NOT NULL DEFAULT '0' COMMENT '所属组织ID',
  `openid` varchar(255) NOT NULL COMMENT 'OpenID',
  `nickname` varchar(255) NOT NULL COMMENT '昵称',
  `headimgurl` varchar(255) NOT NULL COMMENT '微信头像',
  `wxappopenid` varchar(255) NOT NULL COMMENT 'wxappOpenID',
  `wxappnickname` varchar(255) NOT NULL COMMENT 'wxapp昵称',
  `wxappheadimgurl` varchar(255) NOT NULL COMMENT 'wxapp微信头像',
  `realname` varchar(255) NOT NULL COMMENT '姓名',
  `idnumber` varchar(255) NOT NULL COMMENT '身份证号',
  `mobile` varchar(255) NOT NULL COMMENT '手机号',
  `headpic` varchar(255) NOT NULL COMMENT '真实头像',
  `status` tinyint(4) NOT NULL DEFAULT '1' COMMENT '状态：1审核，2正常，3禁用',
  `integral` int(10) DEFAULT '0' COMMENT '积分',
  `ulevel` tinyint(4) NOT NULL DEFAULT '1' COMMENT '政治身份：1正式党员，2预备党员，3发展对象，4入党积极分子',
  `partyday` varchar(255) NOT NULL COMMENT '入党日期',
  `birthday` varchar(255) NOT NULL COMMENT '出生日期',
  `sex` tinyint(4) NOT NULL DEFAULT '1' COMMENT '性别：1男，2女',
  `origin` varchar(255) NOT NULL COMMENT '籍贯',
  `nation` varchar(255) NOT NULL COMMENT '民族',
  `education` varchar(255) NOT NULL COMMENT '文化程度',
  `beizhu` text COMMENT '备注信息',
  `createtime` int(10) DEFAULT '0' COMMENT '创建时间',
  `priority` int(10) NOT NULL DEFAULT '0' COMMENT '排序',
  `recycle` tinyint(4) NOT NULL DEFAULT '0' COMMENT '回收站：0正常，1已回收',
  `loginname` varchar(255) NOT NULL COMMENT '登录用户名',
  `loginpass` varchar(255) NOT NULL COMMENT '登录密码',
  PRIMARY KEY (`id`)
) ENGINE=InnoDB AUTO_INCREMENT=23 DEFAULT CHARSET=utf8 ROW_FORMAT=DYNAMIC;
]]></install>
	<uninstall><![CDATA[DROP TABLE IF EXISTS `ims_vlinke_cparty_actenroll`;
DROP TABLE IF EXISTS `ims_vlinke_cparty_activity`;
DROP TABLE IF EXISTS `ims_vlinke_cparty_actmessage`;
DROP TABLE IF EXISTS `ims_vlinke_cparty_artcate`;
DROP TABLE IF EXISTS `ims_vlinke_cparty_article`;
DROP TABLE IF EXISTS `ims_vlinke_cparty_artmessage`;
DROP TABLE IF EXISTS `ims_vlinke_cparty_bbscate`;
DROP TABLE IF EXISTS `ims_vlinke_cparty_bbscollect`;
DROP TABLE IF EXISTS `ims_vlinke_cparty_bbsreply`;
DROP TABLE IF EXISTS `ims_vlinke_cparty_bbstopic`;
DROP TABLE IF EXISTS `ims_vlinke_cparty_bbszan`;
DROP TABLE IF EXISTS `ims_vlinke_cparty_branch`;
DROP TABLE IF EXISTS `ims_vlinke_cparty_educate`;
DROP TABLE IF EXISTS `ims_vlinke_cparty_educhapter`;
DROP TABLE IF EXISTS `ims_vlinke_cparty_edulesson`;
DROP TABLE IF EXISTS `ims_vlinke_cparty_edulog`;
DROP TABLE IF EXISTS `ims_vlinke_cparty_edumessage`;
DROP TABLE IF EXISTS `ims_vlinke_cparty_edustudy`;
DROP TABLE IF EXISTS `ims_vlinke_cparty_exaanswer`;
DROP TABLE IF EXISTS `ims_vlinke_cparty_exabank`;
DROP TABLE IF EXISTS `ims_vlinke_cparty_exacate`;
DROP TABLE IF EXISTS `ims_vlinke_cparty_exaday`;
DROP TABLE IF EXISTS `ims_vlinke_cparty_exadevery`;
DROP TABLE IF EXISTS `ims_vlinke_cparty_exaitem`;
DROP TABLE IF EXISTS `ims_vlinke_cparty_exapaper`;
DROP TABLE IF EXISTS `ims_vlinke_cparty_exapevery`;
DROP TABLE IF EXISTS `ims_vlinke_cparty_expcate`;
DROP TABLE IF EXISTS `ims_vlinke_cparty_expense`;
DROP TABLE IF EXISTS `ims_vlinke_cparty_integral`;
DROP TABLE IF EXISTS `ims_vlinke_cparty_leader`;
DROP TABLE IF EXISTS `ims_vlinke_cparty_msglog`;
DROP TABLE IF EXISTS `ims_vlinke_cparty_msgmessage`;
DROP TABLE IF EXISTS `ims_vlinke_cparty_msgtemplate`;
DROP TABLE IF EXISTS `ims_vlinke_cparty_notice`;
DROP TABLE IF EXISTS `ims_vlinke_cparty_param`;
DROP TABLE IF EXISTS `ims_vlinke_cparty_sercate`;
DROP TABLE IF EXISTS `ims_vlinke_cparty_seritem`;
DROP TABLE IF EXISTS `ims_vlinke_cparty_serlog`;
DROP TABLE IF EXISTS `ims_vlinke_cparty_sermessage`;
DROP TABLE IF EXISTS `ims_vlinke_cparty_slide`;
DROP TABLE IF EXISTS `ims_vlinke_cparty_supmailbox`;
DROP TABLE IF EXISTS `ims_vlinke_cparty_supproposal`;
DROP TABLE IF EXISTS `ims_vlinke_cparty_supreadily`;
DROP TABLE IF EXISTS `ims_vlinke_cparty_supreport`;
DROP TABLE IF EXISTS `ims_vlinke_cparty_user`;
]]></uninstall>
	<upgrade><![CDATA[upgrade.php]]></upgrade>
</manifest>