<?xml version="1.0" encoding="utf-8"?>

<manifest xmlns="http://www.we7.cc" versionCode="0.8,1.0">

	<application setting="false">
		<name><![CDATA[拼多多优惠券赚钱小程序]]></name>
		<identifie><![CDATA[hc_pdd]]></identifie>
		<version><![CDATA[9.6.2]]></version>
		<type><![CDATA[activity]]></type>
		<ability><![CDATA[几十万拼多多优惠券同步，自己用省钱，宣传出去别人买赚钱，值得拥有。]]></ability>
		<description><![CDATA[几十万拼多多优惠券同步，自己用省钱，宣传出去别人买赚钱，值得拥有。]]></description>
		<author><![CDATA[懒人源码]]></author>
		<url><![CDATA[https://www.lanrenzhijia.com/]]></url>
	</application>

	<platform>
		<subscribes>
		</subscribes>

		<handles>
		</handles>

		<rule embed="false" />
		<card embed="false" />
		
		<supports>
			<item type="wxapp" />
		</supports>
        <plugins></plugins> 
        <plugin-main name="" />

	</platform>

	<bindings>
		<menu>
			<entry title="推荐管理" do="tuijian" state="" direct="false"/>
			<entry title="系统设置" do="setting" state="" direct="false"/>
			<entry title="幻灯片" do="adv" state="" direct="false"/>
			<entry title="优惠券查询" do="so" state="" direct="false"/>
			<entry title="展示位管理" do="show" state="" direct="false"/>
			<entry title="导航管理" do="nav" state="" direct="false"/>
			<entry title="公告管理" do="notice" state="" direct="false"/>
			<entry title="推广订单明细" do="orders" state="" direct="false"/>
			<entry title="推广位管理" do="member" state="" direct="false"/>
			<entry title="提现管理" do="withdrawal" state="" direct="false"/>
			<entry title="主题推荐" do="theme" state="" direct="false"/>
			<entry title="分销管理" do="commission_set" state="" direct="false"/>
			<entry title="子程序管理" do="son" state="" direct="false"/>
			<entry title="审核页面设置" do="shenheset" state="" direct="false"/>
			<entry title="红包树" do="tree" state="" direct="false"/>
			<entry title="发圈素材" do="copy" state="" direct="false"/>
			<entry title="赢口红活动" do="kouhong" state="" direct="false"/>
		</menu>

	</bindings>

	<permissions>
	</permissions>

	<install><![CDATA[

]]></install>
	<uninstall><![CDATA[DROP TABLE IF EXISTS `ims_hcpdd_adv`;
DROP TABLE IF EXISTS `ims_hcpdd_allorder`;
DROP TABLE IF EXISTS `ims_hcpdd_allorders`;
DROP TABLE IF EXISTS `ims_hcpdd_collect`;
DROP TABLE IF EXISTS `ims_hcpdd_copy`;
DROP TABLE IF EXISTS `ims_hcpdd_cset`;
DROP TABLE IF EXISTS `ims_hcpdd_ctixian`;
DROP TABLE IF EXISTS `ims_hcpdd_finishorders`;
DROP TABLE IF EXISTS `ims_hcpdd_formid`;
DROP TABLE IF EXISTS `ims_hcpdd_hblog`;
DROP TABLE IF EXISTS `ims_hcpdd_history`;
DROP TABLE IF EXISTS `ims_hcpdd_hongbao`;
DROP TABLE IF EXISTS `ims_hcpdd_jdcommission`;
DROP TABLE IF EXISTS `ims_hcpdd_jdorders`;
DROP TABLE IF EXISTS `ims_hcpdd_kouhonglog`;
DROP TABLE IF EXISTS `ims_hcpdd_message`;
DROP TABLE IF EXISTS `ims_hcpdd_mogucommission`;
DROP TABLE IF EXISTS `ims_hcpdd_moguorders`;
DROP TABLE IF EXISTS `ims_hcpdd_moneyrate`;
DROP TABLE IF EXISTS `ims_hcpdd_nav`;
DROP TABLE IF EXISTS `ims_hcpdd_notice`;
DROP TABLE IF EXISTS `ims_hcpdd_noticeuser`;
DROP TABLE IF EXISTS `ims_hcpdd_orders`;
DROP TABLE IF EXISTS `ims_hcpdd_pddcommission`;
DROP TABLE IF EXISTS `ims_hcpdd_set`;
DROP TABLE IF EXISTS `ims_hcpdd_shenhe`;
DROP TABLE IF EXISTS `ims_hcpdd_shenheset`;
DROP TABLE IF EXISTS `ims_hcpdd_show`;
DROP TABLE IF EXISTS `ims_hcpdd_son`;
DROP TABLE IF EXISTS `ims_hcpdd_theme`;
DROP TABLE IF EXISTS `ims_hcpdd_tixian`;
DROP TABLE IF EXISTS `ims_hcpdd_treelog`;
DROP TABLE IF EXISTS `ims_hcpdd_treewith`;
DROP TABLE IF EXISTS `ims_hcpdd_treewithzfb`;
DROP TABLE IF EXISTS `ims_hcpdd_tuijian`;
DROP TABLE IF EXISTS `ims_hcpdd_users`;
DROP TABLE IF EXISTS `ims_hcpdd_with`;
]]></uninstall>
	<upgrade><![CDATA[upgrade.php]]></upgrade>

</manifest>
