[{"path":"\/access_token25.json","checksum":"5f658bbcf50d11be990f8f310ea0f72d"},{"path":"\/api.php","checksum":"fd84f05e19dbfee699944cf4388b9744"},{"path":"\/bg.png","checksum":"6a7a069886810b961e476c96d52c973f"},{"path":"\/bg2.jpg","checksum":"42956549c9f754a0da0a98fb70901d8d"},{"path":"\/biao.png","checksum":"577168748f3582fe8fb89c49ffcbf103"},{"path":"\/Bold.ttf","checksum":"dd25b35dcb7ba4476cbaa9a9592e39e2"},{"path":"\/callback.php","checksum":"aad1539292bb893465a353bbfc49f40f"},{"path":"\/cback.php","checksum":"b3bc2285c9bd843dbe9b8fad6d01a45e"},{"path":"\/cert\/apiclient_cert25.pem","checksum":"d09bb4b541d8d04b7d120a1b18bc5c03"},{"path":"\/cert\/apiclient_key25.pem","checksum":"24ed6fcc36548d205349ce52d0453bb8"},{"path":"\/errorCode.php","checksum":"be9066ba8a4757f739ffcb868a8304df"},{"path":"\/erweima.png","checksum":"5ff3dde2d7711b2cb36b1efd2d0296cb"},{"path":"\/icon.jpg","checksum":"c5df1ab3c5cd2e358f427eafc7fb629b"},{"path":"\/inc\/api.class.php","checksum":"ce47f6c411a2f8ff9c062851765e6ec4"},{"path":"\/inc\/mobile\/play.inc.php","checksum":"00b7c045eaed03aac9ef3aff01ff08cf"},{"path":"\/inc\/model.class.php","checksum":"4105d2753f27abe66e3e9d594d1375b5"},{"path":"\/install.php","checksum":"fdeb947fd6f0b9bf59bb819907a05ac5"},{"path":"\/kouhong\/audio\/bg_audio.mp3","checksum":"8c4c5640cd92c35306bfe11d8b90c786"},{"path":"\/kouhong\/audio\/collision_audio.mp3","checksum":"a26c7109c8be0f4c6441b2ebdccae214"},{"path":"\/kouhong\/audio\/Countdown_10s_audio.mp3","checksum":"09628b8e6198a84c75f677261ea4a9ed"},{"path":"\/kouhong\/audio\/gameFail_audio.mp3","checksum":"749ac23767c2f9479c50b223b07c2a78"},{"path":"\/kouhong\/audio\/gameSuccess_audio.mp3","checksum":"5ee178e37bd3be28dda70772c6bfa0e3"},{"path":"\/kouhong\/audio\/insert_audio.mp3","checksum":"96b5bdb8507842cf5ed7d6dfbb41af31"},{"path":"\/kouhong\/audio\/split_audio.mp3","checksum":"8e3abb77b2e5f9bc11c316e42501e25a"},{"path":"\/kouhong\/audio\/success_audio.mp3","checksum":"70e616706e07ca39371eaca247acdb89"},{"path":"\/kouhong\/common\/footer.html","checksum":"b5f6720a699c49c0732346b7432ab13c"},{"path":"\/kouhong\/common\/header.html","checksum":"40973e422d3517e8bebf0ab3a6d6ac1c"},{"path":"\/kouhong\/common\/nav.html","checksum":"eed4f71df66fe62027313f94df74ab6d"},{"path":"\/kouhong\/css\/game.css","checksum":"f9041eb829b8149d2559215aeaaea89e"},{"path":"\/kouhong\/data.json","checksum":"0842af97f0e9721193bd0eeebc7b61e8"},{"path":"\/kouhong\/h5css\/images\/1.png","checksum":"46012de07178fa749ecba5e4ffb8ce42"},{"path":"\/kouhong\/h5css\/images\/2.png","checksum":"1147daa1693048d43e7c95920fa78ebf"},{"path":"\/kouhong\/h5css\/images\/3.png","checksum":"f8772a531a1799d7a1572ad5ccd0aefd"},{"path":"\/kouhong\/h5css\/images\/4.png","checksum":"bccbb7d09fc7c1871c12023b55bb9786"},{"path":"\/kouhong\/h5css\/images\/5.png","checksum":"898a4062ca0a04b7cd6dd71112cdac7a"},{"path":"\/kouhong\/h5css\/images\/add.png","checksum":"344569da0ab117b0dafcd36665b7cf6f"},{"path":"\/kouhong\/h5css\/images\/back.png","checksum":"73109016899d82da3f1ada043a628423"},{"path":"\/kouhong\/h5css\/images\/ban.png","checksum":"7f33ba8d7ae733f78f68d9129209b501"},{"path":"\/kouhong\/h5css\/images\/bg.png","checksum":"6b2ee5cc5ca59f967260400ad81d5206"},{"path":"\/kouhong\/h5css\/images\/bx_loader.gif","checksum":"931bdb6b50816b03206c66921760b246"},{"path":"\/kouhong\/h5css\/images\/close.png","checksum":"8646eb71ecbba8ba3aecf28121eebdc3"},{"path":"\/kouhong\/h5css\/images\/closeV.png","checksum":"8e32d5523b7df60da810ed73eb3b8ee5"},{"path":"\/kouhong\/h5css\/images\/coin.png","checksum":"8ebe24add992c8ce3e47af35a299052f"},{"path":"\/kouhong\/h5css\/images\/controls.png","checksum":"d9d25372f38c6b242b9b51d5841fe86e"},{"path":"\/kouhong\/h5css\/images\/del.png","checksum":"4f5c39138890d222e9cb910ce84ca659"},{"path":"\/kouhong\/h5css\/images\/dunpai.png","checksum":"95dba44aa6f4d3fd8629fc94d604682f"},{"path":"\/kouhong\/h5css\/images\/edit.png","checksum":"a633f2c1cb0dacdc89432af5adc043c5"},{"path":"\/kouhong\/h5css\/images\/goods.jpg","checksum":"92a9a9a7e3cc0b574b276a52d431fbf4"},{"path":"\/kouhong\/h5css\/images\/high.png","checksum":"0897d00f4ffd491fb732254d866763a9"},{"path":"\/kouhong\/h5css\/images\/Logo.jpg","checksum":"a3ba6cd8cbcd6a4396ab9984da3776c5"},{"path":"\/kouhong\/h5css\/images\/middle.png","checksum":"e3d22edecbc6e79bf37ed38da114d800"},{"path":"\/kouhong\/h5css\/images\/my.png","checksum":"7efaf2c9f6c9f908ed798618686dfaae"},{"path":"\/kouhong\/h5css\/images\/notice.png","checksum":"85321771ccd2ca71c650b394dcf2983e"},{"path":"\/kouhong\/h5css\/images\/openV.png","checksum":"5dd1420442b9ebe7d0e71bb64caa02bc"},{"path":"\/kouhong\/h5css\/images\/order.png","checksum":"5e6ee687b00d2cf896f49b7612b22308"},{"path":"\/kouhong\/h5css\/images\/recharge.png","checksum":"65a0737c3c5e480085cb9a30729bb174"},{"path":"\/kouhong\/h5css\/images\/red.png","checksum":"4371c82bbae79aa5499ba1454c51e6bc"},{"path":"\/kouhong\/h5css\/images\/reduce.png","checksum":"4bba752d0453a6906d5f90762677a6f2"},{"path":"\/kouhong\/h5css\/images\/right.png","checksum":"10747e2715d4ae841c9900ed9e67a745"},{"path":"\/kouhong\/h5css\/images\/rouge.png","checksum":"6958fd79ccc2c9c56e8d6c55a0ea66e7"},{"path":"\/kouhong\/h5css\/images\/sel.png","checksum":"d4894987519b7f56e8a95cd9c6745724"},{"path":"\/kouhong\/h5css\/images\/select.png","checksum":"ca4616252e9defb72f424cfead1d853e"},{"path":"\/kouhong\/h5css\/images\/shouji.png","checksum":"3d619a66a5784f93130c9e318e247a52"},{"path":"\/kouhong\/h5css\/images\/suo.png","checksum":"34e50e4e09e85fe4c4d88df5b5e3ad79"},{"path":"\/kouhong\/h5css\/images\/title.png","checksum":"d6adde1c6d65131644da2bab6f4da563"},{"path":"\/kouhong\/h5css\/images\/try.png","checksum":"b27f60b039ef0cafe2886f238c621ac9"},{"path":"\/kouhong\/h5css\/images\/upexample.png","checksum":"0e7cb7412fddc2058fbcba90341fadc9"},{"path":"\/kouhong\/h5css\/images\/user.png","checksum":"78cfa2b8f42c189f9fe0e8858f19afa0"},{"path":"\/kouhong\/h5css\/images\/Vbg.png","checksum":"e017510d542d9d0e0b86b6ec3be65816"},{"path":"\/kouhong\/h5css\/images\/wechat.png","checksum":"c2c4ca205bac696c54f71a4eaf5bc0d2"},{"path":"\/kouhong\/h5css\/index.css","checksum":"5bdb9b36aacec6c369863d265eeef9f8"},{"path":"\/kouhong\/h5css\/jquery.bxslider.min.css","checksum":"604c4832d1cb03030bfaba54e545ead6"},{"path":"\/kouhong\/h5js\/data.json","checksum":"0842af97f0e9721193bd0eeebc7b61e8"},{"path":"\/kouhong\/h5js\/jquery.bxslider.min.js","checksum":"d94ceebee36db86c231f15e7cfae7620"},{"path":"\/kouhong\/h5js\/jquery.js","checksum":"32d84b0ba597e194b11b89226bdb75de"},{"path":"\/kouhong\/h5js\/jweixin-1.4.0.js","checksum":"602e621af8de682293e4d80e64d66bd9"},{"path":"\/kouhong\/h5js\/mui.min.js","checksum":"8c5ad7f9a4dbd7a8d8e059a8bdf8b325"},{"path":"\/kouhong\/img1\/0.png","checksum":"ed28f717e6bc626fcd7b88dffe12d13c"},{"path":"\/kouhong\/img1\/1.png","checksum":"4e9658193d89573c1ab7e280cd169a68"},{"path":"\/kouhong\/img1\/2.png","checksum":"eda9fe92ac1e5f366340e0cb18874777"},{"path":"\/kouhong\/img1\/3.png","checksum":"725351b4d8c3c0b928e66acb4405f328"},{"path":"\/kouhong\/img1\/4.png","checksum":"7960abdf0528a08d55ac90b31173cc59"},{"path":"\/kouhong\/img1\/5.png","checksum":"3aa0cb6e1a2415220f65c94bebc7879e"},{"path":"\/kouhong\/img1\/6.png","checksum":"778fea973f4eee1481112e1ac0d2f530"},{"path":"\/kouhong\/img1\/7.png","checksum":"35019560022cf9f112ded4137884ef05"},{"path":"\/kouhong\/img1\/8.png","checksum":"f56102121dacb23bb3601b63b7cc151b"},{"path":"\/kouhong\/img1\/9.png","checksum":"2f5e5393ca92c93135c3bd9481614397"},{"path":"\/kouhong\/img1\/bg.jpg","checksum":"961b333cf58d4861c6551a795c06cc03"},{"path":"\/kouhong\/img1\/CircleCenter_1.png","checksum":"6da6483184aca658320fead33f00cb02"},{"path":"\/kouhong\/img1\/CircleCenter_1_split_left.png","checksum":"820a1bdae48695f1d4d6a4fc5ddbfdce"},{"path":"\/kouhong\/img1\/CircleCenter_1_split_right.png","checksum":"eb44e23cad2e2187593f3f0c01f9a2d4"},{"path":"\/kouhong\/img1\/CircleCenter_2.png","checksum":"58a9d9ab236709fd0bba85a81be5b25b"},{"path":"\/kouhong\/img1\/CircleCenter_2_split_left.png","checksum":"9984b8317dad8e6f4dfd7da61174a060"},{"path":"\/kouhong\/img1\/CircleCenter_2_split_right.png","checksum":"6b01a464a302535e0ae34ec3478295e6"},{"path":"\/kouhong\/img1\/CircleCenter_3.png","checksum":"e79b20a1c96e600968b27dd47a44f89a"},{"path":"\/kouhong\/img1\/CircleCenter_3_split_left.png","checksum":"6d93f903d82afa2bdb1dcc24e1b31f16"},{"path":"\/kouhong\/img1\/CircleCenter_3_split_right.png","checksum":"e88ec47b8076f4922094ed785381dc21"},{"path":"\/kouhong\/img1\/game_over.png","checksum":"48fa21519c7161bc2bfe953a7f53b149"},{"path":"\/kouhong\/img1\/level_1_main.jpg","checksum":"a3b5812ea9dffd68ad76c4da7d37934b"},{"path":"\/kouhong\/img1\/level_2_main.png","checksum":"7e50d55c7e95c9645b56a1a4b0791141"},{"path":"\/kouhong\/img1\/level_2_mains.jpg","checksum":"ef7849fdb4d4eaa144ffd5dac2dc0f78"},{"path":"\/kouhong\/img1\/level_3.png","checksum":"27d666e35a3df09b3f331e8ddd380c57"},{"path":"\/kouhong\/img1\/level_3_mains.jpg","checksum":"abe4b3bebdf4db6e772b4d5d1de88476"},{"path":"\/kouhong\/img1\/level_icon_1_active.png","checksum":"30ad588918e23da3cd455f14ee34623e"},{"path":"\/kouhong\/img1\/level_icon_2.png","checksum":"91b9c35042565d3bda6339271c71d454"},{"path":"\/kouhong\/img1\/level_icon_2_active.png","checksum":"eb857210a026b2a683f5ffb5696b0f41"},{"path":"\/kouhong\/img1\/level_icon_3.png","checksum":"692450508ecb5357c446627f8c36ecef"},{"path":"\/kouhong\/img1\/level_icon_3_active.png","checksum":"8ff62b156ebcbc870241758b01ec35b1"},{"path":"\/kouhong\/img1\/Lipstick_1.png","checksum":"475a3664d170ca466234dbfcb9635a7e"},{"path":"\/kouhong\/img1\/Lipstick_2.png","checksum":"68e19bc7c385479eea2cf1c048e2a130"},{"path":"\/kouhong\/img1\/Lipstick_3.png","checksum":"f1969b5bcd3ff237755785cf53462cb9"},{"path":"\/kouhong\/img1\/point.png","checksum":"8ab5732c116baafb514f7702c90534be"},{"path":"\/kouhong\/img1\/Sword_small_1.png","checksum":"a706c8b489cf8a04387d821fe1f90b82"},{"path":"\/kouhong\/img1\/Sword_small_1_gray.png","checksum":"fe91ae8b539dd6d789f56e6be6041cce"},{"path":"\/kouhong\/img1\/Sword_small_2.png","checksum":"6a8cbe20d6d4f047c4ba72ac4af6419e"},{"path":"\/kouhong\/img1\/Sword_small_2_gray.png","checksum":"bf9ebe18a3ab72b81aa247ad05e9e0ec"},{"path":"\/kouhong\/img1\/Sword_small_3.png","checksum":"b7ad790d7dac1f4bc61cd746aae50dbf"},{"path":"\/kouhong\/img1\/Sword_small_3_gray.png","checksum":"90ea8853c36f29a8866bdb2b5587b0de"},{"path":"\/kouhong\/img1\/timebox_bg.png","checksum":"10ce1662420fee4e8238ccd95df87c0e"},{"path":"\/kouhong\/js\/address\/area.css","checksum":"2e1c989d2c344f33b2882a6da86cf81d"},{"path":"\/kouhong\/js\/address\/jquery.area.js","checksum":"de68f13e3d1a3fb8a62d272ba9ea858a"},{"path":"\/kouhong\/js\/address\/style.css","checksum":"26cff3828f669e6c925167d75254ace5"},{"path":"\/kouhong\/js\/base64.js","checksum":"8224e8431dbf0011bbecf5556afb1e20"},{"path":"\/kouhong\/js\/bodymovin.js","checksum":"a1c8ea16bac8cea20da865e8d0483969"},{"path":"\/kouhong\/js\/HardestGame.js","checksum":"22553cbdfe43d3a98a0184527b9c758b"},{"path":"\/kouhong\/js\/HardestGame1.js","checksum":"b22a4e170d8edbe897853a6c64739b7b"},{"path":"\/kouhong\/js\/index.js","checksum":"b551d2293347db49e493e03d4c0ca346"},{"path":"\/kouhong\/js\/index1.js","checksum":"43b2983820a331423e177a4cce377c6e"},{"path":"\/kouhong\/js\/JicemoonMobileTouch.js","checksum":"5e93f276557b430dbed2d536fb84e0be"},{"path":"\/kouhong\/js\/jquery-3.3.1.min.js","checksum":"7abedff6901348afde71280956e4adfa"},{"path":"\/kouhong\/js\/jquery.cookie.js","checksum":"e8f9c5e7a7add77c8100dbe75dab1e13"},{"path":"\/kouhong\/js\/jweixin-1.3.2.js","checksum":"bd9119bdf926c9c47432d927153e9bb9"},{"path":"\/kouhong\/js\/layer\/layer.js","checksum":"b4b722614d6d4b6b5f345361b8e5355f"},{"path":"\/kouhong\/js\/layer\/mobile\/layer.js","checksum":"3e4e6743822b440c3e2777e9179dbee8"},{"path":"\/kouhong\/js\/layer\/mobile\/need\/layer.css","checksum":"633915e62d14a714594b95b974ee0836"},{"path":"\/kouhong\/js\/layer\/theme\/default\/icon-ext.png","checksum":"ba81b24c06e2e0eac1e219405b33766b"},{"path":"\/kouhong\/js\/layer\/theme\/default\/icon.png","checksum":"551539f873d9ebe0792b120a9867d399"},{"path":"\/kouhong\/js\/layer\/theme\/default\/layer.css","checksum":"3d2e0d91c5c0b96abb8dbdc2234aba77"},{"path":"\/kouhong\/js\/layer\/theme\/default\/loading-0.gif","checksum":"a72011ccdc2bcd23ba440f104c416193"},{"path":"\/kouhong\/js\/layer\/theme\/default\/loading-1.gif","checksum":"1140bc5c7863f8e54a3c2b179e640758"},{"path":"\/kouhong\/js\/layer\/theme\/default\/loading-2.gif","checksum":"50c5e3e79b276c92df6cc52caeb464f0"},{"path":"\/kouhong\/play.html","checksum":"c8ab602103079563fe842d0e5978ea4d"},{"path":"\/module.php","checksum":"b7e60b399907f19091979595f6943221"},{"path":"\/PingFang.ttf","checksum":"75225b297e757308c3bfeca013396be6"},{"path":"\/preview.jpg","checksum":"c5df1ab3c5cd2e358f427eafc7fb629b"},{"path":"\/public\/audio\/bg_audio.mp3","checksum":"8c4c5640cd92c35306bfe11d8b90c786"},{"path":"\/public\/audio\/collision_audio.mp3","checksum":"a26c7109c8be0f4c6441b2ebdccae214"},{"path":"\/public\/audio\/Countdown_10s_audio.mp3","checksum":"09628b8e6198a84c75f677261ea4a9ed"},{"path":"\/public\/audio\/gameFail_audio.mp3","checksum":"749ac23767c2f9479c50b223b07c2a78"},{"path":"\/public\/audio\/gameSuccess_audio.mp3","checksum":"5ee178e37bd3be28dda70772c6bfa0e3"},{"path":"\/public\/audio\/insert_audio.mp3","checksum":"96b5bdb8507842cf5ed7d6dfbb41af31"},{"path":"\/public\/audio\/split_audio.mp3","checksum":"8e3abb77b2e5f9bc11c316e42501e25a"},{"path":"\/public\/audio\/success_audio.mp3","checksum":"70e616706e07ca39371eaca247acdb89"},{"path":"\/public\/avatar.png","checksum":"b4210c09b8d61ae4c18befcea0a6ee16"},{"path":"\/public\/high.png","checksum":"0897d00f4ffd491fb732254d866763a9"},{"path":"\/public\/img\/0.png","checksum":"ed28f717e6bc626fcd7b88dffe12d13c"},{"path":"\/public\/img\/1.png","checksum":"4e9658193d89573c1ab7e280cd169a68"},{"path":"\/public\/img\/2.png","checksum":"eda9fe92ac1e5f366340e0cb18874777"},{"path":"\/public\/img\/3.png","checksum":"725351b4d8c3c0b928e66acb4405f328"},{"path":"\/public\/img\/4.png","checksum":"7960abdf0528a08d55ac90b31173cc59"},{"path":"\/public\/img\/5.png","checksum":"3aa0cb6e1a2415220f65c94bebc7879e"},{"path":"\/public\/img\/6.png","checksum":"778fea973f4eee1481112e1ac0d2f530"},{"path":"\/public\/img\/7.png","checksum":"35019560022cf9f112ded4137884ef05"},{"path":"\/public\/img\/8.png","checksum":"f56102121dacb23bb3601b63b7cc151b"},{"path":"\/public\/img\/9.png","checksum":"2f5e5393ca92c93135c3bd9481614397"},{"path":"\/public\/img\/bg.jpg","checksum":"961b333cf58d4861c6551a795c06cc03"},{"path":"\/public\/img\/CircleCenter_1.png","checksum":"6da6483184aca658320fead33f00cb02"},{"path":"\/public\/img\/CircleCenter_1_split_left.png","checksum":"820a1bdae48695f1d4d6a4fc5ddbfdce"},{"path":"\/public\/img\/CircleCenter_1_split_right.png","checksum":"eb44e23cad2e2187593f3f0c01f9a2d4"},{"path":"\/public\/img\/CircleCenter_2.png","checksum":"58a9d9ab236709fd0bba85a81be5b25b"},{"path":"\/public\/img\/CircleCenter_2_split_left.png","checksum":"9984b8317dad8e6f4dfd7da61174a060"},{"path":"\/public\/img\/CircleCenter_2_split_right.png","checksum":"6b01a464a302535e0ae34ec3478295e6"},{"path":"\/public\/img\/CircleCenter_3.png","checksum":"e79b20a1c96e600968b27dd47a44f89a"},{"path":"\/public\/img\/CircleCenter_3_split_left.png","checksum":"6d93f903d82afa2bdb1dcc24e1b31f16"},{"path":"\/public\/img\/CircleCenter_3_split_right.png","checksum":"e88ec47b8076f4922094ed785381dc21"},{"path":"\/public\/img\/game_over.png","checksum":"48fa21519c7161bc2bfe953a7f53b149"},{"path":"\/public\/img\/level_1_main.jpg","checksum":"a3b5812ea9dffd68ad76c4da7d37934b"},{"path":"\/public\/img\/level_2_main.png","checksum":"7e50d55c7e95c9645b56a1a4b0791141"},{"path":"\/public\/img\/level_2_mains.jpg","checksum":"ef7849fdb4d4eaa144ffd5dac2dc0f78"},{"path":"\/public\/img\/level_3.png","checksum":"27d666e35a3df09b3f331e8ddd380c57"},{"path":"\/public\/img\/level_3_mains.jpg","checksum":"abe4b3bebdf4db6e772b4d5d1de88476"},{"path":"\/public\/img\/level_icon_1_active.png","checksum":"30ad588918e23da3cd455f14ee34623e"},{"path":"\/public\/img\/level_icon_2.png","checksum":"91b9c35042565d3bda6339271c71d454"},{"path":"\/public\/img\/level_icon_2_active.png","checksum":"eb857210a026b2a683f5ffb5696b0f41"},{"path":"\/public\/img\/level_icon_3.png","checksum":"692450508ecb5357c446627f8c36ecef"},{"path":"\/public\/img\/level_icon_3_active.png","checksum":"8ff62b156ebcbc870241758b01ec35b1"},{"path":"\/public\/img\/Lipstick_1.png","checksum":"475a3664d170ca466234dbfcb9635a7e"},{"path":"\/public\/img\/Lipstick_2.png","checksum":"68e19bc7c385479eea2cf1c048e2a130"},{"path":"\/public\/img\/Lipstick_3.png","checksum":"f1969b5bcd3ff237755785cf53462cb9"},{"path":"\/public\/img\/Sword_small_1.png","checksum":"a706c8b489cf8a04387d821fe1f90b82"},{"path":"\/public\/img\/Sword_small_1_gray.png","checksum":"fe91ae8b539dd6d789f56e6be6041cce"},{"path":"\/public\/img\/Sword_small_2.png","checksum":"6a8cbe20d6d4f047c4ba72ac4af6419e"},{"path":"\/public\/img\/Sword_small_2_gray.png","checksum":"bf9ebe18a3ab72b81aa247ad05e9e0ec"},{"path":"\/public\/img\/Sword_small_3.png","checksum":"b7ad790d7dac1f4bc61cd746aae50dbf"},{"path":"\/public\/img\/Sword_small_3_gray.png","checksum":"90ea8853c36f29a8866bdb2b5587b0de"},{"path":"\/public\/img\/tchua.png","checksum":"3f19e60c78f8faed48c5a80da1af1af1"},{"path":"\/public\/img\/timebox_bg.png","checksum":"10ce1662420fee4e8238ccd95df87c0e"},{"path":"\/public\/img\/y1.png","checksum":"178e4425edd858b8530dbde3449c5be8"},{"path":"\/public\/img\/y2.png","checksum":"92b1358820e43f13a7815af1104a826c"},{"path":"\/public\/layuiadmin\/layui\/css\/layui.css","checksum":"d5907801b038156862fd2a54a89a956d"},{"path":"\/public\/layuiadmin\/layui\/css\/layui.mobile.css","checksum":"099d5fdd369ba94bfaa65edd91006ffd"},{"path":"\/public\/leadgzh.png","checksum":"732062d0097190af81471d440c92c34d"},{"path":"\/public\/middle.png","checksum":"e3d22edecbc6e79bf37ed38da114d800"},{"path":"\/public\/qrcode.png","checksum":"9a82e8404183a8c75554e3977ffa61db"},{"path":"\/public\/sharebg.jpg","checksum":"d05ba00b23a6c86bfaf498f24573de1e"},{"path":"\/qrcode\/index.html","checksum":"c4ca4238a0b923820dcc509a6f75849b"},{"path":"\/shuoming.jpg","checksum":"4001196ad257ef31b2856663dddde2e4"},{"path":"\/site.php","checksum":"3eb9ca3499cfbdbf601e321613c51cb3"},{"path":"\/so.png","checksum":"cc1fb98023f360a59430892972c85762"},{"path":"\/soft1.png","checksum":"fb6baf49275b8e247cab349385278b6a"},{"path":"\/soft2.png","checksum":"f8704bb8fdd0358835c03539528761ce"},{"path":"\/template\/addshenhe.html","checksum":"52e5fbf811eae770ed71f925fea3165b"},{"path":"\/template\/adv.html","checksum":"c9c87ad81cbf76c6f43e908ca1aab277"},{"path":"\/template\/adv_post.html","checksum":"e7bbff4d92e743bdbd4cb6c237c00321"},{"path":"\/template\/commission_daili.html","checksum":"bbb0d770738ed7203bd85913b114a17b"},{"path":"\/template\/commission_jdorder.html","checksum":"b646278f508622a026ea6a6d5985e85c"},{"path":"\/template\/commission_moguorder.html","checksum":"6a842991ee1378fe86c8afea11f81bd0"},{"path":"\/template\/commission_order.html","checksum":"33d520695d6055244ba2c535ae41bc1a"},{"path":"\/template\/commission_set.html","checksum":"c20635abc364628492bf0779c928cc2c"},{"path":"\/template\/commission_withdraw.html","checksum":"add75401a04065b6ad0954a08def39af"},{"path":"\/template\/commission_zongjian.html","checksum":"de57e13ef383544faae7feeecf63fb16"},{"path":"\/template\/copy.html","checksum":"07c9a8f7d76c3fc21987cb22264eb882"},{"path":"\/template\/copy_post.html","checksum":"6ffd915f1bbf6614b9964c666dc00f9c"},{"path":"\/template\/copy_set.html","checksum":"63ec8d42b6ff57dece4ffdd3bc198f9a"},{"path":"\/template\/diyname.html","checksum":"72acc468bee81d3e8dd5a563e93da09b"},{"path":"\/template\/editlevel.html","checksum":"367f472f3f5047dd879300d1c6cf4e13"},{"path":"\/template\/editpid.html","checksum":"91dffd88791aa7bf5d42fc51de95f8eb"},{"path":"\/template\/editshenhe.html","checksum":"888f4d117e8cde2725dde2ba3341f261"},{"path":"\/template\/editsonwithdrawal.html","checksum":"33167e2100dfff84b14ee2e04e5c2f93"},{"path":"\/template\/editwithdrawal.html","checksum":"33167e2100dfff84b14ee2e04e5c2f93"},{"path":"\/template\/finishorders.html","checksum":"b6d6468241ad37a9bfcf6448bf1b18e2"},{"path":"\/template\/hongbao.html","checksum":"173dd2118c6712f347f3a72107f722de"},{"path":"\/template\/img\/99.jpg","checksum":"816601a204ce23a51cb86a3596a596e4"},{"path":"\/template\/img\/all.jpg","checksum":"02c3a3654a7bc45effcada69dec661ac"},{"path":"\/template\/img\/baihuo.png","checksum":"9bc7a9fb67ceb38174d0b9681020a5fa"},{"path":"\/template\/img\/bangong.png","checksum":"4381ab41e41e7e919274e143c4534131"},{"path":"\/template\/img\/baokuan.jpg","checksum":"50125d18556b4fc9ae4e72e36c6db384"},{"path":"\/template\/img\/bg.png","checksum":"4a5493da8c1869d84d1ae3669022ff26"},{"path":"\/template\/img\/bg_repno.gif","checksum":"9f1b28189e7b8c9c839fb93552db68a9"},{"path":"\/template\/img\/button.png","checksum":"e13ccca1721bbf5a0d1664061a58d85c"},{"path":"\/template\/img\/centertop.png","checksum":"c46d8dbdbd8cf55be0fc54a2d36a3433"},{"path":"\/template\/img\/choose.png","checksum":"e1afc72da4ba2eeee7a02c3a8d0652f9"},{"path":"\/template\/img\/daili.png","checksum":"dff94759561200a9bd880c73497641b1"},{"path":"\/template\/img\/dianpu.jpg","checksum":"2748fb5041abb19bf0538952acc34f6a"},{"path":"\/template\/img\/dianqi.png","checksum":"3a120f0529b2e110fc64299c7d1318f1"},{"path":"\/template\/img\/faquan.png","checksum":"035fc4bdb4b77606e898558c50148909"},{"path":"\/template\/img\/gaoyong.jpg","checksum":"b069ef1ed148bb741f0dd1a9d52de93f"},{"path":"\/template\/img\/hongbao.png","checksum":"9d44eea0f3639b979c766cfc6cbdea58"},{"path":"\/template\/img\/hongbaoshu.png","checksum":"6d705fa7318fbc64a8d347f6be8d92b4"},{"path":"\/template\/img\/jd.jpg","checksum":"bbff9a8a7c61c6fd2f9bd1312bc5ee4f"},{"path":"\/template\/img\/jdsobg.png","checksum":"81a250f95b842879b5831b38de344faa"},{"path":"\/template\/img\/jiafang.png","checksum":"b03cfe53cb1d48f55608eb9fd0b8b0bc"},{"path":"\/template\/img\/jiazhuang.png","checksum":"e8a2103c7c335810cf6939234e68ba1f"},{"path":"\/template\/img\/kouhong.png","checksum":"8e641139b774b7d3b85c13d19dfa80fc"},{"path":"\/template\/img\/masks.png","checksum":"f9aeabdba833c6cf35954924dde2096e"},{"path":"\/template\/img\/meishi.png","checksum":"ca87cb16a5fdbd34325eda2e81c3c227"},{"path":"\/template\/img\/meizhuang.png","checksum":"d8c88989bd77b47e64221c65fa3b0c5d"},{"path":"\/template\/img\/mogu.jpg","checksum":"051528dc78a8b083e04514b0fba69a98"},{"path":"\/template\/img\/mogu.png","checksum":"e321f838de678230d8de818511e6ffb8"},{"path":"\/template\/img\/muying.png","checksum":"1357f7b1913a6731d8d08fe0dd73a3a3"},{"path":"\/template\/img\/nanzhuang.png","checksum":"5a441fc09d19b1e90b26de72fc6e0953"},{"path":"\/template\/img\/nvzhuang.png","checksum":"78221b1b01e6d76b4f36badbac5b529f"},{"path":"\/template\/img\/open.png","checksum":"c12b2c1d2f4ef375560add67db67cba0"},{"path":"\/template\/img\/open2.png","checksum":"24a55a730b37b3ead23a245b644667fa"},{"path":"\/template\/img\/paihang.jpg","checksum":"faf3dd74bd1df5311d55ecce81bae28b"},{"path":"\/template\/img\/pdd.png","checksum":"7735ec828ca9ec9da92417d0e06687ee"},{"path":"\/template\/img\/pddsobg.png","checksum":"de273b72f95d1c795e7c2351ede27424"},{"path":"\/template\/img\/pinpai.jpg","checksum":"c84a2609f955474a7c96f366a7bbdf1f"},{"path":"\/template\/img\/qiche.png","checksum":"8a02eaa84abe60b4f80dba4f9451dab7"},{"path":"\/template\/img\/resou.png","checksum":"225d7d51929ff8f9ff152c95b997ca49"},{"path":"\/template\/img\/rolling.png","checksum":"3915f498228a8b8c5c302361fec32647"},{"path":"\/template\/img\/rolling_B.png","checksum":"c7946f7d60656b4f79d996e6af1afdd3"},{"path":"\/template\/img\/shengdaili.png","checksum":"34058a511ca35d68a698c9c90a57abd4"},{"path":"\/template\/img\/shengzongjian.png","checksum":"807aad7a71d8563dfa7948e338158b71"},{"path":"\/template\/img\/shuiguo.png","checksum":"ff7ee605cb715b76844405f0a8847f83"},{"path":"\/template\/img\/shuma.png","checksum":"c774dffaaa225d896258eee08e1ed51b"},{"path":"\/template\/img\/sobian.png","checksum":"b25c2c3310af407c4bd0a3198cdbd649"},{"path":"\/template\/img\/sohead.png","checksum":"a82a92e3d087d4328e3f1fcaab938319"},{"path":"\/template\/img\/tchua.png","checksum":"3f19e60c78f8faed48c5a80da1af1af1"},{"path":"\/template\/img\/treewith.png","checksum":"7bc40f4c8542396045129f54a9f8847a"},{"path":"\/template\/img\/wenju.png","checksum":"30d57a56133f6d6c678e29b311b8145d"},{"path":"\/template\/img\/xiebao.png","checksum":"8d4da29882d068edcb38fc8d63c8e40e"},{"path":"\/template\/img\/yundong.png","checksum":"257d2118873d5fdf965eeafe893654e3"},{"path":"\/template\/jdorders.html","checksum":"299c9b056445a5abf17fb15ddbfffddf"},{"path":"\/template\/js\/bootstrap-switch.min.css","checksum":"dd58c521cf9d5c863b02c6cc96b3f376"},{"path":"\/template\/js\/color.js","checksum":"ad64a8abfd49c7f3f4888d2b5d8b8135"},{"path":"\/template\/js\/layer\/layer.js","checksum":"b4b722614d6d4b6b5f345361b8e5355f"},{"path":"\/template\/js\/layer\/mobile\/layer.js","checksum":"3e4e6743822b440c3e2777e9179dbee8"},{"path":"\/template\/js\/layer\/mobile\/need\/layer.css","checksum":"633915e62d14a714594b95b974ee0836"},{"path":"\/template\/js\/layer\/theme\/default\/icon-ext.png","checksum":"ba81b24c06e2e0eac1e219405b33766b"},{"path":"\/template\/js\/layer\/theme\/default\/icon.png","checksum":"551539f873d9ebe0792b120a9867d399"},{"path":"\/template\/js\/layer\/theme\/default\/layer.css","checksum":"3d2e0d91c5c0b96abb8dbdc2234aba77"},{"path":"\/template\/js\/layer\/theme\/default\/loading-0.gif","checksum":"a72011ccdc2bcd23ba440f104c416193"},{"path":"\/template\/js\/layer\/theme\/default\/loading-1.gif","checksum":"1140bc5c7863f8e54a3c2b179e640758"},{"path":"\/template\/js\/layer\/theme\/default\/loading-2.gif","checksum":"50c5e3e79b276c92df6cc52caeb464f0"},{"path":"\/template\/js\/util.js","checksum":"607263a96024d327aff8e328ccd77e63"},{"path":"\/template\/kouhong.html","checksum":"246d2380c5979578c8bc35d3969b92fd"},{"path":"\/template\/kouhonglog.html","checksum":"c960f8f190e95510c60f3d01d2c00b20"},{"path":"\/template\/kouhongwin.html","checksum":"f7161b1627fa3b3479bbd716fd56c44f"},{"path":"\/template\/member.html","checksum":"738f983aa157a2ef7fef8cbbe22a7183"},{"path":"\/template\/message.html","checksum":"377cbedaa2a942d87a47598510103982"},{"path":"\/template\/mobile\/audio\/bg_audio.mp3","checksum":"8c4c5640cd92c35306bfe11d8b90c786"},{"path":"\/template\/mobile\/audio\/collision_audio.mp3","checksum":"a26c7109c8be0f4c6441b2ebdccae214"},{"path":"\/template\/mobile\/audio\/Countdown_10s_audio.mp3","checksum":"09628b8e6198a84c75f677261ea4a9ed"},{"path":"\/template\/mobile\/audio\/gameFail_audio.mp3","checksum":"749ac23767c2f9479c50b223b07c2a78"},{"path":"\/template\/mobile\/audio\/gameSuccess_audio.mp3","checksum":"5ee178e37bd3be28dda70772c6bfa0e3"},{"path":"\/template\/mobile\/audio\/insert_audio.mp3","checksum":"96b5bdb8507842cf5ed7d6dfbb41af31"},{"path":"\/template\/mobile\/audio\/split_audio.mp3","checksum":"8e3abb77b2e5f9bc11c316e42501e25a"},{"path":"\/template\/mobile\/audio\/success_audio.mp3","checksum":"70e616706e07ca39371eaca247acdb89"},{"path":"\/template\/mobile\/common\/footer.html","checksum":"b5f6720a699c49c0732346b7432ab13c"},{"path":"\/template\/mobile\/common\/header.html","checksum":"40973e422d3517e8bebf0ab3a6d6ac1c"},{"path":"\/template\/mobile\/common\/nav.html","checksum":"eed4f71df66fe62027313f94df74ab6d"},{"path":"\/template\/mobile\/css\/game.css","checksum":"f9041eb829b8149d2559215aeaaea89e"},{"path":"\/template\/mobile\/data.json","checksum":"0842af97f0e9721193bd0eeebc7b61e8"},{"path":"\/template\/mobile\/h5css\/images\/1.png","checksum":"46012de07178fa749ecba5e4ffb8ce42"},{"path":"\/template\/mobile\/h5css\/images\/2.png","checksum":"1147daa1693048d43e7c95920fa78ebf"},{"path":"\/template\/mobile\/h5css\/images\/3.png","checksum":"f8772a531a1799d7a1572ad5ccd0aefd"},{"path":"\/template\/mobile\/h5css\/images\/4.png","checksum":"bccbb7d09fc7c1871c12023b55bb9786"},{"path":"\/template\/mobile\/h5css\/images\/5.png","checksum":"898a4062ca0a04b7cd6dd71112cdac7a"},{"path":"\/template\/mobile\/h5css\/images\/add.png","checksum":"344569da0ab117b0dafcd36665b7cf6f"},{"path":"\/template\/mobile\/h5css\/images\/back.png","checksum":"73109016899d82da3f1ada043a628423"},{"path":"\/template\/mobile\/h5css\/images\/ban.png","checksum":"7f33ba8d7ae733f78f68d9129209b501"},{"path":"\/template\/mobile\/h5css\/images\/bg.png","checksum":"6b2ee5cc5ca59f967260400ad81d5206"},{"path":"\/template\/mobile\/h5css\/images\/bx_loader.gif","checksum":"931bdb6b50816b03206c66921760b246"},{"path":"\/template\/mobile\/h5css\/images\/close.png","checksum":"8646eb71ecbba8ba3aecf28121eebdc3"},{"path":"\/template\/mobile\/h5css\/images\/closeV.png","checksum":"8e32d5523b7df60da810ed73eb3b8ee5"},{"path":"\/template\/mobile\/h5css\/images\/coin.png","checksum":"8ebe24add992c8ce3e47af35a299052f"},{"path":"\/template\/mobile\/h5css\/images\/controls.png","checksum":"d9d25372f38c6b242b9b51d5841fe86e"},{"path":"\/template\/mobile\/h5css\/images\/del.png","checksum":"4f5c39138890d222e9cb910ce84ca659"},{"path":"\/template\/mobile\/h5css\/images\/dunpai.png","checksum":"95dba44aa6f4d3fd8629fc94d604682f"},{"path":"\/template\/mobile\/h5css\/images\/edit.png","checksum":"a633f2c1cb0dacdc89432af5adc043c5"},{"path":"\/template\/mobile\/h5css\/images\/goods.jpg","checksum":"92a9a9a7e3cc0b574b276a52d431fbf4"},{"path":"\/template\/mobile\/h5css\/images\/high.png","checksum":"0897d00f4ffd491fb732254d866763a9"},{"path":"\/template\/mobile\/h5css\/images\/Logo.jpg","checksum":"a3ba6cd8cbcd6a4396ab9984da3776c5"},{"path":"\/template\/mobile\/h5css\/images\/middle.png","checksum":"e3d22edecbc6e79bf37ed38da114d800"},{"path":"\/template\/mobile\/h5css\/images\/my.png","checksum":"7efaf2c9f6c9f908ed798618686dfaae"},{"path":"\/template\/mobile\/h5css\/images\/notice.png","checksum":"85321771ccd2ca71c650b394dcf2983e"},{"path":"\/template\/mobile\/h5css\/images\/openV.png","checksum":"5dd1420442b9ebe7d0e71bb64caa02bc"},{"path":"\/template\/mobile\/h5css\/images\/order.png","checksum":"5e6ee687b00d2cf896f49b7612b22308"},{"path":"\/template\/mobile\/h5css\/images\/recharge.png","checksum":"65a0737c3c5e480085cb9a30729bb174"},{"path":"\/template\/mobile\/h5css\/images\/red.png","checksum":"4371c82bbae79aa5499ba1454c51e6bc"},{"path":"\/template\/mobile\/h5css\/images\/reduce.png","checksum":"4bba752d0453a6906d5f90762677a6f2"},{"path":"\/template\/mobile\/h5css\/images\/right.png","checksum":"10747e2715d4ae841c9900ed9e67a745"},{"path":"\/template\/mobile\/h5css\/images\/rouge.png","checksum":"6958fd79ccc2c9c56e8d6c55a0ea66e7"},{"path":"\/template\/mobile\/h5css\/images\/sel.png","checksum":"d4894987519b7f56e8a95cd9c6745724"},{"path":"\/template\/mobile\/h5css\/images\/select.png","checksum":"ca4616252e9defb72f424cfead1d853e"},{"path":"\/template\/mobile\/h5css\/images\/shouji.png","checksum":"3d619a66a5784f93130c9e318e247a52"},{"path":"\/template\/mobile\/h5css\/images\/suo.png","checksum":"34e50e4e09e85fe4c4d88df5b5e3ad79"},{"path":"\/template\/mobile\/h5css\/images\/title.png","checksum":"d6adde1c6d65131644da2bab6f4da563"},{"path":"\/template\/mobile\/h5css\/images\/try.png","checksum":"b27f60b039ef0cafe2886f238c621ac9"},{"path":"\/template\/mobile\/h5css\/images\/upexample.png","checksum":"0e7cb7412fddc2058fbcba90341fadc9"},{"path":"\/template\/mobile\/h5css\/images\/user.png","checksum":"78cfa2b8f42c189f9fe0e8858f19afa0"},{"path":"\/template\/mobile\/h5css\/images\/Vbg.png","checksum":"e017510d542d9d0e0b86b6ec3be65816"},{"path":"\/template\/mobile\/h5css\/images\/wechat.png","checksum":"c2c4ca205bac696c54f71a4eaf5bc0d2"},{"path":"\/template\/mobile\/h5css\/index.css","checksum":"5bdb9b36aacec6c369863d265eeef9f8"},{"path":"\/template\/mobile\/h5css\/jquery.bxslider.min.css","checksum":"604c4832d1cb03030bfaba54e545ead6"},{"path":"\/template\/mobile\/h5js\/data.json","checksum":"0842af97f0e9721193bd0eeebc7b61e8"},{"path":"\/template\/mobile\/h5js\/jquery.bxslider.min.js","checksum":"d94ceebee36db86c231f15e7cfae7620"},{"path":"\/template\/mobile\/h5js\/jquery.js","checksum":"32d84b0ba597e194b11b89226bdb75de"},{"path":"\/template\/mobile\/h5js\/jweixin-1.4.0.js","checksum":"602e621af8de682293e4d80e64d66bd9"},{"path":"\/template\/mobile\/h5js\/mui.min.js","checksum":"8c5ad7f9a4dbd7a8d8e059a8bdf8b325"},{"path":"\/template\/mobile\/img1\/0.png","checksum":"ed28f717e6bc626fcd7b88dffe12d13c"},{"path":"\/template\/mobile\/img1\/1.png","checksum":"4e9658193d89573c1ab7e280cd169a68"},{"path":"\/template\/mobile\/img1\/2.png","checksum":"eda9fe92ac1e5f366340e0cb18874777"},{"path":"\/template\/mobile\/img1\/3.png","checksum":"725351b4d8c3c0b928e66acb4405f328"},{"path":"\/template\/mobile\/img1\/4.png","checksum":"7960abdf0528a08d55ac90b31173cc59"},{"path":"\/template\/mobile\/img1\/5.png","checksum":"3aa0cb6e1a2415220f65c94bebc7879e"},{"path":"\/template\/mobile\/img1\/6.png","checksum":"778fea973f4eee1481112e1ac0d2f530"},{"path":"\/template\/mobile\/img1\/7.png","checksum":"35019560022cf9f112ded4137884ef05"},{"path":"\/template\/mobile\/img1\/8.png","checksum":"f56102121dacb23bb3601b63b7cc151b"},{"path":"\/template\/mobile\/img1\/9.png","checksum":"2f5e5393ca92c93135c3bd9481614397"},{"path":"\/template\/mobile\/img1\/bg.jpg","checksum":"961b333cf58d4861c6551a795c06cc03"},{"path":"\/template\/mobile\/img1\/CircleCenter_1.png","checksum":"6da6483184aca658320fead33f00cb02"},{"path":"\/template\/mobile\/img1\/CircleCenter_1_split_left.png","checksum":"820a1bdae48695f1d4d6a4fc5ddbfdce"},{"path":"\/template\/mobile\/img1\/CircleCenter_1_split_right.png","checksum":"eb44e23cad2e2187593f3f0c01f9a2d4"},{"path":"\/template\/mobile\/img1\/CircleCenter_2.png","checksum":"58a9d9ab236709fd0bba85a81be5b25b"},{"path":"\/template\/mobile\/img1\/CircleCenter_2_split_left.png","checksum":"9984b8317dad8e6f4dfd7da61174a060"},{"path":"\/template\/mobile\/img1\/CircleCenter_2_split_right.png","checksum":"6b01a464a302535e0ae34ec3478295e6"},{"path":"\/template\/mobile\/img1\/CircleCenter_3.png","checksum":"e79b20a1c96e600968b27dd47a44f89a"},{"path":"\/template\/mobile\/img1\/CircleCenter_3_split_left.png","checksum":"6d93f903d82afa2bdb1dcc24e1b31f16"},{"path":"\/template\/mobile\/img1\/CircleCenter_3_split_right.png","checksum":"e88ec47b8076f4922094ed785381dc21"},{"path":"\/template\/mobile\/img1\/game_over.png","checksum":"48fa21519c7161bc2bfe953a7f53b149"},{"path":"\/template\/mobile\/img1\/level_1_main.jpg","checksum":"a3b5812ea9dffd68ad76c4da7d37934b"},{"path":"\/template\/mobile\/img1\/level_2_main.png","checksum":"7e50d55c7e95c9645b56a1a4b0791141"},{"path":"\/template\/mobile\/img1\/level_2_mains.jpg","checksum":"ef7849fdb4d4eaa144ffd5dac2dc0f78"},{"path":"\/template\/mobile\/img1\/level_3.png","checksum":"27d666e35a3df09b3f331e8ddd380c57"},{"path":"\/template\/mobile\/img1\/level_3_mains.jpg","checksum":"abe4b3bebdf4db6e772b4d5d1de88476"},{"path":"\/template\/mobile\/img1\/level_icon_1_active.png","checksum":"30ad588918e23da3cd455f14ee34623e"},{"path":"\/template\/mobile\/img1\/level_icon_2.png","checksum":"91b9c35042565d3bda6339271c71d454"},{"path":"\/template\/mobile\/img1\/level_icon_2_active.png","checksum":"eb857210a026b2a683f5ffb5696b0f41"},{"path":"\/template\/mobile\/img1\/level_icon_3.png","checksum":"692450508ecb5357c446627f8c36ecef"},{"path":"\/template\/mobile\/img1\/level_icon_3_active.png","checksum":"8ff62b156ebcbc870241758b01ec35b1"},{"path":"\/template\/mobile\/img1\/Lipstick_1.png","checksum":"475a3664d170ca466234dbfcb9635a7e"},{"path":"\/template\/mobile\/img1\/Lipstick_2.png","checksum":"68e19bc7c385479eea2cf1c048e2a130"},{"path":"\/template\/mobile\/img1\/Lipstick_3.png","checksum":"f1969b5bcd3ff237755785cf53462cb9"},{"path":"\/template\/mobile\/img1\/point.png","checksum":"8ab5732c116baafb514f7702c90534be"},{"path":"\/template\/mobile\/img1\/Sword_small_1.png","checksum":"a706c8b489cf8a04387d821fe1f90b82"},{"path":"\/template\/mobile\/img1\/Sword_small_1_gray.png","checksum":"fe91ae8b539dd6d789f56e6be6041cce"},{"path":"\/template\/mobile\/img1\/Sword_small_2.png","checksum":"6a8cbe20d6d4f047c4ba72ac4af6419e"},{"path":"\/template\/mobile\/img1\/Sword_small_2_gray.png","checksum":"bf9ebe18a3ab72b81aa247ad05e9e0ec"},{"path":"\/template\/mobile\/img1\/Sword_small_3.png","checksum":"b7ad790d7dac1f4bc61cd746aae50dbf"},{"path":"\/template\/mobile\/img1\/Sword_small_3_gray.png","checksum":"90ea8853c36f29a8866bdb2b5587b0de"},{"path":"\/template\/mobile\/img1\/timebox_bg.png","checksum":"10ce1662420fee4e8238ccd95df87c0e"},{"path":"\/template\/mobile\/js\/address\/area.css","checksum":"2e1c989d2c344f33b2882a6da86cf81d"},{"path":"\/template\/mobile\/js\/address\/jquery.area.js","checksum":"de68f13e3d1a3fb8a62d272ba9ea858a"},{"path":"\/template\/mobile\/js\/address\/style.css","checksum":"26cff3828f669e6c925167d75254ace5"},{"path":"\/template\/mobile\/js\/base64.js","checksum":"8224e8431dbf0011bbecf5556afb1e20"},{"path":"\/template\/mobile\/js\/bodymovin.js","checksum":"a1c8ea16bac8cea20da865e8d0483969"},{"path":"\/template\/mobile\/js\/HardestGame.js","checksum":"22553cbdfe43d3a98a0184527b9c758b"},{"path":"\/template\/mobile\/js\/HardestGame1.js","checksum":"b22a4e170d8edbe897853a6c64739b7b"},{"path":"\/template\/mobile\/js\/index.js","checksum":"b551d2293347db49e493e03d4c0ca346"},{"path":"\/template\/mobile\/js\/index1.js","checksum":"43b2983820a331423e177a4cce377c6e"},{"path":"\/template\/mobile\/js\/JicemoonMobileTouch.js","checksum":"5e93f276557b430dbed2d536fb84e0be"},{"path":"\/template\/mobile\/js\/jquery-3.3.1.min.js","checksum":"7abedff6901348afde71280956e4adfa"},{"path":"\/template\/mobile\/js\/jquery.cookie.js","checksum":"e8f9c5e7a7add77c8100dbe75dab1e13"},{"path":"\/template\/mobile\/js\/jweixin-1.3.2.js","checksum":"bd9119bdf926c9c47432d927153e9bb9"},{"path":"\/template\/mobile\/js\/layer\/layer.js","checksum":"b4b722614d6d4b6b5f345361b8e5355f"},{"path":"\/template\/mobile\/js\/layer\/mobile\/layer.js","checksum":"3e4e6743822b440c3e2777e9179dbee8"},{"path":"\/template\/mobile\/js\/layer\/mobile\/need\/layer.css","checksum":"633915e62d14a714594b95b974ee0836"},{"path":"\/template\/mobile\/js\/layer\/theme\/default\/icon-ext.png","checksum":"ba81b24c06e2e0eac1e219405b33766b"},{"path":"\/template\/mobile\/js\/layer\/theme\/default\/icon.png","checksum":"551539f873d9ebe0792b120a9867d399"},{"path":"\/template\/mobile\/js\/layer\/theme\/default\/layer.css","checksum":"3d2e0d91c5c0b96abb8dbdc2234aba77"},{"path":"\/template\/mobile\/js\/layer\/theme\/default\/loading-0.gif","checksum":"a72011ccdc2bcd23ba440f104c416193"},{"path":"\/template\/mobile\/js\/layer\/theme\/default\/loading-1.gif","checksum":"1140bc5c7863f8e54a3c2b179e640758"},{"path":"\/template\/mobile\/js\/layer\/theme\/default\/loading-2.gif","checksum":"50c5e3e79b276c92df6cc52caeb464f0"},{"path":"\/template\/mobile\/play.html","checksum":"91419b8a6f1909fc29891e99652d38f0"},{"path":"\/template\/moguorders.html","checksum":"834c5109c2bf06d2650cea99c1099124"},{"path":"\/template\/moguset.html","checksum":"22dae34fd57892fd12d32c36adaf505c"},{"path":"\/template\/moneyrate.html","checksum":"7fe61ab8fe03dbc21f91ac275a929f8e"},{"path":"\/template\/myteam.html","checksum":"27a2c466934c979a11374eedf66ac638"},{"path":"\/template\/myteam_orders.html","checksum":"1c5cab0d65dabc6810562a40a6745708"},{"path":"\/template\/nav.html","checksum":"b9b275486a1caca468ce15961b5ab3f1"},{"path":"\/template\/nav_post.html","checksum":"dfe09a5c0efb1941fccfc154d92c6d73"},{"path":"\/template\/notice.html","checksum":"c053024c83ebf26d0502f47248cc7f08"},{"path":"\/template\/notice_post.html","checksum":"cb7d8cf688f1b8492161851551369893"},{"path":"\/template\/orders.html","checksum":"8bd79acdf48f933ee9baa7611cc6e3ba"},{"path":"\/template\/payset.html","checksum":"6aed124f45b6876433f0106ed87c4f36"},{"path":"\/template\/play.html","checksum":"a4449cae8f0dcafc5e10c8a00c8188e4"},{"path":"\/template\/plugin.html","checksum":"dc82b160962b61f23383fcd937e2bdd4"},{"path":"\/template\/poster\/headpic\/15422590997860.png","checksum":"47383fe33ab42e3f06e3af30086898fe"},{"path":"\/template\/poster\/poster.png","checksum":"ee369f50507556de9c1c8c847e07e2ef"},{"path":"\/template\/poster\/poster1.png","checksum":"a616799f49bf5f29836cddf965c907c1"},{"path":"\/template\/poster\/poster2.png","checksum":"33a8c3899088ebad6960f12e263f9fc5"},{"path":"\/template\/poster\/poster3.png","checksum":"8a1a692836162fd5ee87edba4a8bd8b4"},{"path":"\/template\/poster\/treeposter.png","checksum":"c4968165bd1aee0042ec538c7ee33326"},{"path":"\/template\/promotion.html","checksum":"008d04a8005ae179d51d6008e544893e"},{"path":"\/template\/setting.html","checksum":"6b25cadba7a4f8e029416fdf68ef4dda"},{"path":"\/template\/shenhe.html","checksum":"caa276ca819da7a79d4cd1386687072b"},{"path":"\/template\/shenheset.html","checksum":"9e26d25b184799abc7415e76e4eb3254"},{"path":"\/template\/show.html","checksum":"2ea10a95ccb71ab13a180f38ab01bbc1"},{"path":"\/template\/so.html","checksum":"7af50688bc1b79328b353697f8ad2511"},{"path":"\/template\/son.html","checksum":"578cd93046eb2ad9d419ce123ed16fbf"},{"path":"\/template\/son_editwithdrawal.html","checksum":"33167e2100dfff84b14ee2e04e5c2f93"},{"path":"\/template\/son_post.html","checksum":"6bc8686b6a5a2d07c28deb7283363b98"},{"path":"\/template\/son_withdrawal.html","checksum":"7940c9e20aa06d031cfccf5a63a30d72"},{"path":"\/template\/theme.html","checksum":"61170d5112364bdf8dfd291295484a43"},{"path":"\/template\/top.html","checksum":"68c140c9f2e7f129ff180f9c8619d303"},{"path":"\/template\/tree.html","checksum":"8bce539ea36354e76e7193fdc0a3dc22"},{"path":"\/template\/treelog.html","checksum":"ee36ecf1377794633c916c91e523c072"},{"path":"\/template\/treewith.html","checksum":"5aed90e6f07d8bb0bc822725ed86eb21"},{"path":"\/template\/treewithzfb.html","checksum":"dcce4e7f2da2fea44a7b7e64eb1d38a3"},{"path":"\/template\/tuijian.html","checksum":"ed6eca3eddac4eb192b8e8e79a7966ca"},{"path":"\/template\/tuijianset.html","checksum":"d8f5f7bbbe88b92a77f6679046f15b11"},{"path":"\/template\/tuijian_post.html","checksum":"f0c2d46a62a06b60c8acd322da368d60"},{"path":"\/template\/with.html","checksum":"51d65a3e5c454aaa8e9e131154a7cd62"},{"path":"\/template\/withdrawal.html","checksum":"40298746534bbab003d8100e0126b759"},{"path":"\/tree.png","checksum":"29d7c056680a18e17b2bc04d4e9fbf1b"},{"path":"\/treeqrcode.png","checksum":"a74c15cdd139386dbb3b3670548ed48e"},{"path":"\/uninstall.php","checksum":"2c1e18d4f0fd4fae0325875f3d23d13a"},{"path":"\/upgrade.php","checksum":"88c907334f2adbe7fdfef9c1db226f4c"},{"path":"\/upload\/index.html","checksum":"c4ca4238a0b923820dcc509a6f75849b"},{"path":"\/wxapp.php","checksum":"e3f4a4fa3206765ad824771bd2ae0bbe"},{"path":"\/wxBizDataCrypt.php","checksum":"34430b7cf530a55ca35e7011e18589a5"},{"path":"\/wxpay.php","checksum":"78cc5c08ab3443208535a6e01d914a70"},{"path":"\/yaoqing.png","checksum":"755f39ef37cba6d8ef47dca8d80d72ec"}]