<?xml version="1.0" encoding="utf-8"?>
<manifest xmlns="http://www.we7.cc" versionCode="0.8,1.0">
	<application setting="true">
		<name><![CDATA[男神女神投票]]></name>
		<identifie><![CDATA[xiaof_toupiao]]></identifie>
		<version><![CDATA[5.0.6]]></version>
		<type><![CDATA[activity]]></type>
		<ability><![CDATA[男神女神投票]]></ability>
		<description><![CDATA[男神女神投票]]></description>
		<author><![CDATA[]]></author>
		<url><![CDATA[]]></url>
	</application>
	<platform>
		<subscribes>
			<message type="subscribe" />
			<message type="unsubscribe" />
		</subscribes>
		<handles>
			<message type="text" />
		</handles>
		<rule embed="true" />
		<card embed="false" />
		<supports>
			<item type="app" />
        </supports>
		<plugins>
			<item name="xiaof_toupiaot"></item>
			<item name="xiaof_toupiao_plugin_rank"></item>
			<item name="xiaof_toupiao_plugin_sendsms"></item>	
		</plugins>
	</platform>
	<bindings>
		<cover>
			<entry title="礼物功能" do="gift" state="" direct="false" />
		</cover>
		<menu>
			<entry title="活动列表" do="settinglists" state="" direct="false" />
			<entry title="报名列表" do="lists" state="" direct="false" />
			<entry title="添加新活动" do="settingedit" state="" direct="false" />
			<entry title="添加报名" do="edit" state="" direct="false" />
			<entry title="批量报名" do="batchregister" state="" direct="false" />
			<entry title="投票日志" do="votelog" state="" direct="false" />
			<entry title="分享日志" do="sharelog" state="" direct="false" />
			<entry title="现金充值记录" do="paylog" state="" direct="false" />
			<entry title="数据监控" do="safe" state="" direct="false" />
			<entry title="统计图表" do="charts" state="" direct="false" />
			<entry title="积分抽奖信息" do="drawlists" state="" direct="false" />
			<entry title="礼物道具记录" do="givinglog" state="" direct="false" />
			<entry title="获取粉丝信息" do="getunionid" state="" direct="false" />
			<entry title="诊断修复工具" do="tool" state="" direct="false" />
			<entry title="系统工具" do="systemtool" state="" direct="false" />
			<entry title="投诉记录" do="reportlog" state="" direct="false" />
			<entry title="手机ua管理" do="ua" state="" direct="false" />
		</menu>
	</bindings>
	<permissions>
	</permissions>
	<install><![CDATA[install.php]]></install>
	<uninstall><![CDATA[]]></uninstall>
	<upgrade><![CDATA[upgrade.php]]></upgrade>
</manifest>