<?xml version="1.0" encoding="utf-8"?>
<manifest xmlns="http://www.lanrenzhijia.com" versionCode="0.8,1.0">
	<application setting="false">
		<name><![CDATA[叮当活动报名]]></name>
		<identifie><![CDATA[dd_activity2]]></identifie>
		<version><![CDATA[1.0.12]]></version>
		<type><![CDATA[叮当活动报名]]></type>
		<ability><![CDATA[叮当活动报名]]></ability>
		<description><![CDATA[活动报名，活动发布]]></description>
		<author><![CDATA[懒人源码]]></author>
		<url><![CDATA[https://www.lanrenzhijia.com]]></url>
	</application>
	<platform>
		<subscribes>
			<message type="text" />
			<message type="image" />
			<message type="voice" />
			<message type="video" />
			<message type="shortvideo" />
			<message type="location" />
			<message type="link" />
			<message type="subscribe" />
			<message type="qr" />
			<message type="trace" />
			<message type="click" />
			<message type="merchant_order" />
			<message type="user_get_card" />
			<message type="user_del_card" />
			<message type="user_consume_card" />
		</subscribes>
		<handles>
		</handles>
		<rule embed="false" />
		<card embed="false" />
		<supports>
		</supports>
	</platform>
	<bindings>
		<cover>
			<entry title="活动报名" do="activity_list" state="activity_list" direct="false"/>
		</cover>
		<menu>
			<entry title="活动管理" do="activity_list" state="activity_list" direct="false"/>
			<entry title="活动报名" do="sign_up" state="sign_up" direct="false"/>
			<entry title="会员管理" do="users_list" state="users_list" direct="false"/>
		</menu>
	</bindings>
	<permissions>
	</permissions>
	<install><![CDATA[CREATE TABLE IF NOT EXISTS `ims_baoming_category` (
`id` int(11) NOT NULL AUTO_INCREMENT,
`img` varchar(255) NOT NULL,
`uniacid` int(11) NOT NULL,
`status` int(11) NOT NULL,
`category_name` varchar(255) NOT NULL,
`c_time` char(11) NOT NULL,
PRIMARY KEY (`id`)
) ENGINE=MyISAM DEFAULT CHARSET=utf8;

CREATE TABLE IF NOT EXISTS `ims_baoming_collection` (
`id` int(11) NOT NULL AUTO_INCREMENT,
`uniacid` int(11) NOT NULL,
`uid` int(11) NOT NULL,
`activity_id` int(11) NOT NULL,
`c_time` char(20) NOT NULL,
`type` int(11) NOT NULL,
`status` int(11) NOT NULL,
PRIMARY KEY (`id`)
) ENGINE=InnoDB DEFAULT CHARSET=utf8;

]]></install>
	<uninstall><![CDATA[DROP TABLE IF EXISTS `ims_baoming_category`;
DROP TABLE IF EXISTS `ims_baoming_collection`;
]]></uninstall>
	<upgrade><![CDATA[]]></upgrade>

</manifest>
