<?xml version="1.0" encoding="utf-8"?>
<manifest xmlns="http://www.lanrenzhijia.com" versionCode="0.8,1.0">
	<application setting="true">
		<name><![CDATA[微商分销商城]]></name>
		<identifie><![CDATA[wg_fenxiao]]></identifie>
		<version><![CDATA[6.4.1]]></version>
		<type><![CDATA[business]]></type>
		<ability><![CDATA[专业的分销，推广二维码，批量打印订单，批量发货，确认收货后，立即红包发佣金]]></ability>
		<description><![CDATA[专业的分销，推广二维码，批量打印订单，批量发货，确认收货后，立即红包发佣金]]></description>
		<author><![CDATA[懒人源码]]></author>
		<url><![CDATA[https://www.lanrenzhijia.com]]></url>
	</application>
	<platform>
		<subscribes>
		</subscribes>
		<handles>
			<message type="image" />
			<message type="voice" />
			<message type="video" />
			<message type="shortvideo" />
			<message type="location" />
			<message type="link" />
			<message type="subscribe" />
			<message type="qr" />
			<message type="trace" />
			<message type="click" />
			<message type="merchant_order" />
			<message type="text" />
		</handles>
		<rule embed="true" />
		<card embed="false" />
		<supports>
			<item type="app" />
        </supports>
	</platform>
	<bindings>
		<cover>
			<entry title="商城入口" do="shop" state="" direct="false" />
			<entry title="个人中心入口" do="member" state="" direct="false" />
		</cover>
		<menu>
			<entry title="首页栏目" do="index" state="" direct="false" />
			<entry title="首页列表" do="buying" state="" direct="false" />
			<entry title="订单管理" do="orders" state="" direct="false" />
			<entry title="提现列表" do="hongbaos" state="" direct="false" />
			<entry title="商品管理" do="goods" state="" direct="false" />
			<entry title="会员管理" do="members" state="" direct="false" />
			<entry title="代理申请" do="agent" state="" direct="false" />
			<entry title="幻灯片管理" do="adv" state="" direct="false" />
			<entry title="推广二维码" do="poster" state="" direct="false" />
			<entry title="快递单管理" do="kuaidi" state="" direct="false" />
			<entry title="数据统计" do="tongji" state="" direct="false" />
			<entry title="密码管理" do="passwds" state="" direct="false" />
			<entry title="评论管理" do="comment" state="" direct="false" />
			<entry title="文章管理" do="article" state="" direct="false" />
			<entry title="优惠券管理" do="coupon" state="" direct="false" />
		</menu>
	</bindings>
	<permissions>
	</permissions>
	<install><![CDATA[CREATE TABLE IF NOT EXISTS `ims_wg_fenxiao_adv` (
  `id` int(11) NOT NULL AUTO_INCREMENT,
  `weid` int(11) DEFAULT '0',
  `type` int(11) NOT NULL DEFAULT '1' COMMENT '1:top banner,2:category',
  `advname` varchar(50) DEFAULT '',
  `brief` varchar(200) NOT NULL DEFAULT '',
  `link` varchar(255) NOT NULL DEFAULT '',
  `thumb` varchar(255) DEFAULT '',
  `displayorder` int(11) DEFAULT '0',
  `enabled` int(11) DEFAULT '0',
  PRIMARY KEY (`id`),
  KEY `indx_weid` (`weid`),
  KEY `indx_enabled` (`enabled`),
  KEY `indx_displayorder` (`displayorder`)
) ENGINE=MyISAM AUTO_INCREMENT=26 DEFAULT CHARSET=utf8;
CREATE TABLE IF NOT EXISTS `ims_wg_fenxiao_agent_apply` (
  `id` int(11) NOT NULL AUTO_INCREMENT,
  `uid` int(11) NOT NULL,
  `weid` int(11) NOT NULL,
  `create_time` int(11) NOT NULL,
  PRIMARY KEY (`id`),
  UNIQUE KEY `weid` (`weid`,`uid`)
) ENGINE=InnoDB DEFAULT CHARSET=utf8;
CREATE TABLE IF NOT EXISTS `ims_wg_fenxiao_article` (
  `id` bigint(20) unsigned NOT NULL AUTO_INCREMENT,
  `weid` int(11) NOT NULL DEFAULT '0',
  `site` varchar(100) NOT NULL,
  `author` varchar(256) NOT NULL DEFAULT '',
  `category_id` int(11) NOT NULL DEFAULT '0',
  `type` int(11) NOT NULL DEFAULT '0',
  `title` varchar(500) NOT NULL DEFAULT '',
  `image` text NOT NULL,
  `kw` varchar(250) DEFAULT '',
  `url` varchar(1024) NOT NULL DEFAULT '',
  `text` varchar(300) NOT NULL DEFAULT '',
  `content` longtext NOT NULL,
  `praise` int(11) NOT NULL DEFAULT '0',
  `read_times` int(10) unsigned NOT NULL DEFAULT '0',
  `create_time` int(11) NOT NULL DEFAULT '0',
  `jump` int(11) NOT NULL DEFAULT '0',
  `special` int(11) NOT NULL DEFAULT '0' COMMENT '评论,打赏二进制',
  `state` varchar(200) NOT NULL DEFAULT '',
  `data_type` int(11) NOT NULL DEFAULT '0',
  `ad` text NOT NULL,
  `displayorder` int(11) NOT NULL DEFAULT '0',
  `md5` varchar(32) NOT NULL,
  PRIMARY KEY (`id`),
  UNIQUE KEY `md5` (`md5`)
) ENGINE=InnoDB DEFAULT CHARSET=utf8;
CREATE TABLE IF NOT EXISTS `ims_wg_fenxiao_category` (
  `id` int(10) unsigned NOT NULL AUTO_INCREMENT,
  `weid` int(10) unsigned NOT NULL DEFAULT '0' COMMENT '????',
  `name` varchar(50) NOT NULL COMMENT '????',
  `thumb` varchar(255) NOT NULL DEFAULT '' COMMENT '????',
  `parentid` int(10) unsigned NOT NULL DEFAULT '0' COMMENT '????ID,0????',
  `isrecommand` int(10) DEFAULT '0' COMMENT '????',
  `displayorder` tinyint(3) unsigned NOT NULL DEFAULT '0' COMMENT '??',
  `enabled` tinyint(1) unsigned NOT NULL DEFAULT '1' COMMENT '????',
  `ad_image` varchar(255) NOT NULL DEFAULT '' COMMENT '????????',
  `ad_url` varchar(500) NOT NULL DEFAULT '' COMMENT '????url',
  `dazhe` tinyint(1) NOT NULL DEFAULT '1' COMMENT '????',
  PRIMARY KEY (`id`),
  KEY `parentid` (`parentid`,`displayorder`) USING BTREE
) ENGINE=MyISAM AUTO_INCREMENT=38 DEFAULT CHARSET=utf8;
CREATE TABLE IF NOT EXISTS `ims_wg_fenxiao_collect` (
  `id` int(11) NOT NULL AUTO_INCREMENT,
  `uid` int(11) NOT NULL,
  `goods_id` int(11) NOT NULL,
  `craete_time` int(11) NOT NULL,
  PRIMARY KEY (`id`),
  KEY `uid` (`uid`,`goods_id`) USING BTREE
) ENGINE=InnoDB DEFAULT CHARSET=utf8;
CREATE TABLE IF NOT EXISTS `ims_wg_fenxiao_comment` (
  `id` int(11) NOT NULL AUTO_INCREMENT,
  `uniacid` int(11) NOT NULL DEFAULT '0',
  `order_detail_id` int(11) NOT NULL,
  `goods_id` int(11) NOT NULL,
  `info` varchar(500) NOT NULL,
  `comment` varchar(200) NOT NULL DEFAULT '',
  `images` varchar(500) NOT NULL,
  `star` int(11) NOT NULL DEFAULT '0',
  `status` int(11) NOT NULL DEFAULT '0',
  `uid` int(11) NOT NULL,
  `praise` int(11) NOT NULL DEFAULT '0',
  `create_time` int(11) NOT NULL,
  PRIMARY KEY (`id`),
  UNIQUE KEY `order_detail_id` (`order_detail_id`),
  KEY `goods_id` (`goods_id`)
) ENGINE=InnoDB DEFAULT CHARSET=utf8;
CREATE TABLE IF NOT EXISTS `ims_wg_fenxiao_commission` (
  `id` int(10) unsigned NOT NULL AUTO_INCREMENT,
  `weid` tinyint(3) unsigned NOT NULL,
  `fahuoshijian` int(11) NOT NULL DEFAULT '0',
  `uid` int(11) NOT NULL,
  `ordersn` varchar(32) NOT NULL,
  `p` tinyint(1) NOT NULL DEFAULT '0',
  `money` decimal(10,2) NOT NULL DEFAULT '0.00' COMMENT '????',
  `status` int(11) NOT NULL DEFAULT '0' COMMENT '0:未提现，1：已提现2：取消,3:拒绝',
  `createtime` int(10) unsigned NOT NULL DEFAULT '0',
  `update_time` int(11) NOT NULL DEFAULT '0',
  PRIMARY KEY (`id`),
  KEY `uid` (`uid`,`ordersn`) USING BTREE,
  KEY `ordersn` (`ordersn`),
  KEY `ordersn_2` (`ordersn`),
  KEY `ordersn_3` (`ordersn`),
  KEY `ordersn_4` (`ordersn`),
  KEY `ordersn_5` (`ordersn`),
  KEY `ordersn_6` (`ordersn`),
  KEY `ordersn_7` (`ordersn`),
  KEY `ordersn_8` (`ordersn`),
  KEY `ordersn_9` (`ordersn`),
  KEY `ordersn_10` (`ordersn`),
  KEY `ordersn_11` (`ordersn`),
  KEY `ordersn_12` (`ordersn`),
  KEY `ordersn_13` (`ordersn`),
  KEY `ordersn_14` (`ordersn`),
  KEY `ordersn_15` (`ordersn`),
  KEY `ordersn_16` (`ordersn`),
  KEY `ordersn_17` (`ordersn`),
  KEY `ordersn_18` (`ordersn`),
  KEY `ordersn_19` (`ordersn`),
  KEY `ordersn_20` (`ordersn`)
) ENGINE=InnoDB DEFAULT CHARSET=utf8;
CREATE TABLE IF NOT EXISTS `ims_wg_fenxiao_getcard_ids` (
  `id` int(11) NOT NULL AUTO_INCREMENT,
  `addtime` int(11) NOT NULL,
  `uniacid` int(11) NOT NULL,
  `cardid` varchar(50) NOT NULL,
  `name` varchar(50) NOT NULL,
  `url` varchar(250) NOT NULL DEFAULT '',
  PRIMARY KEY (`id`)
) ENGINE=InnoDB DEFAULT CHARSET=utf8;
CREATE TABLE IF NOT EXISTS `ims_wg_fenxiao_goods` (
  `id` int(10) unsigned NOT NULL AUTO_INCREMENT,
  `weid` int(10) unsigned NOT NULL,
  `pcate` int(10) unsigned NOT NULL DEFAULT '0' COMMENT '????',
  `ccate` int(10) unsigned NOT NULL DEFAULT '0' COMMENT '????',
  `goodsname` varchar(100) NOT NULL DEFAULT '' COMMENT '????',
  `label` varchar(10) NOT NULL DEFAULT '' COMMENT '??',
  `marketprice` decimal(10,2) NOT NULL DEFAULT '0.00' COMMENT '????',
  `real_price` decimal(10,2) NOT NULL DEFAULT '0.00' COMMENT '????',
  `jifen` int(11) NOT NULL DEFAULT '0' COMMENT '??????',
  `thumb` varchar(300) NOT NULL DEFAULT '' COMMENT '????',
  `displayorder` int(10) unsigned NOT NULL DEFAULT '0' COMMENT '??',
  `status` tinyint(1) unsigned NOT NULL DEFAULT '1' COMMENT '??',
  `quanguoyoufei` decimal(6,2) NOT NULL DEFAULT '0.00' COMMENT '????',
  `total` int(11) NOT NULL DEFAULT '0' COMMENT '?????',
  `sell_total` int(11) NOT NULL DEFAULT '0' COMMENT '?????',
  `goodstype` int(11) NOT NULL DEFAULT '0' COMMENT '0:实物:1:虚拟物品自动发货,2:虚拟物品手动发货',
  `goodspasstype` int(11) NOT NULL DEFAULT '0',
  `comment` int(11) NOT NULL DEFAULT '0',
  `update_time` int(11) NOT NULL DEFAULT '0',
  PRIMARY KEY (`id`),
  KEY `ccate` (`ccate`,`displayorder`) USING BTREE,
  KEY `pcate` (`pcate`,`displayorder`) USING BTREE
) ENGINE=MyISAM AUTO_INCREMENT=34 DEFAULT CHARSET=utf8;
CREATE TABLE IF NOT EXISTS `ims_wg_fenxiao_goods_attribute` (
  `goods_id` int(11) NOT NULL AUTO_INCREMENT,
  `limitnum` int(11) NOT NULL DEFAULT '0' COMMENT '??????',
  `content` text NOT NULL COMMENT '??',
  `service` text NOT NULL COMMENT '??',
  `zongyongjin` decimal(10,2) NOT NULL,
  `yongjin_used` decimal(10,2) NOT NULL DEFAULT '0.00' COMMENT '???????',
  `image` text NOT NULL,
  `huohao` varchar(20) NOT NULL DEFAULT '',
  `weight` int(11) NOT NULL DEFAULT '0',
  `duliyongjin` int(11) NOT NULL DEFAULT '0',
  `yongjin1` int(10) NOT NULL DEFAULT '0',
  `yongjin2` int(10) NOT NULL DEFAULT '0',
  `yongjin3` int(10) NOT NULL DEFAULT '0',
  `fenxiao` int(11) NOT NULL DEFAULT '1' COMMENT '?????? 1:??,0:???',
  `goodslianjie` varchar(500) NOT NULL DEFAULT '' COMMENT '????',
  `goodslianjieshuoming` varchar(300) NOT NULL DEFAULT '' COMMENT '推送链接说明',
  `nobaoyouarea` varchar(1000) NOT NULL DEFAULT '' COMMENT '?????',
  `partyoufei` decimal(6,2) NOT NULL DEFAULT '0.00' COMMENT '???????    ',
  `youfeigoodsnum` int(11) NOT NULL DEFAULT '1',
  `notice` varchar(100) NOT NULL DEFAULT '',
  `seller` varchar(50) NOT NULL DEFAULT '' COMMENT '??????',
  `goumaiyaoqiu` varchar(200) NOT NULL DEFAULT '' COMMENT '????',
  PRIMARY KEY (`goods_id`),
  UNIQUE KEY `goods_id` (`goods_id`)
) ENGINE=InnoDB AUTO_INCREMENT=34 DEFAULT CHARSET=utf8;
CREATE TABLE IF NOT EXISTS `ims_wg_fenxiao_goods_type` (
  `id` int(11) NOT NULL AUTO_INCREMENT,
  `goods_id` int(11) NOT NULL,
  `title` varchar(30) NOT NULL,
  `amount_total` int(11) NOT NULL DEFAULT '0',
  `amount_sell` int(11) NOT NULL DEFAULT '0',
  `marketprice` decimal(10,2) NOT NULL,
  `jifen` int(11) NOT NULL DEFAULT '0',
  `display_order` int(11) NOT NULL DEFAULT '0',
  `del` int(11) NOT NULL DEFAULT '0',
  PRIMARY KEY (`id`),
  KEY `goods_id` (`goods_id`,`display_order`) USING BTREE
) ENGINE=InnoDB AUTO_INCREMENT=34 DEFAULT CHARSET=utf8;
CREATE TABLE IF NOT EXISTS `ims_wg_fenxiao_gou` (
  `id` int(11) NOT NULL AUTO_INCREMENT,
  `goods_id` int(11) NOT NULL,
  `type` int(11) NOT NULL DEFAULT '1' COMMENT '1:????,2:??????',
  `weid` int(11) NOT NULL,
  `start` int(11) NOT NULL,
  `end` int(11) NOT NULL,
  `weight` int(11) NOT NULL DEFAULT '0',
  `zhekou` decimal(4,2) NOT NULL DEFAULT '0.00',
  `update_time` int(11) NOT NULL DEFAULT '0',
  PRIMARY KEY (`id`),
  KEY `start` (`start`,`end`,`weight`) USING BTREE
) ENGINE=InnoDB DEFAULT CHARSET=utf8;
CREATE TABLE IF NOT EXISTS `ims_wg_fenxiao_hongbao` (
  `id` int(10) unsigned NOT NULL AUTO_INCREMENT,
  `weid` tinyint(3) unsigned NOT NULL,
  `uid` int(11) NOT NULL,
  `money` decimal(6,2) NOT NULL DEFAULT '0.00',
  `status` int(11) NOT NULL DEFAULT '0' COMMENT '0:???,1:OK,2:fail',
  `err_code` varchar(32) NOT NULL DEFAULT '',
  `err_code_des` varchar(128) NOT NULL DEFAULT '',
  `create_time` int(10) unsigned NOT NULL DEFAULT '0',
  `billno` varchar(35) NOT NULL DEFAULT '' COMMENT '????',
  `send_listid` varchar(32) NOT NULL DEFAULT '',
  PRIMARY KEY (`id`),
  KEY `uid` (`uid`) USING BTREE
) ENGINE=InnoDB DEFAULT CHARSET=utf8;
CREATE TABLE IF NOT EXISTS `ims_wg_fenxiao_jifen_mingxi` (
  `id` int(10) unsigned NOT NULL AUTO_INCREMENT,
  `memberid` int(10) unsigned NOT NULL,
  `jifen` decimal(6,2) NOT NULL,
  `shuoming` varchar(500) NOT NULL DEFAULT '',
  `createtime` int(11) NOT NULL,
  PRIMARY KEY (`id`),
  KEY `memberid` (`memberid`),
  KEY `memberid_2` (`memberid`),
  KEY `memberid_3` (`memberid`),
  KEY `memberid_4` (`memberid`),
  KEY `memberid_5` (`memberid`),
  KEY `memberid_6` (`memberid`),
  KEY `memberid_7` (`memberid`),
  KEY `memberid_8` (`memberid`),
  KEY `memberid_9` (`memberid`),
  KEY `memberid_10` (`memberid`),
  KEY `memberid_11` (`memberid`),
  KEY `memberid_12` (`memberid`),
  KEY `memberid_13` (`memberid`),
  KEY `memberid_14` (`memberid`),
  KEY `memberid_15` (`memberid`),
  KEY `memberid_16` (`memberid`),
  KEY `memberid_17` (`memberid`),
  KEY `memberid_18` (`memberid`),
  KEY `memberid_19` (`memberid`),
  KEY `memberid_20` (`memberid`)
) ENGINE=InnoDB DEFAULT CHARSET=utf8;
CREATE TABLE IF NOT EXISTS `ims_wg_fenxiao_kuaidi` (
  `id` int(11) NOT NULL AUTO_INCREMENT,
  `weid` int(11) DEFAULT '0',
  `title` char(20) DEFAULT '' COMMENT '?????',
  `isdefault` tinyint(3) DEFAULT '0' COMMENT '???????',
  `bg` varchar(255) DEFAULT '' COMMENT '????',
  `data` text,
  `name` char(4) NOT NULL DEFAULT '',
  `gongsi` char(80) NOT NULL DEFAULT '',
  `sheng` char(15) NOT NULL DEFAULT '',
  `shi` char(15) NOT NULL DEFAULT '',
  `qu` char(20) NOT NULL DEFAULT '',
  `dizhi` char(100) NOT NULL DEFAULT '',
  `tel` char(11) NOT NULL DEFAULT '',
  `youbian` char(20) NOT NULL DEFAULT '',
  PRIMARY KEY (`id`)
) ENGINE=MyISAM DEFAULT CHARSET=utf8;
CREATE TABLE IF NOT EXISTS `ims_wg_fenxiao_member` (
  `id` int(11) NOT NULL AUTO_INCREMENT,
  `weid` int(11) NOT NULL DEFAULT '0',
  `openid` varchar(50) NOT NULL DEFAULT '',
  `nickname` varchar(255) NOT NULL DEFAULT '',
  `avatar` varchar(500) NOT NULL DEFAULT '',
  `follow` tinyint(1) NOT NULL DEFAULT '0',
  `username` varchar(15) CHARACTER SET utf8 NOT NULL DEFAULT '' COMMENT '????',
  `weixinhao` varchar(50) NOT NULL DEFAULT '',
  `wxerweima` varchar(500) NOT NULL DEFAULT '' COMMENT '?????',
  `mobile` varchar(11) NOT NULL DEFAULT '',
  `parent_id` int(11) NOT NULL DEFAULT '0',
  `isagent` tinyint(1) NOT NULL DEFAULT '0',
  `agentlevel` int(11) NOT NULL DEFAULT '0',
  `consume` decimal(10,2) NOT NULL DEFAULT '0.00' COMMENT '????',
  `commission` decimal(10,2) NOT NULL DEFAULT '0.00' COMMENT '?????',
  `commission_pay` decimal(10,2) NOT NULL DEFAULT '0.00' COMMENT '?????',
  `jifen` int(11) unsigned NOT NULL DEFAULT '0',
  `order_num` int(11) NOT NULL DEFAULT '0' COMMENT '?????',
  `agenttime` int(10) NOT NULL DEFAULT '0',
  `level_jiang` tinyint(4) NOT NULL DEFAULT '0' COMMENT '???',
  `subscribe` int(11) NOT NULL DEFAULT '0',
  PRIMARY KEY (`id`),
  UNIQUE KEY `openid` (`openid`,`weid`) USING BTREE,
  KEY `parent_id` (`parent_id`)
) ENGINE=InnoDB AUTO_INCREMENT=4 DEFAULT CHARSET=utf8mb4;
CREATE TABLE IF NOT EXISTS `ims_wg_fenxiao_member_address` (
  `id` int(10) unsigned NOT NULL AUTO_INCREMENT,
  `uniacid` int(10) unsigned NOT NULL,
  `uid` int(50) unsigned NOT NULL,
  `username` varchar(20) NOT NULL,
  `mobile` varchar(11) NOT NULL,
  `zipcode` varchar(6) NOT NULL,
  `province` varchar(32) NOT NULL,
  `city` varchar(32) NOT NULL,
  `district` varchar(32) NOT NULL,
  `address` varchar(512) NOT NULL,
  `use_time` int(11) unsigned NOT NULL DEFAULT '0' COMMENT '????',
  `del` int(11) NOT NULL DEFAULT '0',
  PRIMARY KEY (`id`),
  KEY `idx_uinacid` (`uniacid`),
  KEY `idx_uid` (`uid`)
) ENGINE=MyISAM AUTO_INCREMENT=5 DEFAULT CHARSET=utf8;
CREATE TABLE IF NOT EXISTS `ims_wg_fenxiao_member_level` (
  `id` int(11) NOT NULL AUTO_INCREMENT,
  `weid` int(10) unsigned NOT NULL,
  `level` tinyint(4) NOT NULL DEFAULT '0' COMMENT '????',
  `levelname` varchar(50) NOT NULL DEFAULT '' COMMENT '????',
  `jifen` int(10) unsigned NOT NULL COMMENT '????',
  `zhekou` decimal(4,2) NOT NULL COMMENT '??',
  `yijiyongjin` decimal(5,2) NOT NULL COMMENT '????',
  `erjiyongjin` decimal(5,2) NOT NULL COMMENT '????',
  `sanjiyongjin` decimal(5,2) NOT NULL COMMENT '????',
  `yicijiangli` decimal(10,2) NOT NULL DEFAULT '0.00' COMMENT '????',
  `meidanjiangli` decimal(10,2) NOT NULL DEFAULT '0.00' COMMENT '????',
  `onenum` smallint(6) NOT NULL DEFAULT '0' COMMENT '1???',
  `twonum` smallint(6) NOT NULL DEFAULT '0' COMMENT '2???',
  `threenum` smallint(6) NOT NULL DEFAULT '0' COMMENT '3???',
  PRIMARY KEY (`id`),
  KEY `jifen` (`weid`,`jifen`) USING BTREE
) ENGINE=MyISAM AUTO_INCREMENT=3 DEFAULT CHARSET=utf8;
CREATE TABLE IF NOT EXISTS `ims_wg_fenxiao_news_reply` (
  `id` int(10) unsigned NOT NULL AUTO_INCREMENT,
  `rid` int(10) unsigned NOT NULL,
  `parent_id` int(10) NOT NULL,
  `title` varchar(50) NOT NULL,
  `author` varchar(64) NOT NULL,
  `description` varchar(255) NOT NULL,
  `thumb` varchar(255) NOT NULL,
  `content` mediumtext NOT NULL,
  `url` varchar(255) NOT NULL,
  `displayorder` int(10) NOT NULL,
  `incontent` tinyint(1) NOT NULL,
  `createtime` int(10) NOT NULL,
  PRIMARY KEY (`id`),
  KEY `rid` (`rid`)
) ENGINE=MyISAM AUTO_INCREMENT=2 DEFAULT CHARSET=utf8;
CREATE TABLE IF NOT EXISTS `ims_wg_fenxiao_order` (
  `id` int(10) unsigned NOT NULL AUTO_INCREMENT,
  `weid` int(10) unsigned NOT NULL,
  `memberid` int(10) unsigned NOT NULL,
  `ordersn` char(20) NOT NULL,
  `total` int(10) unsigned NOT NULL DEFAULT '1' COMMENT '?????',
  `orderprice` decimal(10,2) NOT NULL DEFAULT '0.00',
  `yunfei` decimal(6,2) NOT NULL DEFAULT '0.00',
  `jifen` int(11) NOT NULL DEFAULT '0' COMMENT '?????',
  `addressid` int(10) unsigned NOT NULL COMMENT '??????',
  `remark` text NOT NULL,
  `status` tinyint(4) NOT NULL DEFAULT '0' COMMENT '-1?????0?????1?????2?????3?????4??????5?????6??????',
  `paytype` char(10) NOT NULL COMMENT '????',
  `transid` varchar(30) NOT NULL DEFAULT '0' COMMENT '??????',
  `zhifutime` int(10) unsigned NOT NULL COMMENT '????',
  `expresscom` varchar(30) NOT NULL DEFAULT '',
  `expresssn` varchar(100) NOT NULL DEFAULT '',
  `fahuotime` int(10) unsigned NOT NULL DEFAULT '0',
  `createtime` int(10) unsigned NOT NULL,
  `commision_time` int(11) NOT NULL DEFAULT '0' COMMENT '??????',
  `parent1` int(10) unsigned NOT NULL DEFAULT '0',
  `parent2` int(10) unsigned NOT NULL DEFAULT '0',
  `parent3` int(10) unsigned NOT NULL DEFAULT '0',
  `commision1` decimal(10,2) NOT NULL DEFAULT '0.00',
  `commision2` decimal(10,2) NOT NULL DEFAULT '0.00',
  `commision3` decimal(10,2) NOT NULL DEFAULT '0.00',
  `hongbao1` int(11) NOT NULL DEFAULT '0' COMMENT '??1??',
  `hongbao2` int(11) NOT NULL DEFAULT '0',
  `hongbao3` int(11) NOT NULL DEFAULT '0',
  `shouhuotime` int(11) unsigned NOT NULL DEFAULT '0' COMMENT '????',
  `dianzimiandan` text NOT NULL,
  `coupon_id` int(11) NOT NULL DEFAULT '0',
  `real_pay` decimal(10,2) NOT NULL DEFAULT '0.00',
  `special` int(11) NOT NULL DEFAULT '0',
  PRIMARY KEY (`id`),
  UNIQUE KEY `ordersn` (`ordersn`) USING BTREE,
  KEY `memberid` (`memberid`),
  KEY `fahuotime` (`fahuotime`),
  KEY `createtime` (`createtime`)
) ENGINE=InnoDB AUTO_INCREMENT=4 DEFAULT CHARSET=utf8;
CREATE TABLE IF NOT EXISTS `ims_wg_fenxiao_order_detail` (
  `id` int(11) NOT NULL AUTO_INCREMENT,
  `order_id` int(11) NOT NULL,
  `goods_id` int(11) NOT NULL,
  `amount` int(11) NOT NULL,
  `title` varchar(100) NOT NULL DEFAULT '' COMMENT '????',
  `price` decimal(10,2) NOT NULL,
  `thumb` varchar(300) NOT NULL DEFAULT '',
  `type_id` int(11) NOT NULL,
  `type_title` varchar(30) NOT NULL DEFAULT '',
  `goodstype` int(11) NOT NULL DEFAULT '0' COMMENT '是否是虚拟物品',
  `goodspasstype` int(11) NOT NULL DEFAULT '0',
  `commision1` decimal(10,2) NOT NULL DEFAULT '0.00',
  `commision2` decimal(10,2) NOT NULL DEFAULT '0.00',
  `commision3` decimal(10,2) NOT NULL DEFAULT '0.00',
  `remark` text NOT NULL COMMENT '卡密',
  PRIMARY KEY (`id`),
  KEY `order_id` (`order_id`)
) ENGINE=InnoDB AUTO_INCREMENT=4 DEFAULT CHARSET=utf8;
CREATE TABLE IF NOT EXISTS `ims_wg_fenxiao_passwd_type` (
  `id` int(10) unsigned NOT NULL AUTO_INCREMENT,
  `weid` int(10) unsigned NOT NULL COMMENT '???',
  `name` char(80) NOT NULL DEFAULT '',
  PRIMARY KEY (`id`)
) ENGINE=MyISAM AUTO_INCREMENT=6 DEFAULT CHARSET=utf8;
CREATE TABLE IF NOT EXISTS `ims_wg_fenxiao_passwds` (
  `id` int(11) NOT NULL AUTO_INCREMENT,
  `weid` int(11) DEFAULT '0',
  `uid` int(11) NOT NULL DEFAULT '0',
  `order_detail_id` int(11) NOT NULL DEFAULT '0',
  `type` int(11) NOT NULL DEFAULT '0' COMMENT '??',
  `code` varchar(50) DEFAULT '',
  `status` tinyint(1) DEFAULT '0' COMMENT '0:未发送,1:发放,2:核销',
  `createtime` int(10) unsigned DEFAULT NULL,
  `update_time` int(11) NOT NULL DEFAULT '0',
  PRIMARY KEY (`id`),
  KEY `indx_uniacid` (`weid`),
  KEY `type` (`type`),
  KEY `order_detail_id` (`order_detail_id`),
  KEY `type_2` (`type`),
  KEY `type_3` (`type`),
  KEY `type_4` (`type`),
  KEY `type_5` (`type`),
  KEY `type_6` (`type`),
  KEY `type_7` (`type`),
  KEY `type_8` (`type`),
  KEY `type_9` (`type`),
  KEY `type_10` (`type`),
  KEY `type_11` (`type`),
  KEY `type_12` (`type`),
  KEY `type_13` (`type`),
  KEY `type_14` (`type`),
  KEY `type_15` (`type`),
  KEY `type_16` (`type`)
) ENGINE=InnoDB DEFAULT CHARSET=utf8;
CREATE TABLE IF NOT EXISTS `ims_wg_fenxiao_poster` (
  `id` int(11) NOT NULL AUTO_INCREMENT,
  `weid` int(11) DEFAULT '0',
  `title` char(20) DEFAULT '' COMMENT '?????',
  `isdefault` tinyint(3) DEFAULT '0' COMMENT '???????',
  `bg` varchar(255) DEFAULT '' COMMENT '????',
  `data` text,
  `waittext` varchar(255) DEFAULT '',
  `notext` varchar(20) NOT NULL DEFAULT '',
  `isopen` tinyint(3) DEFAULT '0',
  `createtime` int(10) unsigned NOT NULL DEFAULT '0',
  PRIMARY KEY (`id`)
) ENGINE=MyISAM AUTO_INCREMENT=3 DEFAULT CHARSET=utf8;
CREATE TABLE IF NOT EXISTS `ims_wg_fenxiao_poster_qr` (
  `id` int(11) NOT NULL AUTO_INCREMENT,
  `weid` int(10) unsigned NOT NULL,
  `openid` varchar(100) NOT NULL DEFAULT '',
  `mediaid` varchar(255) NOT NULL DEFAULT '',
  `ticket` varchar(250) NOT NULL DEFAULT '',
  `url` varchar(80) NOT NULL DEFAULT '',
  `createtime` int(10) unsigned NOT NULL DEFAULT '0',
  `qrimg` varchar(1000) NOT NULL DEFAULT '',
  PRIMARY KEY (`id`),
  UNIQUE KEY `openid` (`openid`)
) ENGINE=MyISAM AUTO_INCREMENT=5 DEFAULT CHARSET=utf8;
CREATE TABLE IF NOT EXISTS `ims_wg_fenxiao_shopping_cart` (
  `id` int(11) NOT NULL AUTO_INCREMENT,
  `uid` int(11) NOT NULL,
  `goods_id` int(11) NOT NULL,
  `amount` int(11) NOT NULL,
  `type` int(11) NOT NULL DEFAULT '0',
  PRIMARY KEY (`id`),
  UNIQUE KEY `uid` (`uid`,`goods_id`,`type`) USING BTREE
) ENGINE=InnoDB AUTO_INCREMENT=2 DEFAULT CHARSET=utf8;
]]></install>
	<uninstall><![CDATA[DROP TABLE IF EXISTS `ims_wg_fenxiao_adv`;
DROP TABLE IF EXISTS `ims_wg_fenxiao_agent_apply`;
DROP TABLE IF EXISTS `ims_wg_fenxiao_article`;
DROP TABLE IF EXISTS `ims_wg_fenxiao_category`;
DROP TABLE IF EXISTS `ims_wg_fenxiao_collect`;
DROP TABLE IF EXISTS `ims_wg_fenxiao_comment`;
DROP TABLE IF EXISTS `ims_wg_fenxiao_commission`;
DROP TABLE IF EXISTS `ims_wg_fenxiao_getcard_ids`;
DROP TABLE IF EXISTS `ims_wg_fenxiao_goods`;
DROP TABLE IF EXISTS `ims_wg_fenxiao_goods_attribute`;
DROP TABLE IF EXISTS `ims_wg_fenxiao_goods_type`;
DROP TABLE IF EXISTS `ims_wg_fenxiao_gou`;
DROP TABLE IF EXISTS `ims_wg_fenxiao_hongbao`;
DROP TABLE IF EXISTS `ims_wg_fenxiao_jifen_mingxi`;
DROP TABLE IF EXISTS `ims_wg_fenxiao_kuaidi`;
DROP TABLE IF EXISTS `ims_wg_fenxiao_member`;
DROP TABLE IF EXISTS `ims_wg_fenxiao_member_address`;
DROP TABLE IF EXISTS `ims_wg_fenxiao_member_level`;
DROP TABLE IF EXISTS `ims_wg_fenxiao_news_reply`;
DROP TABLE IF EXISTS `ims_wg_fenxiao_order`;
DROP TABLE IF EXISTS `ims_wg_fenxiao_order_detail`;
DROP TABLE IF EXISTS `ims_wg_fenxiao_passwd_type`;
DROP TABLE IF EXISTS `ims_wg_fenxiao_passwds`;
DROP TABLE IF EXISTS `ims_wg_fenxiao_poster`;
DROP TABLE IF EXISTS `ims_wg_fenxiao_poster_qr`;
DROP TABLE IF EXISTS `ims_wg_fenxiao_shopping_cart`;
]]></uninstall>
	<upgrade><![CDATA[upgrade.php]]></upgrade>
</manifest>