[{"path":"\/admin\/common\/attachurl.php","checksum":"cf1acb2c20d781ea199feaa9fc9d48bc"},{"path":"\/admin\/common\/bootstrap.sys.inc.php","checksum":"cd295a69bd937bd300df145e27fb049d"},{"path":"\/admin\/common\/common.func.php","checksum":"5a278674c8ff337819eb424633fa18f4"},{"path":"\/admin\/common\/template.func.php","checksum":"cab2acbd445dccc904a73024303ace31"},{"path":"\/admin\/index.php","checksum":"302708c90f63d55c98967db5e421c936"},{"path":"\/admin\/source\/site\/entry.ctrl.php","checksum":"23b879c24040251bcb56e3d172793e63"},{"path":"\/admin\/source\/user\/login.ctrl.php","checksum":"7f0895475a40173f5ece61e3cd191e26"},{"path":"\/admin\/source\/user\/logout.ctrl.php","checksum":"e1b37433f6d4e39436ae6c40b2fb0693"},{"path":"\/admin\/source\/utility\/file.ctrl.php","checksum":"6f835bf0d85fd3e9533c2794b5814ed2"},{"path":"\/admin\/source\/utility\/__init.php","checksum":"221f9122c03c4212bed97e8e004202db"},{"path":"\/admin\/themes\/default\/common\/footer-base.html","checksum":"321ce2705a34828f9b5d993c100e8b2b"},{"path":"\/admin\/themes\/default\/common\/footer-cms.html","checksum":"62fa97e9bc35149414a517b614731d7d"},{"path":"\/admin\/themes\/default\/common\/footer-gw.html","checksum":"7be96e41f312738c4ade0d7037a159eb"},{"path":"\/admin\/themes\/default\/common\/footer.html","checksum":"acc3889ecf78a1f4923605214473fa49"},{"path":"\/admin\/themes\/default\/common\/header-base.html","checksum":"cbf60b1c8810f177dd5e6f2f263c9d8b"},{"path":"\/admin\/themes\/default\/common\/header-cms.html","checksum":"7517903eef4b0075475b56afc3135397"},{"path":"\/admin\/themes\/default\/common\/header-gw.html","checksum":"9904cb9e2c26fb333415c91c641c062b"},{"path":"\/admin\/themes\/default\/common\/header.html","checksum":"e3a8caa9186541227a222544437b398e"},{"path":"\/admin\/themes\/default\/common\/message.html","checksum":"0bdc44ca6eb4f30694e0dacac846ea94"},{"path":"\/admin\/themes\/default\/user\/login.html","checksum":"7b7e5526651086ecd93ff384c12d6cbe"},{"path":"\/class\/func.php","checksum":"6b5bb29f4c9bebdae58b8a2bff42cb35"},{"path":"\/class\/UploadFile.class.php","checksum":"fb7938592b0a0f473f1f8fa8ac5bbbbb"},{"path":"\/db.sql","checksum":"4f05bfc11705a5f30ccfc8748a85bcde"},{"path":"\/errorCode.php","checksum":"d9eb8e7a60d7d43d7a3ca80d55cad2ce"},{"path":"\/hong.php","checksum":"c426191d95d99efdf8b90ade6ee09dd9"},{"path":"\/icon.jpg","checksum":"09121d57f57de0792f03608e82b71aa7"},{"path":"\/inc\/func\/core.php","checksum":"47aa419b06f9d30e3b4dd4cb472f5261"},{"path":"\/inc\/web\/active.inc.php","checksum":"55015a4bc42047184f6bbcf55a4531fe"},{"path":"\/inc\/web\/activeinfo.inc.php","checksum":"8da8ce3179893679803f27be94db3672"},{"path":"\/inc\/web\/addadmin.inc.php","checksum":"ae6150dbcf70fd1065715f2c4e79a245"},{"path":"\/inc\/web\/addbargain.inc.php","checksum":"35be08ca7d4058793b26fff7bc128bd0"},{"path":"\/inc\/web\/addbranch.inc.php","checksum":"073e82cc704eeda39a716b8279fcefc7"},{"path":"\/inc\/web\/addcard.inc.php","checksum":"e5c917d3e848521cf644a7f9a305099c"},{"path":"\/inc\/web\/addcardfont.inc.php","checksum":"fd695e54dfbbe61831ab0c36f307b2fd"},{"path":"\/inc\/web\/addfindclassify.inc.php","checksum":"8335ac08e7978a41c1d599c10948fcce"},{"path":"\/inc\/web\/addhouse.inc.php","checksum":"623a7a7e08b6d7ba1475e6467fb817af"},{"path":"\/inc\/web\/addhousetype.inc.php","checksum":"d9d970435205a11210503fb98109c24c"},{"path":"\/inc\/web\/addjoin.inc.php","checksum":"b6937d5f7745daf35a3e30979ecb17d6"},{"path":"\/inc\/web\/addnews.inc.php","checksum":"bcf755ebc802afa88fea50cf8bd9f080"},{"path":"\/inc\/web\/addnewsclassify.inc.php","checksum":"5898b0933007da50259b883a6dd83473"},{"path":"\/inc\/web\/addquestion.inc.php","checksum":"312c2d28334cba2ddb4057af2fce22a1"},{"path":"\/inc\/web\/addquestionclassify.inc.php","checksum":"2deb432ee55fbc050ed845ddaa6fdcb0"},{"path":"\/inc\/web\/addregion.inc.php","checksum":"530066ab202cd81a20387331083b9684"},{"path":"\/inc\/web\/adpic.inc.php","checksum":"c039d7c69f636513ec333638535786e3"},{"path":"\/inc\/web\/adpic_list.inc.php","checksum":"acf62438685cab8ac3ee56f7bf6b636c"},{"path":"\/inc\/web\/adsign.inc.php","checksum":"26f9e48bfb7941997f1f8a19375ba3b4"},{"path":"\/inc\/web\/banner.inc.php","checksum":"9008e16698f60491eceb1f25736ceb90"},{"path":"\/inc\/web\/branchlist.inc.php","checksum":"87ecae5781586a8cacd5809ac400de43"},{"path":"\/inc\/web\/cardfont.inc.php","checksum":"7e8afe745eebc9727fcb85e9e78b8895"},{"path":"\/inc\/web\/cardlist.inc.php","checksum":"ac0f1b97527ffe76e04d40399c9ab79d"},{"path":"\/inc\/web\/findclassify.inc.php","checksum":"bb55be4a976c71bef894926911cbfa0e"},{"path":"\/inc\/web\/findcomment.inc.php","checksum":"c7a1e769d695d44dae184644f5038ff8"},{"path":"\/inc\/web\/findlist.inc.php","checksum":"5e46376f9de26728cc00fa69cd1a52fa"},{"path":"\/inc\/web\/fontlog.inc.php","checksum":"20363db7ae5e4630bbe349b680e8795c"},{"path":"\/inc\/web\/hothouse.inc.php","checksum":"b17b69d43934d1e57fc0ee43aac1b9fc"},{"path":"\/inc\/web\/houselist.inc.php","checksum":"93dc4e3a9a2a67d3fe934836074f4a7e"},{"path":"\/inc\/web\/housetypelist.inc.php","checksum":"65e89d234ac4e35a665ee9ac50abdb3a"},{"path":"\/inc\/web\/index.inc.php","checksum":"5d2164b67344f961bf0b309a9866c966"},{"path":"\/inc\/web\/joinlist.inc.php","checksum":"c1b2bbb2558e5f7ff34c9b807698de85"},{"path":"\/inc\/web\/logoset.inc.php","checksum":"084421f539c565453b4feb843dc1b780"},{"path":"\/inc\/web\/msgset.inc.php","checksum":"0ca93e6b0b3e59af77edd09465b240a3"},{"path":"\/inc\/web\/myset.inc.php","checksum":"7a0854d314ef853a408d6db9788dc560"},{"path":"\/inc\/web\/navset.inc.php","checksum":"555b64ed76143b2026c5cf25a2af384c"},{"path":"\/inc\/web\/newsclassify.inc.php","checksum":"aebfc1949e195c433b3220a997cb600c"},{"path":"\/inc\/web\/newslist.inc.php","checksum":"3cfe9f6ea18295c75f3f84a302613366"},{"path":"\/inc\/web\/order.inc.php","checksum":"5a7b86e7462ef039ca3dc6d98b218e15"},{"path":"\/inc\/web\/orderlist.inc.php","checksum":"4f6c0345dded193393cbcc6779432e02"},{"path":"\/inc\/web\/peiz.inc.php","checksum":"fc2c9a0f766a4a25db6397cc765f2a73"},{"path":"\/inc\/web\/prizelog.inc.php","checksum":"57f498a647f673a69eac7fa06e80567e"},{"path":"\/inc\/web\/questionclassify.inc.php","checksum":"7f3d8a045e8cdcf040384ab8852efa34"},{"path":"\/inc\/web\/questionlist.inc.php","checksum":"6c96c3f1d3d79759026242e292c6c606"},{"path":"\/inc\/web\/regionlist.inc.php","checksum":"8d18956064b3fc91f4b7fbf72e3128a6"},{"path":"\/inc\/web\/systemset.inc.php","checksum":"5d06fa3c621d2e2022c8404b39db8bde"},{"path":"\/inc\/web\/template.inc.php","checksum":"3b24dfa148e1dd749fec0212bd198ad3"},{"path":"\/inc\/web\/user.inc.php","checksum":"10bdfe4f5f1d0e4300182b52ae3c90a4"},{"path":"\/inc\/web\/useradmin.inc.php","checksum":"a04908a6e61705ae829e0e129ff47389"},{"path":"\/inc\/web\/userinfo.inc.php","checksum":"e461a412810509e525e2b25a69b2b011"},{"path":"\/inc\/web\/we.inc.php","checksum":"f21a22585e825eb2ee1a46674fb81623"},{"path":"\/inc\/web\/wxcheck.inc.php","checksum":"6098942b02f4cd5a4a4dd79dea322d51"},{"path":"\/inc\/web\/ygquan.inc.php","checksum":"6b5047fb5de81ba3501d3eb3200ca747"},{"path":"\/install.php","checksum":"5d08e0cd8bdb7ff41814109e1fa933bf"},{"path":"\/map.json","checksum":"3c034ced0e69320fadac36b379790342"},{"path":"\/module.cer","checksum":"209fa0a743d446576068df70ed717f42"},{"path":"\/module.php","checksum":"e609233263a367c89d17158db7f4c021"},{"path":"\/pkcs7Encoder.php","checksum":"1d82231335581fbc3c94da53a4cadc6c"},{"path":"\/site.php","checksum":"bc6a0a316ea20e53aa8da620155f1237"},{"path":"\/static\/layui\/css\/layui.css","checksum":"cc47d34ee365834594cd8ad79d1670e4"},{"path":"\/static\/layui\/css\/layui.mobile.css","checksum":"5b7881ee711025a2dfef7efa247adf42"},{"path":"\/static\/layui\/css\/modules\/code.css","checksum":"4d079c06f050bf00422b85b5cedabc17"},{"path":"\/static\/layui\/css\/modules\/laydate\/default\/laydate.css","checksum":"4a6cfe54e3012570ae9892584a4cfdea"},{"path":"\/static\/layui\/css\/modules\/layer\/default\/icon-ext.png","checksum":"ba81b24c06e2e0eac1e219405b33766b"},{"path":"\/static\/layui\/css\/modules\/layer\/default\/icon.png","checksum":"551539f873d9ebe0792b120a9867d399"},{"path":"\/static\/layui\/css\/modules\/layer\/default\/layer.css","checksum":"a549fc29c7a625f3bbe1e6337bac733f"},{"path":"\/static\/layui\/css\/modules\/layer\/default\/loading-0.gif","checksum":"a72011ccdc2bcd23ba440f104c416193"},{"path":"\/static\/layui\/css\/modules\/layer\/default\/loading-1.gif","checksum":"1140bc5c7863f8e54a3c2b179e640758"},{"path":"\/static\/layui\/css\/modules\/layer\/default\/loading-2.gif","checksum":"50c5e3e79b276c92df6cc52caeb464f0"},{"path":"\/static\/layui\/font\/iconfont.eot","checksum":"1030ac1e1a773e22dc870b0b86243899"},{"path":"\/static\/layui\/font\/iconfont.svg","checksum":"2b50f6665bd903bdcb3a9c8d9c0ed21e"},{"path":"\/static\/layui\/font\/iconfont.ttf","checksum":"f68bec7504e075d3a3ce55772750fba8"},{"path":"\/static\/layui\/font\/iconfont.woff","checksum":"b8a2f65de647321f0c40591491b17fe5"},{"path":"\/static\/layui\/images\/face\/0.gif","checksum":"a06a2e3ed6da3796fbb731367d039a0a"},{"path":"\/static\/layui\/images\/face\/1.gif","checksum":"913e2f3dd1962d2a80b4ae66ddddceb3"},{"path":"\/static\/layui\/images\/face\/10.gif","checksum":"611117291370fea2ceac62c29e3895bd"},{"path":"\/static\/layui\/images\/face\/11.gif","checksum":"199be3fbe9ed7e5191c8635e05bcc0e9"},{"path":"\/static\/layui\/images\/face\/12.gif","checksum":"7621ac2727678687a5318762f580142e"},{"path":"\/static\/layui\/images\/face\/13.gif","checksum":"8621f66098b5c352706832525ca98430"},{"path":"\/static\/layui\/images\/face\/14.gif","checksum":"c30514bf7d87214840be9409e0543aa9"},{"path":"\/static\/layui\/images\/face\/15.gif","checksum":"485a20018f6fd278510c2953697ba65c"},{"path":"\/static\/layui\/images\/face\/16.gif","checksum":"3d4ee858ebba0e46a7850e13185b7c9b"},{"path":"\/static\/layui\/images\/face\/17.gif","checksum":"1e345b472299bbc72d854fea14377b19"},{"path":"\/static\/layui\/images\/face\/18.gif","checksum":"f81ed31a2829c0609354f25e1da62006"},{"path":"\/static\/layui\/images\/face\/19.gif","checksum":"fa7da45a4cf11818476a64b11972beba"},{"path":"\/static\/layui\/images\/face\/2.gif","checksum":"aec972de4da971327e4452c5b4b5fda1"},{"path":"\/static\/layui\/images\/face\/20.gif","checksum":"435dbb7f69e76dbe51c64d0208478bd5"},{"path":"\/static\/layui\/images\/face\/21.gif","checksum":"21ed3c01c99c75162cc7d5c09e557468"},{"path":"\/static\/layui\/images\/face\/22.gif","checksum":"7873504cf41c6bf81dc385e7a63e06c2"},{"path":"\/static\/layui\/images\/face\/23.gif","checksum":"84b3bd065735379c7ebf902bd356eb24"},{"path":"\/static\/layui\/images\/face\/24.gif","checksum":"9044159f1635cce276f79f2750e44bab"},{"path":"\/static\/layui\/images\/face\/25.gif","checksum":"55ff58341b23eb412186f8e89963f3ed"},{"path":"\/static\/layui\/images\/face\/26.gif","checksum":"7e64a36433e1f756dafc74093e71c678"},{"path":"\/static\/layui\/images\/face\/27.gif","checksum":"4e10558193648444470bb9a1dd7007da"},{"path":"\/static\/layui\/images\/face\/28.gif","checksum":"ed40b41d05a3020271be545a607d6d78"},{"path":"\/static\/layui\/images\/face\/29.gif","checksum":"4fb6439d891b34c4936ae34a79725b59"},{"path":"\/static\/layui\/images\/face\/3.gif","checksum":"bf97be0b15ace15dedf22f266a5c429c"},{"path":"\/static\/layui\/images\/face\/30.gif","checksum":"0b7ff8f1bbb91be880ef190767774c78"},{"path":"\/static\/layui\/images\/face\/31.gif","checksum":"dcc636d88b53e73852db566a4d9d2f20"},{"path":"\/static\/layui\/images\/face\/32.gif","checksum":"8d9e9cc9b52ca46e854480fa4900158e"},{"path":"\/static\/layui\/images\/face\/33.gif","checksum":"2f9e45312f49e02f32ce853db930295f"},{"path":"\/static\/layui\/images\/face\/34.gif","checksum":"f81a7f4f93f254d58c0e943a07d2cc0b"},{"path":"\/static\/layui\/images\/face\/35.gif","checksum":"cc8ff0383ce624c0721682aaa500b672"},{"path":"\/static\/layui\/images\/face\/36.gif","checksum":"645be9a08ae4d8aac61e6b5fb47215e5"},{"path":"\/static\/layui\/images\/face\/37.gif","checksum":"4c9e106e702751cb61861778269e2b26"},{"path":"\/static\/layui\/images\/face\/38.gif","checksum":"15bd343617ec5ea02eedfdfe575c656c"},{"path":"\/static\/layui\/images\/face\/39.gif","checksum":"edfe69e1b1f20cfa8110d9e9d2536c68"},{"path":"\/static\/layui\/images\/face\/4.gif","checksum":"4d2933c0445dc04bdaaad41f2b557137"},{"path":"\/static\/layui\/images\/face\/40.gif","checksum":"c94db1a006caf85ccb8a194335ce5621"},{"path":"\/static\/layui\/images\/face\/41.gif","checksum":"55565f0156566feef1e329177f6d83f1"},{"path":"\/static\/layui\/images\/face\/42.gif","checksum":"f24d53dee3bd1050b26d6d7cd5bca68d"},{"path":"\/static\/layui\/images\/face\/43.gif","checksum":"599c45d8a2832cc01617fb42091993df"},{"path":"\/static\/layui\/images\/face\/44.gif","checksum":"b0f285b595f10a1277774bf6844da76b"},{"path":"\/static\/layui\/images\/face\/45.gif","checksum":"d17783318c1587204b6155c2fa9986fe"},{"path":"\/static\/layui\/images\/face\/46.gif","checksum":"b72ecabbadc13888d4775ec53c9150f8"},{"path":"\/static\/layui\/images\/face\/47.gif","checksum":"8ede6bd1d173ddeb6f3f4b241c8f3513"},{"path":"\/static\/layui\/images\/face\/48.gif","checksum":"2a4c6936a09b0219d1c74f0167577b30"},{"path":"\/static\/layui\/images\/face\/49.gif","checksum":"21069e4a6b8a4f6a0af40c87a168f321"},{"path":"\/static\/layui\/images\/face\/5.gif","checksum":"8ae6b6ec8d2941a6adaee9555839e81c"},{"path":"\/static\/layui\/images\/face\/50.gif","checksum":"96664d71d30c946747bcc651d085ed7a"},{"path":"\/static\/layui\/images\/face\/51.gif","checksum":"c6c1e6c64c16d3747e251200e014f219"},{"path":"\/static\/layui\/images\/face\/52.gif","checksum":"ff4d93b3615d5d975f0b6786670b702f"},{"path":"\/static\/layui\/images\/face\/53.gif","checksum":"bc06dab3c63c4e2300c5cd4524819370"},{"path":"\/static\/layui\/images\/face\/54.gif","checksum":"aff05197849e8c8f55b2d5fe56bb56f7"},{"path":"\/static\/layui\/images\/face\/55.gif","checksum":"d7bdca562fd0b53f816eedb23148e158"},{"path":"\/static\/layui\/images\/face\/56.gif","checksum":"8c6f0b4cdd0fa9d68205bab3d8df29e4"},{"path":"\/static\/layui\/images\/face\/57.gif","checksum":"e37c81739515617cf5bc51232ad873b7"},{"path":"\/static\/layui\/images\/face\/58.gif","checksum":"89d291439d6eae4b2db6746e589f6134"},{"path":"\/static\/layui\/images\/face\/59.gif","checksum":"1cb4f698dd69602dd6f6eff121663a17"},{"path":"\/static\/layui\/images\/face\/6.gif","checksum":"9946d6232e406ba2c10b60221c5b698b"},{"path":"\/static\/layui\/images\/face\/60.gif","checksum":"71712fa565d89315b6ef2a45b3d581b5"},{"path":"\/static\/layui\/images\/face\/61.gif","checksum":"4bde9630ca80c61063813274729af4ba"},{"path":"\/static\/layui\/images\/face\/62.gif","checksum":"c0ed0920ba0d752ad77aca762050b12d"},{"path":"\/static\/layui\/images\/face\/63.gif","checksum":"907b3e81d16afb9df5ef023ede0eddf1"},{"path":"\/static\/layui\/images\/face\/64.gif","checksum":"959bacfef9ac0d3bb275504623c62375"},{"path":"\/static\/layui\/images\/face\/65.gif","checksum":"a27ed9871926a8e37c522f6c1542df9a"},{"path":"\/static\/layui\/images\/face\/66.gif","checksum":"02709c83458b72b0c73585297cc291f3"},{"path":"\/static\/layui\/images\/face\/67.gif","checksum":"ab1c7c7a43aa6f43963c7b0afc9ec787"},{"path":"\/static\/layui\/images\/face\/68.gif","checksum":"a1c8f21f98fc6eff21cb3e4d08baee2b"},{"path":"\/static\/layui\/images\/face\/69.gif","checksum":"877ff95213ae5c45721761c540810053"},{"path":"\/static\/layui\/images\/face\/7.gif","checksum":"3880bad4694b3ef38e2e58be68b875ef"},{"path":"\/static\/layui\/images\/face\/70.gif","checksum":"b7f69e6df691b1c885f541ec604c59df"},{"path":"\/static\/layui\/images\/face\/71.gif","checksum":"55a42691f8560bf2fbfed7c19389e4cf"},{"path":"\/static\/layui\/images\/face\/8.gif","checksum":"8bfcb8fe88a3b666b5460743fb2cdc49"},{"path":"\/static\/layui\/images\/face\/9.gif","checksum":"92bf7127158347196c4f9aef0d0ab301"},{"path":"\/static\/layui\/jquery-3.2.1.min.js","checksum":"c9f5aeeca3ad37bf2aa006139b935f0a"},{"path":"\/static\/layui\/layui.all.js","checksum":"cf97c6fe2b33cdf489c87acc5f737f36"},{"path":"\/static\/layui\/layui.js","checksum":"84fc667a7fc20f233d91f86bc6f20853"},{"path":"\/static\/layui\/lay\/layui.js","checksum":"84fc667a7fc20f233d91f86bc6f20853"},{"path":"\/static\/layui\/lay\/modules\/carousel.js","checksum":"5d73da8ebd1c0753b3805824da8098ad"},{"path":"\/static\/layui\/lay\/modules\/code.js","checksum":"e76eccd6a07a0a0601f4ec104324a34a"},{"path":"\/static\/layui\/lay\/modules\/element.js","checksum":"fe2b0314d41f188b8d309ac94a87b56d"},{"path":"\/static\/layui\/lay\/modules\/flow.js","checksum":"325470966746a9cab75c347e08b969f6"},{"path":"\/static\/layui\/lay\/modules\/form.js","checksum":"37c8477f2c342ffd7484fd94b40819a5"},{"path":"\/static\/layui\/lay\/modules\/jquery.js","checksum":"857492b28e338c7ed6f9c6a4e3a04708"},{"path":"\/static\/layui\/lay\/modules\/laydate.js","checksum":"6b2b9f1b5820a0854299ef5560f28f4b"},{"path":"\/static\/layui\/lay\/modules\/layedit.js","checksum":"96096425915c899464897519dc2f526c"},{"path":"\/static\/layui\/lay\/modules\/layer.js","checksum":"749b357607f7303a851f77474f4e3718"},{"path":"\/static\/layui\/lay\/modules\/laypage.js","checksum":"6b9d4942bb2340822be0003cff5bcc5f"},{"path":"\/static\/layui\/lay\/modules\/laytpl.js","checksum":"18d446ebd7535d24e6cbb2378d6adc3d"},{"path":"\/static\/layui\/lay\/modules\/layui.all.js","checksum":"cf97c6fe2b33cdf489c87acc5f737f36"},{"path":"\/static\/layui\/lay\/modules\/mobile.js","checksum":"6655c14f27b995687d521c7e1e1830b7"},{"path":"\/static\/layui\/lay\/modules\/table.js","checksum":"b767707e4f705ab348498ab591ea8233"},{"path":"\/static\/layui\/lay\/modules\/tree.js","checksum":"db25e1775629f9f5cbad3374d755c11a"},{"path":"\/static\/layui\/lay\/modules\/upload.js","checksum":"974f9f46f8058e85ac07a4df5c23664d"},{"path":"\/static\/layui\/lay\/modules\/util.js","checksum":"1bcd39ff806bd81dd50f187c3e4caa4c"},{"path":"\/static\/layui\/ueditor.all.min.js","checksum":"48ee8e78f9f3110b45b22b45bb4d31e8"},{"path":"\/static\/layui\/ueditor.config.js","checksum":"6eadaa38048a6338f4e6256ace47deab"},{"path":"\/static\/layui\/util.js","checksum":"792de08a41439daf21c141c2a64677a2"},{"path":"\/template\/images\/12.png","checksum":"ef0cad19134a82936d93546202218ae6"},{"path":"\/template\/images\/13.png","checksum":"4a809fcb0375b117efe8ee400ec28909"},{"path":"\/template\/images\/6.png","checksum":"547957d86835494e8417618c3a8bcc9d"},{"path":"\/template\/images\/add.png","checksum":"d000c48ecaca22041460b77c136798a6"},{"path":"\/template\/images\/city.png","checksum":"eeb5408bef068906e0b15e385b10f40b"},{"path":"\/template\/images\/container_bg0.png","checksum":"d3dba0bf2f4356c5cc2e7d2547eb7f1d"},{"path":"\/template\/images\/cou.jpg","checksum":"d364dcfb78adbdb282c4b175642195f8"},{"path":"\/template\/images\/dayin.png","checksum":"d6826d2d330a9e58f0d8f35c156994bf"},{"path":"\/template\/images\/dfsd.png","checksum":"a85ea5c853b1dfca178d51648459d709"},{"path":"\/template\/images\/dingdan.png","checksum":"45055c8e3f219cf233aeb870a540b931"},{"path":"\/template\/images\/dn.wav","checksum":"ecc4e729821d891cdd19816049b544c4"},{"path":"\/template\/images\/dsfddf.png","checksum":"9c060d56d6cccc377294930ce73583f6"},{"path":"\/template\/images\/duanxin.png","checksum":"8c7c31622eda0b850ddbf0757a986981"},{"path":"\/template\/images\/duanxintongdao.png","checksum":"d5f4d07abea65af7cfe6b46ddfe6005f"},{"path":"\/template\/images\/duigoubai.png","checksum":"fb76ed221b53584525149234282a1d39"},{"path":"\/template\/images\/fdfs.png","checksum":"ee3009789e897763096345c9f37f8aec"},{"path":"\/template\/images\/gou.png","checksum":"b800525dfdde65de4f119e6047cf22ec"},{"path":"\/template\/images\/guanggao.png","checksum":"84e132002d18c7a76a9c9a88b170f721"},{"path":"\/template\/images\/guanli.png","checksum":"1a03f44a5830fea103646083b714ae71"},{"path":"\/template\/images\/haixian.jpg","checksum":"2624dfb92c1adf063556a3ea8484cade"},{"path":"\/template\/images\/hb.png","checksum":"0a2515f4dff8249bfedb510358204da5"},{"path":"\/template\/images\/hhr.png","checksum":"11b533d128d8e59e5671a0dd00d1db0f"},{"path":"\/template\/images\/home.png","checksum":"7b01a01f1db87cb604232bf0c0b13365"},{"path":"\/template\/images\/huiyuan.png","checksum":"3e4ad61ed90c93a3355e80ca9e9ea139"},{"path":"\/template\/images\/icon.jpg","checksum":"41f49e206f09315cfd303a9520077d89"},{"path":"\/template\/images\/jika.png","checksum":"027bb162c3ea79b82389b4db337d4e53"},{"path":"\/template\/images\/juxing.png","checksum":"f5c1326d2c68e6d21cb8f5d9335f3fd7"},{"path":"\/template\/images\/kaiguan.png","checksum":"2b0143f312a5af9c1b5095809318f6d3"},{"path":"\/template\/images\/kanjia.jpg","checksum":"3f8a417599555da2c785d23c9d6f95a9"},{"path":"\/template\/images\/login_icon.png","checksum":"664566caafa0028bbe2f2ef392be3076"},{"path":"\/template\/images\/logo.png","checksum":"41447f0d0f9dc2572c5160659701403d"},{"path":"\/template\/images\/logo2.png","checksum":"39e9e1f338fd92ccc0fba8f07a9e0325"},{"path":"\/template\/images\/man.png","checksum":"e940a2a56b35998be20a26df852d2001"},{"path":"\/template\/images\/manjianhuodong.png","checksum":"b5d4d29192125351e9e2a648e94e5be0"},{"path":"\/template\/images\/mendian.png","checksum":"b38e4dab726e10b9ca00d9d5afc3fb26"},{"path":"\/template\/images\/miaosha.png","checksum":"e1e47b3cb9b22f8c4db2fcf220f41e9a"},{"path":"\/template\/images\/money.png","checksum":"4d1faaaaa941fd3dacfe38f57f3f212f"},{"path":"\/template\/images\/money1.png","checksum":"dad3b941f4d48cde12c3f6386c1e3179"},{"path":"\/template\/images\/money10.png","checksum":"43d58f9d970f7238e35357a10b5d2501"},{"path":"\/template\/images\/money11.png","checksum":"48c0eb6bfadd8a3db8ce913b05f496e0"},{"path":"\/template\/images\/money2.png","checksum":"29650f26c82c7684a5a1cbd884e3bf44"},{"path":"\/template\/images\/money3.png","checksum":"14a8f567edce9741d5bee7044d6c6643"},{"path":"\/template\/images\/money4.png","checksum":"fd47bb4a552022cf73dabc30597724ac"},{"path":"\/template\/images\/money5.png","checksum":"eb3d78b3295bf0586a31459d27bb498f"},{"path":"\/template\/images\/money6.png","checksum":"41635769a94b1617ad29a0e0aecc9429"},{"path":"\/template\/images\/money8.png","checksum":"dbadae3e94355a52248ef2b0d739e913"},{"path":"\/template\/images\/mt.png","checksum":"6e308b0e6499e1f42dc7eaef6a430228"},{"path":"\/template\/images\/muban3.jpg","checksum":"b90c2f1ae81fc7e2d0eae0a96a82564f"},{"path":"\/template\/images\/quyu.png","checksum":"07616ebcbdffe41cfeece2b3a2600059"},{"path":"\/template\/images\/saoma.png","checksum":"e0b7001556de4de3112978b5431b98f2"},{"path":"\/template\/images\/seller_login_bg.jpg","checksum":"b80692ef359ac9baaf8963eb1095576f"},{"path":"\/template\/images\/shezhi.png","checksum":"c3ced0563e1c4740281376bdd72ff682"},{"path":"\/template\/images\/stick.gif","checksum":"06216d9b99dca13744b113974b700bfd"},{"path":"\/template\/images\/time.png","checksum":"43c1ff21170de8c9ca5cc0febd9a4b34"},{"path":"\/template\/images\/tixian.png","checksum":"2f14f9645c715b8a54c1f8906ec870de"},{"path":"\/template\/images\/tongzhi.png","checksum":"1447fa5e82282144d36347d939bf9c2c"},{"path":"\/template\/images\/ttrgd.png","checksum":"e5b4d61bc5090293558f36bc7004de1a"},{"path":"\/template\/images\/tuceng0.png","checksum":"41ef0cd985b50564b4db7f88d236f6d3"},{"path":"\/template\/images\/tuceng1.png","checksum":"2c88ea84a70b3c27d30b71c313aae497"},{"path":"\/template\/images\/tuceng2.png","checksum":"5c4f4de1229bd5c648dd3c8f412fc883"},{"path":"\/template\/images\/tuceng4.png","checksum":"f7f5c9498d120765c61ddbbbb946866e"},{"path":"\/template\/images\/tuijian.png","checksum":"8bf45fe379021eeb5013ff8d5728c793"},{"path":"\/template\/images\/txt.png","checksum":"99e433cf8df305e8725f08f7b705e1d6"},{"path":"\/template\/images\/tz.png","checksum":"1cccb30b1c16cdb5a92dc095a4d5bf8c"},{"path":"\/template\/images\/u11_state0.png","checksum":"53078966ea081ca5600c07837a3371f4"},{"path":"\/template\/images\/u270.png","checksum":"07cb3829c4091f06908e65efddc65ca6"},{"path":"\/template\/images\/user.png","checksum":"094b64aa30988afbbdedfbc9f6723ffa"},{"path":"\/template\/images\/wm.wav","checksum":"ff91d22fcacef147520f3d35690c9256"},{"path":"\/template\/images\/wu.png","checksum":"087e05451e6c33ecb7b8e200a72bfb2e"},{"path":"\/template\/images\/xia.png","checksum":"2fdd47698205e340d05693953944d969"},{"path":"\/template\/images\/xian.png","checksum":"66eb9e61dcd5a7e6bd1b485680484bee"},{"path":"\/template\/images\/xiaoshou.png","checksum":"b901fd06b5a65dbfde2d34360df0ecef"},{"path":"\/template\/images\/xingxing.png","checksum":"a273c45822ab3b7d4609095d72d5e53b"},{"path":"\/template\/images\/xinxi1.png","checksum":"4e7877740332700fbf15786e8495f6f6"},{"path":"\/template\/images\/xinxi2.png","checksum":"5358190cf9085f3e0b8bc49b5c54690b"},{"path":"\/template\/images\/xinxi3.png","checksum":"8e1f4e0354aa5052edd20cd0a286a77e"},{"path":"\/template\/images\/xinxi4.png","checksum":"74dd0e47588cc76afabc060b3c4208b6"},{"path":"\/template\/images\/xitong.png","checksum":"8b600b83e37e8c59820cf342568a785a"},{"path":"\/template\/images\/ygrz.png","checksum":"14eee75777e80df3e4e2cd99eb1f30da"},{"path":"\/template\/images\/youhuiquan.png","checksum":"0e1f267164ab63d70b5bfa012ca17bfb"},{"path":"\/template\/images\/youhuiquan2.png","checksum":"ec033cffcf289eaee887950431e4c614"},{"path":"\/template\/images\/yuan.png","checksum":"10647d468e504f9782a347623bae4864"},{"path":"\/template\/images\/yuanxing.png","checksum":"34dfd22eb49f555568ea1cece737cb93"},{"path":"\/template\/images\/yy.wav","checksum":"41d543fba339059e55303ed067af101b"},{"path":"\/template\/images\/zhekouquan.png","checksum":"f6cfcabc1807922deb4aa782a6dbb1cf"},{"path":"\/template\/images\/zu.png","checksum":"cdf1694617fa3c07585da3da26c08eb6"},{"path":"\/template\/public\/comhead.html","checksum":"777ff07f143cc9083f3130077461f163"},{"path":"\/template\/public\/common.html","checksum":"49548b7f828e70ecccef49a11b1d0488"},{"path":"\/template\/public\/footer-base.html","checksum":"bcdec5fe63abaf6c2054b890824cf8df"},{"path":"\/template\/public\/footer.html","checksum":"7a8c673dced142d4d427b00d7b0a22e3"},{"path":"\/template\/public\/header-base.html","checksum":"0c623ce0c0d6b75bf72d48c7e587882a"},{"path":"\/template\/public\/header.html","checksum":"20a77a75ccad59a2978b224439eb8595"},{"path":"\/template\/public\/ygcss.css","checksum":"9d46f18fb8c4e2c1efde1d029812bcbe"},{"path":"\/template\/public\/ygcsslist.css","checksum":"e5fa1c21db98cd7d3fdf11b5c4256896"},{"path":"\/template\/web\/active.html","checksum":"807109895fc6539aba9546ca0548ff0a"},{"path":"\/template\/web\/addbranch.html","checksum":"06779e3e6923dd8650a1cf4b2a36ac15"},{"path":"\/template\/web\/addcard.html","checksum":"f1f61551a05793587b1bed63d1331d32"},{"path":"\/template\/web\/addcardfont.html","checksum":"793a452e10e0229ba0652c9500b24690"},{"path":"\/template\/web\/addfindclassify.html","checksum":"f1ae8decc8e82a6416e42858eb53cccb"},{"path":"\/template\/web\/addhouse.html","checksum":"c938cc68d4f811bcdbc34f0fc234ec53"},{"path":"\/template\/web\/addhousetype.html","checksum":"100499e6fb0dd1c5824c126f5d090efa"},{"path":"\/template\/web\/addnews.html","checksum":"cf3ca8840d76ead1990469495b1181ce"},{"path":"\/template\/web\/addquestion.html","checksum":"376000e229dd7bd4b84261e14f900622"},{"path":"\/template\/web\/addquestionclassify.html","checksum":"1d7b6994c37907a052e87a8925bb2e40"},{"path":"\/template\/web\/addregion.html","checksum":"4b73c47e4e933bfee74f1f366c0d4d36"},{"path":"\/template\/web\/adpic.html","checksum":"21907b2e8a040736d9277734d6f6ea51"},{"path":"\/template\/web\/adpic_list.html","checksum":"e88ea736f590b0f5ed25dc09344a97d6"},{"path":"\/template\/web\/banner.html","checksum":"113b81e1eac43b209f42d24d8e39eae1"},{"path":"\/template\/web\/branchlist.html","checksum":"1005b275c2daf117bf2a74efa657b760"},{"path":"\/template\/web\/cardfont.html","checksum":"db4e4c145e4fa6db99a0fb5c02b9d59b"},{"path":"\/template\/web\/cardlist.html","checksum":"98daa8d48dcd6d8ab82575ccc799d3e5"},{"path":"\/template\/web\/findclassify.html","checksum":"2adefe1250e8aa3bbebb1da3dfa3bbe9"},{"path":"\/template\/web\/findcomment.html","checksum":"3028e385a7485e2a29e1843eaba29c37"},{"path":"\/template\/web\/findlist.html","checksum":"f9b2de9a510c9b51e116417ccfe3592d"},{"path":"\/template\/web\/fontlog.html","checksum":"27e138a85dbc92184138748cc835dd28"},{"path":"\/template\/web\/hothouse.html","checksum":"3b85c55d5833edc9c7330adf3f65f5eb"},{"path":"\/template\/web\/houselist.html","checksum":"08a74efd5c727c5204b6cdb5cb2135b4"},{"path":"\/template\/web\/housetypelist.html","checksum":"3704df31d6c94464ab5869a32bc9523b"},{"path":"\/template\/web\/index.html","checksum":"92690c78eb19c10e390906e6563f053c"},{"path":"\/template\/web\/logoset.html","checksum":"48dfc36424a86f01a086f88bcd9b15bb"},{"path":"\/template\/web\/msgset.html","checksum":"8732ea1076798011a208da738e1c1477"},{"path":"\/template\/web\/myset.html","checksum":"f0feee35cc926ed1b8367113428e1fb2"},{"path":"\/template\/web\/navset.html","checksum":"41a2578c98c8312cd6464c9bc0858bab"},{"path":"\/template\/web\/newslist.html","checksum":"0666930d4df5c518746a527450459d05"},{"path":"\/template\/web\/order.html","checksum":"653c60ab3849c6a6f4a69154b783910c"},{"path":"\/template\/web\/orderlist.html","checksum":"9a998a1866bc77e7e463c6aed720a54e"},{"path":"\/template\/web\/peiz.html","checksum":"db51211c327cfaa9ca68788529cde13b"},{"path":"\/template\/web\/prizelog.html","checksum":"db523db05356c62ad1e853aba1161032"},{"path":"\/template\/web\/questionclassify.html","checksum":"f8a437ffecab7e495fffee3a6d0f975e"},{"path":"\/template\/web\/questionlist.html","checksum":"ed6241ff5d7cef8a572333afcf122492"},{"path":"\/template\/web\/regionlist.html","checksum":"54022f4481931e014d32c889f00dd406"},{"path":"\/template\/web\/systemset.html","checksum":"a355ac04fa590b2deaa4fc9f3062a63c"},{"path":"\/template\/web\/template.html","checksum":"af896d44629ecb658818927bd802beb5"},{"path":"\/template\/web\/user.html","checksum":"b24a9ad073c663959332479e6331b2c1"},{"path":"\/template\/web\/useradmin.html","checksum":"db68e7a3d0b80620144bf1ecc6c09ecf"},{"path":"\/template\/web\/userinfo.html","checksum":"807680340ca94ab3edf8db04df31ef71"},{"path":"\/template\/web\/we.html","checksum":"53b4465f574511830926f6d0edbceec4"},{"path":"\/template\/web\/wxcheck.html","checksum":"52da236cdefcab69c3ca4302786ab7cd"},{"path":"\/template\/web\/ygquan.html","checksum":"dce39f4aeb18bf3cfe01a5d80656805d"},{"path":"\/template\/welcome.html","checksum":"1618436b4bd15d733c1114c0792df707"},{"path":"\/upgrade.php","checksum":"dd58482128060bc17c1ed4cf0f59a9aa"},{"path":"\/wxBizDataCrypt.php","checksum":"b1bce79b8a66be27e2434f1cc13f39b7"},{"path":"\/zipviewer\/readme.txt","checksum":"8aa5e05331fcdee03a64534b5ab4273c"},{"path":"\/zipviewer\/ZipViewer.exe","checksum":"4852690d5bfb4d69a05e180027577ea0"},{"path":"\/wxapp.php","checksum":"68ccfa00747eb288d94b96801c9725ce"},{"path":"\/wxpay.php","checksum":"fa2e90068902c732683d9e953c44365c"}]