<?xml version="1.0" encoding="utf-8"?>
<manifest xmlns="http://www.lanrenzhijia.com" versionCode="0.8,1.0">
	<application setting="true">
		<name><![CDATA[螃蟹投票]]></name>
		<identifie><![CDATA[silence_vote]]></identifie>
		<version><![CDATA[1.8.5]]></version>
		<type><![CDATA[activity]]></type>
		<ability><![CDATA[螃蟹超级投票]]></ability>
		<description><![CDATA[螃蟹超级投票]]></description>
		<author><![CDATA[懒人源码]]></author>
		<url><![CDATA[https://www.lanrenzhijia.com]]></url>
	</application>
	<platform>
		<subscribes>
			<message type="text" />
			<message type="image" />
		</subscribes>
		<handles>
			<message type="text" />
			<message type="image" />
		</handles>
		<rule embed="false" />
		<card embed="false" />
		<supports>
			<item type="app" />
        </supports>
	</platform>
	<bindings>
		<menu>
			<entry title="投票管理" do="manage" state="" direct="false" />
			<entry title="刷票黑名单" do="blacklist" state="" direct="false" />
			<entry title="经纪人管理" do="agentmanage" state="" direct="false" />
			<entry title="财务报表" do="financemanage" state="" direct="false" />
			<entry title="站内信管理" do="messagemanage" state="" direct="false" />
			<entry title="提现管理" do="withdrawsmanage" state="" direct="false" />
			<entry title="模板中心" do="htmlmode" state="" direct="false" />
		</menu>
		<page>
			<entry title="首页" do="/silence_vote/pages/index/index" state="" direct="false" />
		</page>
	</bindings>
	<permissions>
	</permissions>
	<install><![CDATA[CREATE TABLE IF NOT EXISTS `ims_silence_vote_agenthb` (
  `id` int(10) unsigned NOT NULL AUTO_INCREMENT,
  `rid` int(10) unsigned NOT NULL DEFAULT '0',
  `uniacid` int(11) DEFAULT '0',
  `bill_data` mediumtext NOT NULL COMMENT '海报数据',
  `config` mediumtext COMMENT '相关配置',
  PRIMARY KEY (`id`)
) ENGINE=InnoDB AUTO_INCREMENT=2 DEFAULT CHARSET=utf8;
CREATE TABLE IF NOT EXISTS `ims_silence_vote_agentlevel` (
  `id` int(10) unsigned NOT NULL AUTO_INCREMENT,
  `uniacid` int(11) DEFAULT '0',
  `level` int(11) DEFAULT '0',
  `levelname` varchar(255) DEFAULT '0',
  `isdefault` tinyint(1) DEFAULT '0' COMMENT '是否默认等级',
  PRIMARY KEY (`id`)
) ENGINE=InnoDB AUTO_INCREMENT=4 DEFAULT CHARSET=utf8;
CREATE TABLE IF NOT EXISTS `ims_silence_vote_agentlist` (
  `id` int(10) unsigned NOT NULL AUTO_INCREMENT,
  `uniacid` int(11) DEFAULT '0',
  `username` varchar(255) DEFAULT '',
  `password` varchar(255) DEFAULT '' COMMENT '密码',
  `realname` varchar(255) DEFAULT '' COMMENT '真实姓名',
  `phonenum` varchar(255) DEFAULT '' COMMENT '手机',
  `status` tinyint(1) DEFAULT '0' COMMENT '审核状态',
  `openid` varchar(50) NOT NULL DEFAULT '0' COMMENT '用户openid',
  `avatar` varchar(255) NOT NULL DEFAULT '' COMMENT '微信头像',
  `nickname` varchar(50) NOT NULL DEFAULT '' COMMENT '微信昵称',
  `agentrecommend` int(11) DEFAULT '0' COMMENT '推荐人id',
  `agentlevel` int(11) DEFAULT '0' COMMENT '经纪人等级',
  `moneyqr` varchar(500) DEFAULT '' COMMENT '收款码',
  `createtime` int(10) DEFAULT '0' COMMENT '时间',
  `focusticket` varchar(255) DEFAULT '' COMMENT '公众号二维码ticket',
  `focusexpire` int(11) DEFAULT '0' COMMENT 'ticket过期时间',
  PRIMARY KEY (`id`)
) ENGINE=InnoDB AUTO_INCREMENT=12 DEFAULT CHARSET=utf8;
CREATE TABLE IF NOT EXISTS `ims_silence_vote_agentqrcode` (
  `id` int(10) unsigned NOT NULL AUTO_INCREMENT,
  `uniacid` int(11) DEFAULT '0',
  `agent_id` int(11) DEFAULT '0',
  `qr_path` varchar(500) DEFAULT '' COMMENT '二维码路径',
  `url` varchar(500) DEFAULT '' COMMENT '链接',
  `rid` int(10) DEFAULT '0' COMMENT '活动规则id',
  `createtime` int(10) DEFAULT '0' COMMENT '申请时间',
  PRIMARY KEY (`id`)
) ENGINE=InnoDB DEFAULT CHARSET=utf8;
CREATE TABLE IF NOT EXISTS `ims_silence_vote_agentread` (
  `id` int(10) unsigned NOT NULL AUTO_INCREMENT,
  `uniacid` int(11) DEFAULT '0',
  `read_id` int(10) DEFAULT '0' COMMENT '活动rid 站内信id',
  `type` varchar(50) DEFAULT '' COMMENT '已读种类 act活动 mesg站内信',
  `agent_id` int(10) DEFAULT '0' COMMENT '经纪人id',
  PRIMARY KEY (`id`)
) ENGINE=InnoDB DEFAULT CHARSET=utf8;
CREATE TABLE IF NOT EXISTS `ims_silence_vote_blacklist` (
  `id` int(10) unsigned NOT NULL AUTO_INCREMENT,
  `uniacid` int(11) DEFAULT '0',
  `type` varchar(1) DEFAULT '0',
  `value` varchar(50) DEFAULT NULL COMMENT '值',
  `content` varchar(50) DEFAULT NULL COMMENT '昵称，IP地区',
  `status` tinyint(1) DEFAULT '0',
  `createtime` int(10) DEFAULT '0' COMMENT '时间',
  PRIMARY KEY (`id`),
  UNIQUE KEY `content` (`content`),
  KEY `indx_uniacid` (`uniacid`)
) ENGINE=InnoDB AUTO_INCREMENT=30 DEFAULT CHARSET=utf8;
CREATE TABLE IF NOT EXISTS `ims_silence_vote_commandvote` (
  `id` int(10) unsigned NOT NULL AUTO_INCREMENT,
  `uniacid` int(11) DEFAULT '0',
  `rid` int(11) DEFAULT '0' COMMENT '规则id',
  `commandword` varchar(255) DEFAULT '' COMMENT '口令',
  `commandpiaoshu` int(11) DEFAULT '0' COMMENT '口令抵票数',
  `ismirror` tinyint(1) DEFAULT '0' COMMENT '是否镜像口令',
  `mirrorid` int(11) DEFAULT '0' COMMENT '镜像id',
  PRIMARY KEY (`id`)
) ENGINE=InnoDB DEFAULT CHARSET=utf8;
CREATE TABLE IF NOT EXISTS `ims_silence_vote_count` (
  `id` int(10) unsigned NOT NULL AUTO_INCREMENT,
  `uniacid` int(11) DEFAULT '0',
  `rid` int(10) unsigned NOT NULL DEFAULT '0',
  `tid` int(10) unsigned NOT NULL DEFAULT '0',
  `pv_total` int(1) NOT NULL,
  `share_total` int(1) NOT NULL,
  PRIMARY KEY (`id`),
  KEY `indx_uniacid` (`uniacid`),
  KEY `indx_rid` (`rid`)
) ENGINE=InnoDB AUTO_INCREMENT=981 DEFAULT CHARSET=utf8;
CREATE TABLE IF NOT EXISTS `ims_silence_vote_domainlist` (
  `id` int(10) unsigned NOT NULL AUTO_INCREMENT,
  `uniacid` int(11) DEFAULT '0',
  `rid` int(11) DEFAULT '0',
  `type` tinyint(1) DEFAULT '0' COMMENT '1，主域名，0备选域名',
  `domain` varchar(50) DEFAULT NULL COMMENT '域名',
  `extensive` tinyint(1) DEFAULT '0' COMMENT '是否泛域名',
  `description` varchar(255) NOT NULL COMMENT '备注',
  `status` tinyint(1) DEFAULT '0',
  `createtime` int(10) DEFAULT '0' COMMENT '时间',
  PRIMARY KEY (`id`),
  KEY `content` (`domain`),
  KEY `indx_uniacid` (`uniacid`)
) ENGINE=InnoDB AUTO_INCREMENT=25 DEFAULT CHARSET=utf8;
CREATE TABLE IF NOT EXISTS `ims_silence_vote_fansdata` (
  `id` int(10) unsigned NOT NULL AUTO_INCREMENT,
  `uniacid` int(11) DEFAULT '0',
  `openid` varchar(50) NOT NULL COMMENT '用户openid',
  `createtime` int(10) DEFAULT '0' COMMENT '时间',
  PRIMARY KEY (`id`),
  KEY `indx_openid` (`openid`),
  KEY `indx_uniacid` (`uniacid`)
) ENGINE=InnoDB DEFAULT CHARSET=utf8;
CREATE TABLE IF NOT EXISTS `ims_silence_vote_gift` (
  `id` int(10) unsigned NOT NULL AUTO_INCREMENT,
  `tid` int(10) unsigned NOT NULL DEFAULT '0',
  `ptid` varchar(128) NOT NULL COMMENT '订单号',
  `rid` int(10) unsigned NOT NULL DEFAULT '0',
  `uniacid` int(11) DEFAULT '0',
  `uniontid` varchar(30) NOT NULL COMMENT '商户单号',
  `paytype` varchar(20) NOT NULL COMMENT '支付类型',
  `oauth_openid` varchar(50) NOT NULL,
  `openid` varchar(50) NOT NULL DEFAULT '0' COMMENT '用户openid',
  `avatar` varchar(255) NOT NULL DEFAULT '' COMMENT '微信头像',
  `nickname` varchar(50) NOT NULL DEFAULT '' COMMENT '微信昵称',
  `user_ip` varchar(15) NOT NULL COMMENT '客户端ip',
  `gifttitle` varchar(8) DEFAULT '0' COMMENT '礼物名称',
  `giftcount` int(10) NOT NULL DEFAULT '1' COMMENT '礼物数量',
  `gifticon` varchar(255) NOT NULL COMMENT '礼物图标',
  `fee` decimal(10,2) NOT NULL COMMENT '支付金额',
  `giftvote` varchar(50) NOT NULL COMMENT '抵票数',
  `ispay` int(1) NOT NULL COMMENT '支付状态',
  `isdeal` tinyint(1) NOT NULL,
  `status` tinyint(1) DEFAULT '0' COMMENT '状态',
  `createtime` int(10) DEFAULT '0' COMMENT '时间',
  PRIMARY KEY (`id`),
  KEY `indx_tid` (`tid`),
  KEY `indx_rid` (`rid`),
  KEY `indx_openid` (`openid`),
  KEY `indx_ptid` (`ptid`)
) ENGINE=InnoDB AUTO_INCREMENT=2708 DEFAULT CHARSET=utf8;
CREATE TABLE IF NOT EXISTS `ims_silence_vote_indexagree` (
  `id` int(10) unsigned NOT NULL AUTO_INCREMENT COMMENT '首页评论ID',
  `hid` int(10) NOT NULL COMMENT '首页活动ID',
  `hdname` varchar(255) DEFAULT NULL COMMENT '活动标题',
  `openid` varchar(100) DEFAULT NULL COMMENT '用户openid',
  `uniacid` varchar(100) NOT NULL COMMENT '微信公众ID',
  `avatar` varchar(500) DEFAULT NULL COMMENT '用户头像',
  `nickname` varchar(255) DEFAULT NULL COMMENT '用户昵称',
  `content` varchar(1000) NOT NULL COMMENT '评论内容',
  `status` int(11) NOT NULL DEFAULT '0' COMMENT '审核状态',
  `createtime` varchar(100) DEFAULT NULL COMMENT '评论时间',
  PRIMARY KEY (`id`)
) ENGINE=InnoDB DEFAULT CHARSET=utf8;
CREATE TABLE IF NOT EXISTS `ims_silence_vote_message` (
  `id` int(10) unsigned NOT NULL AUTO_INCREMENT,
  `uniacid` int(11) DEFAULT '0',
  `agent_id` int(11) DEFAULT '0',
  `content` text NOT NULL COMMENT '站内信内容',
  `status` tinyint(1) DEFAULT '0' COMMENT '状态',
  `createtime` int(10) DEFAULT '0' COMMENT '时间',
  `type` varchar(50) DEFAULT '0' COMMENT '0 给总后台看 1给经纪人看',
  PRIMARY KEY (`id`)
) ENGINE=InnoDB DEFAULT CHARSET=utf8;
CREATE TABLE IF NOT EXISTS `ims_silence_vote_mirrorvote` (
  `id` int(10) unsigned NOT NULL AUTO_INCREMENT,
  `uniacid` int(11) DEFAULT '0',
  `rid` int(11) DEFAULT '0' COMMENT '规则id',
  `mirroragent` int(11) DEFAULT '0' COMMENT '镜像经纪人id',
  `title` varchar(255) DEFAULT '' COMMENT '镜像标题',
  `copyright` varchar(255) DEFAULT '' COMMENT '镜像版权',
  `indextoppic` varchar(255) DEFAULT '' COMMENT '首页顶图',
  `votetoppic` varchar(255) DEFAULT '' COMMENT '投票页顶图',
  `ad` varchar(255) DEFAULT '' COMMENT '广告',
  `commandvotepic` varchar(255) DEFAULT '' COMMENT '口令投票引导图片',
  `commandvoteword` varchar(255) DEFAULT '' COMMENT '口令投票引导文字',
  `psdfile` varchar(500) DEFAULT '' COMMENT 'psd文件地址',
  `ageditkl` tinyint(1) DEFAULT '0' COMMENT '经纪人镜像口令权限开关',
  `kljr` tinyint(1) DEFAULT '0' COMMENT '口令兼容开关',
  `mirrorsharetitle` varchar(255) DEFAULT '' COMMENT '镜像分享标题',
  `mirrorsharepic` varchar(255) DEFAULT '' COMMENT '镜像分享图片',
  `mirrorsharedesc` varchar(255) DEFAULT '' COMMENT '镜像分享描述',
  PRIMARY KEY (`id`)
) ENGINE=InnoDB DEFAULT CHARSET=utf8;
CREATE TABLE IF NOT EXISTS `ims_silence_vote_redpack` (
  `id` int(10) unsigned NOT NULL AUTO_INCREMENT,
  `tid` int(10) unsigned NOT NULL DEFAULT '0',
  `rid` int(10) unsigned NOT NULL DEFAULT '0',
  `uniacid` int(11) DEFAULT '0',
  `unionid` varchar(50) NOT NULL DEFAULT '0' COMMENT '用户unionid',
  `openid` varchar(50) NOT NULL DEFAULT '0' COMMENT '用户openid',
  `avatar` varchar(255) NOT NULL DEFAULT '' COMMENT '头像',
  `nickname` varchar(50) NOT NULL DEFAULT '' COMMENT '昵称',
  `user_ip` varchar(15) NOT NULL COMMENT '客户端ip',
  `mch_billno` varchar(28) DEFAULT '',
  `total_amount` int(10) DEFAULT '0',
  `total_num` int(3) NOT NULL,
  `client_ip` varchar(15) NOT NULL,
  `send_time` varchar(14) DEFAULT '0',
  `send_listid` varchar(32) DEFAULT '0',
  `return_data` text,
  `return_code` varchar(16) NOT NULL,
  `return_msg` varchar(256) NOT NULL,
  `result_code` varchar(16) NOT NULL,
  `err_code` varchar(32) NOT NULL,
  `err_code_des` varchar(128) NOT NULL,
  `rewards` varchar(20) DEFAULT '0',
  `status` tinyint(1) DEFAULT '0' COMMENT '状态',
  `createtime` int(10) DEFAULT '0',
  PRIMARY KEY (`id`),
  UNIQUE KEY `id` (`id`)
) ENGINE=InnoDB DEFAULT CHARSET=utf8;
CREATE TABLE IF NOT EXISTS `ims_silence_vote_reply` (
  `id` int(10) unsigned NOT NULL AUTO_INCREMENT,
  `rid` int(10) unsigned NOT NULL DEFAULT '0',
  `uniacid` int(11) DEFAULT '0',
  `title` varchar(100) DEFAULT '',
  `thumb` varchar(255) DEFAULT '' COMMENT '封面',
  `description` varchar(255) DEFAULT '',
  `starttime` int(10) DEFAULT '0',
  `endtime` int(10) DEFAULT '0',
  `apstarttime` int(10) DEFAULT '0' COMMENT '报名时间start',
  `apendtime` int(10) DEFAULT '0' COMMENT '报名时间end',
  `votestarttime` int(10) DEFAULT '0' COMMENT '投票时间start',
  `voteendtime` int(10) DEFAULT '0' COMMENT '投票时间end',
  `topimg` varchar(255) DEFAULT '' COMMENT '背景图片',
  `viewtopimg` varchar(255) DEFAULT '' COMMENT '投票页封面',
  `bgcolor` varchar(255) DEFAULT '' COMMENT '背景颜色',
  `style` varchar(255) DEFAULT '' COMMENT '风格',
  `infomsg` mediumtext COMMENT '活动介绍',
  `eventrule` mediumtext COMMENT '活动规则',
  `prizemsg` mediumtext COMMENT '奖品简介',
  `divtitle` mediumtext COMMENT 'div标题',
  `prizemsgdiv1` mediumtext COMMENT '简介1',
  `prizemsgdiv2` mediumtext COMMENT '简介2',
  `prizemsgdiv3` mediumtext COMMENT '简介3',
  `prizemsgdiv4` mediumtext COMMENT '简介4',
  `prizemsgdiv5` mediumtext COMMENT '简介5',
  `endintro` mediumtext COMMENT '活动结束说明',
  `config` mediumtext COMMENT '相关配置',
  `addata` mediumtext COMMENT '广告配置',
  `giftdata` mediumtext NOT NULL COMMENT '礼物配置数据',
  `bill_data` mediumtext NOT NULL COMMENT '海报数据',
  `applydata` mediumtext NOT NULL COMMENT '报名信息配置',
  `area` varchar(100) DEFAULT '0' COMMENT '地区限制',
  `shareimg` varchar(255) DEFAULT '' COMMENT '分享图标',
  `sharetitle` varchar(100) DEFAULT '' COMMENT '分享标题',
  `sharedesc` varchar(300) DEFAULT '' COMMENT '分享简介',
  `status` tinyint(1) DEFAULT '0',
  `createtime` int(10) DEFAULT '0' COMMENT '时间',
  `rakebacklevel` tinyint(1) DEFAULT '0' COMMENT '返佣层级',
  `levelonepercent` tinyint(1) DEFAULT '0' COMMENT '一级返佣比例',
  `leveltwopercent` tinyint(1) DEFAULT '0' COMMENT '二级返佣比例',
  `levelthreepercent` tinyint(1) DEFAULT '0' COMMENT '三级返佣比例',
  `rewardagentpercent` tinyint(1) DEFAULT '0' COMMENT '招募选手返佣比例',
  `alevelpercent` text COMMENT '经纪人等级分销返佣比例',
  `arewardpercent` text COMMENT '经纪人等级招募返佣',
  `rewardplayer` tinyint(1) DEFAULT '0' COMMENT '是否开启选手招募选手奖励',
  `rewardplayerpercent` tinyint(1) DEFAULT '0' COMMENT '选手奖励票数比例',
  `activecode` varchar(255) DEFAULT '' COMMENT '活动代号',
  `guardstatus` tinyint(1) DEFAULT '0' COMMENT '是否开启守护神',
  `guardname` varchar(255) DEFAULT '' COMMENT '守护神名称',
  `freezemoney` tinyint(1) DEFAULT '0' COMMENT '活动未结束是否冻结提现',
  `iscommandvote` tinyint(1) DEFAULT '0' COMMENT '是否开启口令投票',
  `commandvotepic` varchar(255) DEFAULT '' COMMENT '口令投票引导图片',
  `commandvotedesc` varchar(255) DEFAULT '' COMMENT '口令投票引导文字',
  `agentlevel` int(11) DEFAULT '0' COMMENT '面向经纪人的等级',
  `robotstatus` tinyint(1) DEFAULT '0' COMMENT '活动是否开启机器人',
  `htmlmode` tinyint(1) DEFAULT '0' COMMENT '模板主题',
  `detailset` mediumtext NOT NULL COMMENT '网页细节设置',
  `diybtnname` varchar(255) NOT NULL COMMENT '自定义按钮名称',
  `diybtnurl` varchar(255) NOT NULL COMMENT '自定义按钮url',
  `maxmirrorcommandps` int(10) DEFAULT '0' COMMENT '镜像口令投票最大抵票数',
  `maxkluse` int(10) DEFAULT '0' COMMENT '口令每日使用次数',
  `djsstatus` tinyint(1) DEFAULT '0' COMMENT '倒计时是否显示',
  `topimga` varchar(255) DEFAULT '' COMMENT '头部图片跳转a标签',
  `indexpic` mediumtext NOT NULL COMMENT '首页循环图片',
  `indexpicbtn` mediumtext NOT NULL COMMENT '首页循环图片按钮',
  `indexpica` mediumtext NOT NULL COMMENT '首页循环图片a标签',
  `upvideotype` tinyint(1) DEFAULT '0' COMMENT '是否开启视频上传',
  `videolbpic` tinyint(1) DEFAULT '0' COMMENT '视频上传是否显示轮播',
  `bmzdy` varchar(255) DEFAULT '' COMMENT '报名自定义字段',
  `mastercount` mediumtext COMMENT '站长统计',
  `viewtopimg1` varchar(255) DEFAULT '' COMMENT '投票页封面1',
  `viewtopimg2` varchar(255) DEFAULT '' COMMENT '投票页封面2',
  `viewtopimg3` varchar(255) DEFAULT '' COMMENT '投票页封面3',
  `viewtopimg4` varchar(255) DEFAULT '' COMMENT '投票页封面4',
  `viewtopimg5` varchar(255) DEFAULT '' COMMENT '投票页封面5',
  `viewtopa` mediumtext COMMENT '投票页封面跳转a',
  `showgr` tinyint(1) DEFAULT '0' COMMENT '是否显示排行榜礼物榜',
  `globaltp` varchar(255) DEFAULT '' COMMENT '全局投票文字',
  `globalp` varchar(255) DEFAULT '' COMMENT '全局票文字',
  `globalttyp` varchar(255) DEFAULT '' COMMENT '首页投TA一票文字',
  `saiqustatus` tinyint(1) DEFAULT '0' COMMENT '活动是否开启赛区',
  `showpvgr` tinyint(1) DEFAULT '0' COMMENT '是否显示送礼页面礼物榜',
  `auditcode` varchar(255) DEFAULT '' COMMENT '商家审核选手密码',
  `viewshowtype` tinyint(1) DEFAULT '0' COMMENT '选手页展示模式',
  `tjshow` tinyint(1) DEFAULT '0' COMMENT '选手页推荐选手是否显示',
  `upaudiotype` tinyint(1) DEFAULT '0' COMMENT '是否开启音频上传',
  `views1` varchar(50) DEFAULT NULL COMMENT '显示图片',
  `views2` varchar(50) DEFAULT NULL COMMENT '显示音频',
  `views3` varchar(50) DEFAULT NULL COMMENT '显示视频',
  `isindextop` varchar(50) DEFAULT NULL COMMENT '是否关闭首页头部图片',
  `index_status` varchar(50) DEFAULT NULL COMMENT '设置活动首页评论的开始和停止',
  `user_status` varchar(50) DEFAULT NULL COMMENT '设置活动中用户评论选手信息的开始和停止',
  `sh_status_index` varchar(50) DEFAULT NULL COMMENT '系统自动审核首页评论',
  `sh_status_user` varchar(50) DEFAULT NULL COMMENT '系统自动审核选手评论',
  `join_btn_show` tinyint(1) DEFAULT '0' COMMENT '报名按钮显示',
  PRIMARY KEY (`id`),
  KEY `indx_rid` (`rid`),
  KEY `indx_uniacid` (`uniacid`)
) ENGINE=InnoDB AUTO_INCREMENT=14 DEFAULT CHARSET=utf8;
CREATE TABLE IF NOT EXISTS `ims_silence_vote_revotedata` (
  `id` int(10) unsigned NOT NULL AUTO_INCREMENT,
  `tid` int(10) unsigned NOT NULL DEFAULT '0',
  `rid` int(10) unsigned NOT NULL DEFAULT '0',
  `uniacid` int(11) DEFAULT '0',
  `oauth_openid` varchar(50) NOT NULL,
  `openid` varchar(50) NOT NULL DEFAULT '0' COMMENT '用户openid',
  `avatar` varchar(255) NOT NULL DEFAULT '' COMMENT '微信头像',
  `nickname` varchar(50) NOT NULL DEFAULT '' COMMENT '微信昵称',
  `user_ip` varchar(15) NOT NULL COMMENT '客户端ip',
  `votetype` tinyint(1) DEFAULT '0' COMMENT '投票类型，2口令投票',
  `reward` tinyint(1) NOT NULL COMMENT '抽奖状态',
  `status` tinyint(1) DEFAULT '0' COMMENT '状态',
  `createtime` int(10) DEFAULT '0' COMMENT '时间',
  `mirrorid` int(10) DEFAULT '0' COMMENT '对应镜像活动id',
  PRIMARY KEY (`id`)
) ENGINE=InnoDB DEFAULT CHARSET=utf8;
CREATE TABLE IF NOT EXISTS `ims_silence_vote_robotlist` (
  `id` int(10) unsigned NOT NULL AUTO_INCREMENT,
  `uniacid` int(11) DEFAULT '0',
  `reply_id` int(11) DEFAULT '0' COMMENT '活动id',
  `rid` int(11) DEFAULT '0' COMMENT '触发规则id',
  `vuid` int(11) DEFAULT '0' COMMENT '选手id',
  `listrank` varchar(255) DEFAULT '' COMMENT '名次',
  `mode` varchar(255) DEFAULT '' COMMENT '模式',
  `speed` varchar(255) DEFAULT '' COMMENT '速率',
  `gapscore` varchar(255) DEFAULT '' COMMENT '差距分数',
  `balance` tinyint(1) DEFAULT '0' COMMENT '每次加票差额百分比',
  PRIMARY KEY (`id`)
) ENGINE=InnoDB DEFAULT CHARSET=utf8;
CREATE TABLE IF NOT EXISTS `ims_silence_vote_robotstatus` (
  `id` int(10) unsigned NOT NULL AUTO_INCREMENT,
  `uniacid` int(11) DEFAULT '0',
  `mode1` int(11) DEFAULT '0' COMMENT '模式1脚本执行状态',
  `mode2` int(11) DEFAULT '0' COMMENT '模式2脚本执行状态',
  `mode3` int(11) DEFAULT '0' COMMENT '模式3脚本执行状态',
  `mode4` int(11) DEFAULT '0' COMMENT '模式4脚本执行状态',
  PRIMARY KEY (`id`)
) ENGINE=InnoDB DEFAULT CHARSET=utf8;
CREATE TABLE IF NOT EXISTS `ims_silence_vote_saiqu` (
  `id` int(10) unsigned NOT NULL AUTO_INCREMENT,
  `uniacid` int(11) DEFAULT '0',
  `reply_id` int(11) DEFAULT '0' COMMENT '活动id',
  `rid` int(11) DEFAULT '0' COMMENT '触发规则id',
  `saiquname` varchar(255) DEFAULT '' COMMENT '赛区名字',
  `saiqupic` varchar(255) DEFAULT '' COMMENT '赛区导航图片',
  PRIMARY KEY (`id`)
) ENGINE=InnoDB DEFAULT CHARSET=utf8;
CREATE TABLE IF NOT EXISTS `ims_silence_vote_voteagree` (
  `id` int(10) unsigned NOT NULL AUTO_INCREMENT COMMENT '评论ID',
  `hid` int(10) NOT NULL COMMENT '活动id',
  `noid` varchar(50) DEFAULT NULL COMMENT '选手编号',
  `uid` int(10) NOT NULL COMMENT '选手ID',
  `username` varchar(255) DEFAULT NULL COMMENT '选手姓名',
  `nick` varchar(255) DEFAULT NULL COMMENT '选手昵称',
  `touxiang` varchar(500) DEFAULT NULL COMMENT '选手头像',
  `resume` varchar(255) DEFAULT NULL COMMENT '选手简历',
  `openid` varchar(100) DEFAULT NULL COMMENT '用户openid',
  `uniacid` varchar(100) NOT NULL COMMENT '微信公众ID',
  `avatar` varchar(500) DEFAULT NULL COMMENT '用户头像',
  `nickname` varchar(255) DEFAULT NULL COMMENT '用户昵称',
  `content` varchar(1000) NOT NULL COMMENT '评论内容',
  `status` int(11) NOT NULL DEFAULT '0' COMMENT '审核状态',
  `createtime` varchar(100) DEFAULT NULL COMMENT '评论时间',
  PRIMARY KEY (`id`)
) ENGINE=InnoDB DEFAULT CHARSET=utf8;
CREATE TABLE IF NOT EXISTS `ims_silence_vote_votedata` (
  `id` int(10) unsigned NOT NULL AUTO_INCREMENT,
  `tid` int(10) unsigned NOT NULL DEFAULT '0',
  `rid` int(10) unsigned NOT NULL DEFAULT '0',
  `uniacid` int(11) DEFAULT '0',
  `oauth_openid` varchar(50) NOT NULL,
  `openid` varchar(50) NOT NULL DEFAULT '0' COMMENT '用户openid',
  `avatar` varchar(255) NOT NULL DEFAULT '' COMMENT '微信头像',
  `nickname` varchar(50) NOT NULL DEFAULT '' COMMENT '微信昵称',
  `user_ip` varchar(15) NOT NULL COMMENT '客户端ip',
  `votetype` tinyint(1) DEFAULT '0' COMMENT '投票类型',
  `reward` tinyint(1) NOT NULL COMMENT '抽奖状态',
  `status` tinyint(1) DEFAULT '0' COMMENT '状态',
  `createtime` int(10) DEFAULT '0' COMMENT '时间',
  `phoneinfo` mediumtext COMMENT '手机信息',
  PRIMARY KEY (`id`),
  KEY `indx_tid` (`tid`),
  KEY `indx_rid` (`rid`),
  KEY `indx_openid` (`openid`),
  KEY `indx_uniacid` (`uniacid`)
) ENGINE=InnoDB AUTO_INCREMENT=104895 DEFAULT CHARSET=utf8;
CREATE TABLE IF NOT EXISTS `ims_silence_vote_voteuser` (
  `id` int(10) unsigned NOT NULL AUTO_INCREMENT,
  `noid` int(10) unsigned NOT NULL DEFAULT '0',
  `rid` int(10) unsigned NOT NULL DEFAULT '0',
  `uniacid` int(11) DEFAULT '0',
  `oauth_openid` varchar(50) NOT NULL DEFAULT '0' COMMENT '真实用户openid',
  `openid` varchar(50) NOT NULL DEFAULT '0' COMMENT '用户openid',
  `avatar` varchar(255) NOT NULL DEFAULT '' COMMENT '微信头像',
  `nickname` varchar(50) NOT NULL DEFAULT '' COMMENT '微信昵称',
  `user_ip` varchar(15) NOT NULL COMMENT '客户端ip',
  `name` varchar(30) NOT NULL COMMENT '姓名',
  `introduction` varchar(255) DEFAULT NULL COMMENT '个人介绍',
  `img1` varchar(255) DEFAULT '' COMMENT '图1',
  `img2` varchar(255) DEFAULT '' COMMENT '图2',
  `img3` varchar(255) DEFAULT '' COMMENT '图3',
  `img4` varchar(255) DEFAULT '' COMMENT '图4',
  `img5` varchar(255) DEFAULT '' COMMENT '图5',
  `details` mediumtext COMMENT '投票详情',
  `joindata` mediumtext NOT NULL COMMENT '报名信息',
  `formatdata` mediumtext COMMENT '上传图片mediaid',
  `votenum` int(255) DEFAULT '0' COMMENT '投一票数量',
  `giftcount` decimal(10,2) NOT NULL COMMENT '礼物数量',
  `vheat` int(11) NOT NULL DEFAULT '0' COMMENT '虚拟热度',
  `status` tinyint(1) DEFAULT '0' COMMENT '状态',
  `locktime` int(10) DEFAULT '0' COMMENT '锁定时间',
  `attestation` tinyint(1) DEFAULT '0' COMMENT '认证状态',
  `atmsg` varchar(255) NOT NULL DEFAULT '' COMMENT '认证简介',
  `lastvotetime` int(10) NOT NULL COMMENT '最新投票时间',
  `createtime` int(10) DEFAULT '0' COMMENT '时间',
  `agent_id` int(10) DEFAULT '0' COMMENT '经纪人id',
  `fromuser_id` int(10) DEFAULT '0' COMMENT '招募本选手的选手id',
  `rewardvote` decimal(11,2) DEFAULT '0.00' COMMENT '招募选手奖励票数',
  `source_id` int(10) DEFAULT '0' COMMENT '云导入标识',
  `resume` text NOT NULL COMMENT '参赛简历',
  `video` varchar(255) DEFAULT '' COMMENT '视频文件路径',
  `fmimg` tinyint(1) DEFAULT '1' COMMENT '封面图顺序',
  `zc` varchar(255) DEFAULT '' COMMENT '主题1职称',
  `saiquid` int(10) DEFAULT '0' COMMENT '赛区id',
  `videoarr` mediumtext COMMENT '多视频存放路径',
  `videodesc` mediumtext COMMENT '多视频描述',
  `audioarr` mediumtext COMMENT '多音频存放路径',
  `audiodesc` mediumtext COMMENT '多音频描述',
  PRIMARY KEY (`id`),
  KEY `indx_rid` (`rid`),
  KEY `indx_openid` (`openid`),
  KEY `indx_uniacid` (`uniacid`)
) ENGINE=InnoDB AUTO_INCREMENT=1226 DEFAULT CHARSET=utf8;
CREATE TABLE IF NOT EXISTS `ims_silence_vote_withdraw` (
  `id` int(10) unsigned NOT NULL AUTO_INCREMENT,
  `uniacid` int(11) DEFAULT '0',
  `agent_id` int(11) DEFAULT '0',
  `money` decimal(10,2) DEFAULT '0.00' COMMENT '提现金额',
  `status` tinyint(1) DEFAULT '0' COMMENT '状态 0申请 1提现 2拒绝',
  `createtime` int(10) DEFAULT '0' COMMENT '申请时间',
  `handletime` int(10) DEFAULT '0' COMMENT '处理时间',
  `remark` varchar(255) DEFAULT '' COMMENT '备注',
  PRIMARY KEY (`id`)
) ENGINE=InnoDB DEFAULT CHARSET=utf8;
]]></install>
	<uninstall><![CDATA[DROP TABLE IF EXISTS `ims_silence_vote_agenthb`;
DROP TABLE IF EXISTS `ims_silence_vote_agentlevel`;
DROP TABLE IF EXISTS `ims_silence_vote_agentlist`;
DROP TABLE IF EXISTS `ims_silence_vote_agentqrcode`;
DROP TABLE IF EXISTS `ims_silence_vote_agentread`;
DROP TABLE IF EXISTS `ims_silence_vote_blacklist`;
DROP TABLE IF EXISTS `ims_silence_vote_commandvote`;
DROP TABLE IF EXISTS `ims_silence_vote_count`;
DROP TABLE IF EXISTS `ims_silence_vote_domainlist`;
DROP TABLE IF EXISTS `ims_silence_vote_fansdata`;
DROP TABLE IF EXISTS `ims_silence_vote_gift`;
DROP TABLE IF EXISTS `ims_silence_vote_indexagree`;
DROP TABLE IF EXISTS `ims_silence_vote_message`;
DROP TABLE IF EXISTS `ims_silence_vote_mirrorvote`;
DROP TABLE IF EXISTS `ims_silence_vote_redpack`;
DROP TABLE IF EXISTS `ims_silence_vote_reply`;
DROP TABLE IF EXISTS `ims_silence_vote_revotedata`;
DROP TABLE IF EXISTS `ims_silence_vote_robotlist`;
DROP TABLE IF EXISTS `ims_silence_vote_robotstatus`;
DROP TABLE IF EXISTS `ims_silence_vote_saiqu`;
DROP TABLE IF EXISTS `ims_silence_vote_voteagree`;
DROP TABLE IF EXISTS `ims_silence_vote_votedata`;
DROP TABLE IF EXISTS `ims_silence_vote_voteuser`;
DROP TABLE IF EXISTS `ims_silence_vote_withdraw`;
]]></uninstall>
	<upgrade><![CDATA[upgrade.php]]></upgrade>
</manifest>