<?xml version="1.0" encoding="utf-8"?>
<manifest xmlns="http://www.lanrenzhijia.com/" versionCode="0.6">
	<application setting="false">
		<name><![CDATA[微信挪车]]></name>
		<identifie><![CDATA[weliam_shiftcar]]></identifie>
		<version><![CDATA[1.6.2]]></version>
		<type><![CDATA[biz]]></type>
		<ability><![CDATA[微信挪车]]></ability>
		<description><![CDATA[微信挪车]]></description>
		<author><![CDATA[懒人源码]]></author>
		<url><![CDATA[https://www.lanrenzhijia.com/]]></url>
	</application>
	<platform>
		<subscribes>
			<message type="subscribe"></message>
		</subscribes>
		<handles>
			<message type="text" />
			<message type="image" />
			<message type="voice" />
			<message type="location" />
			<message type="subscribe" />
			<message type="qr" />
			<message type="trace" />
			<message type="click" />
		</handles>
		<supports>
            <item type="app" ></item>
        </supports>
		<rule embed="false" />
		<card embed="false" />
	</platform>
	<bindings>
		<cover>
			<entry title="首页" do="index" state="" direct="false" />
		</cover>
		<menu>
			<entry title="后台管理" do="dashboard" state="" direct="false" />
		</menu>
	</bindings>
	<permissions>
	</permissions>
	<install><![CDATA[install.php]]></install>
	<uninstall><![CDATA[]]></uninstall>
	<upgrade><![CDATA[upgrade.php]]></upgrade>
</manifest>