[{"path":"\/admin\/common\/attachurl.php","checksum":"cf1acb2c20d781ea199feaa9fc9d48bc"},{"path":"\/admin\/common\/bootstrap.sys.inc.php","checksum":"cd295a69bd937bd300df145e27fb049d"},{"path":"\/admin\/common\/common.func.php","checksum":"35c1ba3465a75a47fc013b3dc941ab1d"},{"path":"\/admin\/common\/template.func.php","checksum":"cfe4feb3f015bc0873b6b74f582a6962"},{"path":"\/admin\/index.php","checksum":"302708c90f63d55c98967db5e421c936"},{"path":"\/admin\/source\/site\/entry.ctrl.php","checksum":"23b879c24040251bcb56e3d172793e63"},{"path":"\/admin\/source\/user\/login.ctrl.php","checksum":"ecbc08680a4d1eea8a4956661ab0a6a4"},{"path":"\/admin\/source\/user\/logout.ctrl.php","checksum":"e1b37433f6d4e39436ae6c40b2fb0693"},{"path":"\/admin\/source\/utility\/file.ctrl.php","checksum":"6f835bf0d85fd3e9533c2794b5814ed2"},{"path":"\/admin\/source\/utility\/__init.php","checksum":"221f9122c03c4212bed97e8e004202db"},{"path":"\/admin\/themes\/default\/common\/footer-base.html","checksum":"321ce2705a34828f9b5d993c100e8b2b"},{"path":"\/admin\/themes\/default\/common\/footer-cms.html","checksum":"62fa97e9bc35149414a517b614731d7d"},{"path":"\/admin\/themes\/default\/common\/footer-gw.html","checksum":"7be96e41f312738c4ade0d7037a159eb"},{"path":"\/admin\/themes\/default\/common\/footer.html","checksum":"acc3889ecf78a1f4923605214473fa49"},{"path":"\/admin\/themes\/default\/common\/header-base.html","checksum":"ea375da63f0e53a5d4849e2ae3c268a4"},{"path":"\/admin\/themes\/default\/common\/header-cms.html","checksum":"7517903eef4b0075475b56afc3135397"},{"path":"\/admin\/themes\/default\/common\/header-gw.html","checksum":"b8b086232211ff208b1acdc0aa0583fc"},{"path":"\/admin\/themes\/default\/common\/header.html","checksum":"e3a8caa9186541227a222544437b398e"},{"path":"\/admin\/themes\/default\/common\/message.html","checksum":"0bdc44ca6eb4f30694e0dacac846ea94"},{"path":"\/admin\/themes\/default\/user\/login.html","checksum":"25096e9fb521f2afb02cbd05c630aef9"},{"path":"\/api\/aliyun-dysms\/sendSms.php","checksum":"a0ee7c2edfd6fbc43bd2153762aca017"},{"path":"\/api\/aliyun-dysms\/SignatureHelper.php","checksum":"9baa0c009f33dc9bf64baf7196e65245"},{"path":"\/cert\/WxPay.Api.php","checksum":"e752bdfc695f8ca41231d6bff0b0dd71"},{"path":"\/cert\/WxPay.Data.php","checksum":"3a737ab6518566028c992a91e507cbff"},{"path":"\/cert\/WxPay.Exception.php","checksum":"3c91aa9d135f12a089646fbaab157ee0"},{"path":"\/cert\/WxPay.Notify.php","checksum":"c6d58a5bc01c1b14ef2bb2c878da408f"},{"path":"\/db.sql","checksum":"37314b4bf9ed94d6a243fca02cbc95bc"},{"path":"\/errorCode.php","checksum":"d9eb8e7a60d7d43d7a3ca80d55cad2ce"},{"path":"\/hong.php","checksum":"c426191d95d99efdf8b90ade6ee09dd9"},{"path":"\/icon.jpg","checksum":"3a223eebc00eab8b6812355a326662d6"},{"path":"\/inc\/func\/core.php","checksum":"0350ff8ea77993e0a738b81932b79925"},{"path":"\/inc\/web\/active.inc.php","checksum":"8cf5e58718337c53e53aae7fa1869ddb"},{"path":"\/inc\/web\/activeinfo.inc.php","checksum":"f35215b578fa5038bdbd15053ea03fbc"},{"path":"\/inc\/web\/addbranchadmin.inc.php","checksum":"16a216b9b35512a7b6c98cf4a8cd71ce"},{"path":"\/inc\/web\/adpic.inc.php","checksum":"3e490542cdbb9c49df151684c78802b0"},{"path":"\/inc\/web\/adpic_list.inc.php","checksum":"56b418c8e4773098fb01897b763f36e1"},{"path":"\/inc\/web\/banner.inc.php","checksum":"c217d1d2c9028d8f523aff93f50f307c"},{"path":"\/inc\/web\/branch.inc.php","checksum":"b1632084158bdfe95daeef241ee90c81"},{"path":"\/inc\/web\/branchadminlist.inc.php","checksum":"563e0e7c998b491670f1f4cf4b6137a6"},{"path":"\/inc\/web\/branchslist.inc.php","checksum":"c93839b84e10aed79bfbebb9ac585397"},{"path":"\/inc\/web\/car.inc.php","checksum":"014d5076f73976bf97e2e1b2e236db9a"},{"path":"\/inc\/web\/carbrand.inc.php","checksum":"9e5dd5d19e9e0cef9b2e22168f86d38b"},{"path":"\/inc\/web\/carcity.inc.php","checksum":"47835672148faa26d6c8ab88748633bd"},{"path":"\/inc\/web\/carinfo.inc.php","checksum":"aabed94baefc7612aaa79387aee50c24"},{"path":"\/inc\/web\/cartype.inc.php","checksum":"7b3c2b774c1a9cbafddc19fbe7fc9898"},{"path":"\/inc\/web\/coupon.inc.php","checksum":"0708b1462dcb2d5484ca703ec60804cc"},{"path":"\/inc\/web\/coupondetails.inc.php","checksum":"3f6254bcc221567724e8e65ec500e31f"},{"path":"\/inc\/web\/coupons.inc.php","checksum":"c9da6d46c029d3f50b4dc4473485b3a0"},{"path":"\/inc\/web\/getcouponlog.inc.php","checksum":"b15f7de943ca66929121487511c7bd82"},{"path":"\/inc\/web\/goods.inc.php","checksum":"ab6dfb477496e88ea3c032d74f61d89a"},{"path":"\/inc\/web\/goodsinfo.inc.php","checksum":"570f2ec6dbf27dbc4f8199993f65a3f9"},{"path":"\/inc\/web\/index.inc.php","checksum":"73153a96b4c309da63b9dd26bb03b43b"},{"path":"\/inc\/web\/logoset.inc.php","checksum":"0ff67becaf6adc3c0581d3c51083189a"},{"path":"\/inc\/web\/member.inc.php","checksum":"554bee9f13013cc3fd5badb985defb87"},{"path":"\/inc\/web\/memberrule.inc.php","checksum":"40e09d89eafcc58b8a8bcb66ce9f7994"},{"path":"\/inc\/web\/memberslist.inc.php","checksum":"a992dd24bcc1fb58d8bac038c505f177"},{"path":"\/inc\/web\/msgset.inc.php","checksum":"32516078330b348dbc823fcad6dbdfa6"},{"path":"\/inc\/web\/navset.inc.php","checksum":"96c66c9da455f3a72ffdf12a2b1eebd8"},{"path":"\/inc\/web\/new.inc.php","checksum":"a2ef932bdfb2868a4a7a008001ce89af"},{"path":"\/inc\/web\/newbanner.inc.php","checksum":"f432293b8cba45eb749190d445bbd06d"},{"path":"\/inc\/web\/newslist.inc.php","checksum":"4343198b1218f16fb026b97dba5e9b54"},{"path":"\/inc\/web\/order.inc.php","checksum":"179ddbd0ed54d9c55ec025337b94bf0b"},{"path":"\/inc\/web\/orderinfo.inc.php","checksum":"76cdf0f2a237d08724a9e9b8c154689c"},{"path":"\/inc\/web\/ordertime.inc.php","checksum":"9b07deac88527c60703b56f4e1057a87"},{"path":"\/inc\/web\/peiz.inc.php","checksum":"3304c9cc7592491bbdac1b17a03ed79e"},{"path":"\/inc\/web\/record.inc.php","checksum":"fd5033fe6cf1e9191510bc1fa034dd14"},{"path":"\/inc\/web\/renting.inc.php","checksum":"f206ad1586f8ee204fab30bdceb958f3"},{"path":"\/inc\/web\/rentings.inc.php","checksum":"3f1d087f6ef8619b910bd36ca33772d6"},{"path":"\/inc\/web\/rentrule.inc.php","checksum":"2116d2e2f17e3474de253c6278c0d591"},{"path":"\/inc\/web\/rule.inc.php","checksum":"901572192471f3e405f834dc7b94e10c"},{"path":"\/inc\/web\/rulesbanner.inc.php","checksum":"b2aaaaaa2f9fc6ff32e36c9893c5a1ac"},{"path":"\/inc\/web\/ruleslist.inc.php","checksum":"659b239a551a440c9dfbe9c916c5ce3d"},{"path":"\/inc\/web\/taocan.inc.php","checksum":"a1e276ad62e00e3d8f36320a1d5a4428"},{"path":"\/inc\/web\/taocanadd.inc.php","checksum":"019882791bc5db595826f0630eaaaea5"},{"path":"\/inc\/web\/template.inc.php","checksum":"c7f9484f93c367aff348da404cd27836"},{"path":"\/inc\/web\/user.inc.php","checksum":"ae2b1ef905304eae55566d84c75fe4ff"},{"path":"\/inc\/web\/userinfo.inc.php","checksum":"d750e2bf92790d5cc1d0fbfb805e54d7"},{"path":"\/inc\/web\/we.inc.php","checksum":"f40d22db6d219fab97d3c5cffe89b3d5"},{"path":"\/inc\/web\/wxpages.inc.php","checksum":"d055cde728b3e33598fb7d780824b3f5"},{"path":"\/inc\/web\/ygquan.inc.php","checksum":"6b5047fb5de81ba3501d3eb3200ca747"},{"path":"\/install.php","checksum":"1f1807c06588046d3f92e93ad487d464"},{"path":"\/map.json","checksum":"3c034ced0e69320fadac36b379790342"},{"path":"\/module.cer","checksum":"209fa0a743d446576068df70ed717f42"},{"path":"\/module.php","checksum":"38b8046dec2bf458059f195aa86cab27"},{"path":"\/notify.php","checksum":"4b01b18745956be3c1d9feaf8d1d65bb"},{"path":"\/pkcs7Encoder.php","checksum":"1d82231335581fbc3c94da53a4cadc6c"},{"path":"\/site.php","checksum":"4027405d13f48069347723aac89e94ce"},{"path":"\/static\/layui\/css\/layui.css","checksum":"cc47d34ee365834594cd8ad79d1670e4"},{"path":"\/static\/layui\/css\/layui.mobile.css","checksum":"5b7881ee711025a2dfef7efa247adf42"},{"path":"\/static\/layui\/css\/modules\/code.css","checksum":"4d079c06f050bf00422b85b5cedabc17"},{"path":"\/static\/layui\/css\/modules\/laydate\/default\/laydate.css","checksum":"4a6cfe54e3012570ae9892584a4cfdea"},{"path":"\/static\/layui\/css\/modules\/layer\/default\/icon-ext.png","checksum":"ba81b24c06e2e0eac1e219405b33766b"},{"path":"\/static\/layui\/css\/modules\/layer\/default\/icon.png","checksum":"551539f873d9ebe0792b120a9867d399"},{"path":"\/static\/layui\/css\/modules\/layer\/default\/layer.css","checksum":"a549fc29c7a625f3bbe1e6337bac733f"},{"path":"\/static\/layui\/css\/modules\/layer\/default\/loading-0.gif","checksum":"a72011ccdc2bcd23ba440f104c416193"},{"path":"\/static\/layui\/css\/modules\/layer\/default\/loading-1.gif","checksum":"1140bc5c7863f8e54a3c2b179e640758"},{"path":"\/static\/layui\/css\/modules\/layer\/default\/loading-2.gif","checksum":"50c5e3e79b276c92df6cc52caeb464f0"},{"path":"\/static\/layui\/font\/iconfont.eot","checksum":"1030ac1e1a773e22dc870b0b86243899"},{"path":"\/static\/layui\/font\/iconfont.svg","checksum":"2b50f6665bd903bdcb3a9c8d9c0ed21e"},{"path":"\/static\/layui\/font\/iconfont.ttf","checksum":"f68bec7504e075d3a3ce55772750fba8"},{"path":"\/static\/layui\/font\/iconfont.woff","checksum":"b8a2f65de647321f0c40591491b17fe5"},{"path":"\/static\/layui\/images\/face\/0.gif","checksum":"a06a2e3ed6da3796fbb731367d039a0a"},{"path":"\/static\/layui\/images\/face\/1.gif","checksum":"913e2f3dd1962d2a80b4ae66ddddceb3"},{"path":"\/static\/layui\/images\/face\/10.gif","checksum":"611117291370fea2ceac62c29e3895bd"},{"path":"\/static\/layui\/images\/face\/11.gif","checksum":"199be3fbe9ed7e5191c8635e05bcc0e9"},{"path":"\/static\/layui\/images\/face\/12.gif","checksum":"7621ac2727678687a5318762f580142e"},{"path":"\/static\/layui\/images\/face\/13.gif","checksum":"8621f66098b5c352706832525ca98430"},{"path":"\/static\/layui\/images\/face\/14.gif","checksum":"c30514bf7d87214840be9409e0543aa9"},{"path":"\/static\/layui\/images\/face\/15.gif","checksum":"485a20018f6fd278510c2953697ba65c"},{"path":"\/static\/layui\/images\/face\/16.gif","checksum":"3d4ee858ebba0e46a7850e13185b7c9b"},{"path":"\/static\/layui\/images\/face\/17.gif","checksum":"1e345b472299bbc72d854fea14377b19"},{"path":"\/static\/layui\/images\/face\/18.gif","checksum":"f81ed31a2829c0609354f25e1da62006"},{"path":"\/static\/layui\/images\/face\/19.gif","checksum":"fa7da45a4cf11818476a64b11972beba"},{"path":"\/static\/layui\/images\/face\/2.gif","checksum":"aec972de4da971327e4452c5b4b5fda1"},{"path":"\/static\/layui\/images\/face\/20.gif","checksum":"435dbb7f69e76dbe51c64d0208478bd5"},{"path":"\/static\/layui\/images\/face\/21.gif","checksum":"21ed3c01c99c75162cc7d5c09e557468"},{"path":"\/static\/layui\/images\/face\/22.gif","checksum":"7873504cf41c6bf81dc385e7a63e06c2"},{"path":"\/static\/layui\/images\/face\/23.gif","checksum":"84b3bd065735379c7ebf902bd356eb24"},{"path":"\/static\/layui\/images\/face\/24.gif","checksum":"9044159f1635cce276f79f2750e44bab"},{"path":"\/static\/layui\/images\/face\/25.gif","checksum":"55ff58341b23eb412186f8e89963f3ed"},{"path":"\/static\/layui\/images\/face\/26.gif","checksum":"7e64a36433e1f756dafc74093e71c678"},{"path":"\/static\/layui\/images\/face\/27.gif","checksum":"4e10558193648444470bb9a1dd7007da"},{"path":"\/static\/layui\/images\/face\/28.gif","checksum":"ed40b41d05a3020271be545a607d6d78"},{"path":"\/static\/layui\/images\/face\/29.gif","checksum":"4fb6439d891b34c4936ae34a79725b59"},{"path":"\/static\/layui\/images\/face\/3.gif","checksum":"bf97be0b15ace15dedf22f266a5c429c"},{"path":"\/static\/layui\/images\/face\/30.gif","checksum":"0b7ff8f1bbb91be880ef190767774c78"},{"path":"\/static\/layui\/images\/face\/31.gif","checksum":"dcc636d88b53e73852db566a4d9d2f20"},{"path":"\/static\/layui\/images\/face\/32.gif","checksum":"8d9e9cc9b52ca46e854480fa4900158e"},{"path":"\/static\/layui\/images\/face\/33.gif","checksum":"2f9e45312f49e02f32ce853db930295f"},{"path":"\/static\/layui\/images\/face\/34.gif","checksum":"f81a7f4f93f254d58c0e943a07d2cc0b"},{"path":"\/static\/layui\/images\/face\/35.gif","checksum":"cc8ff0383ce624c0721682aaa500b672"},{"path":"\/static\/layui\/images\/face\/36.gif","checksum":"645be9a08ae4d8aac61e6b5fb47215e5"},{"path":"\/static\/layui\/images\/face\/37.gif","checksum":"4c9e106e702751cb61861778269e2b26"},{"path":"\/static\/layui\/images\/face\/38.gif","checksum":"15bd343617ec5ea02eedfdfe575c656c"},{"path":"\/static\/layui\/images\/face\/39.gif","checksum":"edfe69e1b1f20cfa8110d9e9d2536c68"},{"path":"\/static\/layui\/images\/face\/4.gif","checksum":"4d2933c0445dc04bdaaad41f2b557137"},{"path":"\/static\/layui\/images\/face\/40.gif","checksum":"c94db1a006caf85ccb8a194335ce5621"},{"path":"\/static\/layui\/images\/face\/41.gif","checksum":"55565f0156566feef1e329177f6d83f1"},{"path":"\/static\/layui\/images\/face\/42.gif","checksum":"f24d53dee3bd1050b26d6d7cd5bca68d"},{"path":"\/static\/layui\/images\/face\/43.gif","checksum":"599c45d8a2832cc01617fb42091993df"},{"path":"\/static\/layui\/images\/face\/44.gif","checksum":"b0f285b595f10a1277774bf6844da76b"},{"path":"\/static\/layui\/images\/face\/45.gif","checksum":"d17783318c1587204b6155c2fa9986fe"},{"path":"\/static\/layui\/images\/face\/46.gif","checksum":"b72ecabbadc13888d4775ec53c9150f8"},{"path":"\/static\/layui\/images\/face\/47.gif","checksum":"8ede6bd1d173ddeb6f3f4b241c8f3513"},{"path":"\/static\/layui\/images\/face\/48.gif","checksum":"2a4c6936a09b0219d1c74f0167577b30"},{"path":"\/static\/layui\/images\/face\/49.gif","checksum":"21069e4a6b8a4f6a0af40c87a168f321"},{"path":"\/static\/layui\/images\/face\/5.gif","checksum":"8ae6b6ec8d2941a6adaee9555839e81c"},{"path":"\/static\/layui\/images\/face\/50.gif","checksum":"96664d71d30c946747bcc651d085ed7a"},{"path":"\/static\/layui\/images\/face\/51.gif","checksum":"c6c1e6c64c16d3747e251200e014f219"},{"path":"\/static\/layui\/images\/face\/52.gif","checksum":"ff4d93b3615d5d975f0b6786670b702f"},{"path":"\/static\/layui\/images\/face\/53.gif","checksum":"bc06dab3c63c4e2300c5cd4524819370"},{"path":"\/static\/layui\/images\/face\/54.gif","checksum":"aff05197849e8c8f55b2d5fe56bb56f7"},{"path":"\/static\/layui\/images\/face\/55.gif","checksum":"d7bdca562fd0b53f816eedb23148e158"},{"path":"\/static\/layui\/images\/face\/56.gif","checksum":"8c6f0b4cdd0fa9d68205bab3d8df29e4"},{"path":"\/static\/layui\/images\/face\/57.gif","checksum":"e37c81739515617cf5bc51232ad873b7"},{"path":"\/static\/layui\/images\/face\/58.gif","checksum":"89d291439d6eae4b2db6746e589f6134"},{"path":"\/static\/layui\/images\/face\/59.gif","checksum":"1cb4f698dd69602dd6f6eff121663a17"},{"path":"\/static\/layui\/images\/face\/6.gif","checksum":"9946d6232e406ba2c10b60221c5b698b"},{"path":"\/static\/layui\/images\/face\/60.gif","checksum":"71712fa565d89315b6ef2a45b3d581b5"},{"path":"\/static\/layui\/images\/face\/61.gif","checksum":"4bde9630ca80c61063813274729af4ba"},{"path":"\/static\/layui\/images\/face\/62.gif","checksum":"c0ed0920ba0d752ad77aca762050b12d"},{"path":"\/static\/layui\/images\/face\/63.gif","checksum":"907b3e81d16afb9df5ef023ede0eddf1"},{"path":"\/static\/layui\/images\/face\/64.gif","checksum":"959bacfef9ac0d3bb275504623c62375"},{"path":"\/static\/layui\/images\/face\/65.gif","checksum":"a27ed9871926a8e37c522f6c1542df9a"},{"path":"\/static\/layui\/images\/face\/66.gif","checksum":"02709c83458b72b0c73585297cc291f3"},{"path":"\/static\/layui\/images\/face\/67.gif","checksum":"ab1c7c7a43aa6f43963c7b0afc9ec787"},{"path":"\/static\/layui\/images\/face\/68.gif","checksum":"a1c8f21f98fc6eff21cb3e4d08baee2b"},{"path":"\/static\/layui\/images\/face\/69.gif","checksum":"877ff95213ae5c45721761c540810053"},{"path":"\/static\/layui\/images\/face\/7.gif","checksum":"3880bad4694b3ef38e2e58be68b875ef"},{"path":"\/static\/layui\/images\/face\/70.gif","checksum":"b7f69e6df691b1c885f541ec604c59df"},{"path":"\/static\/layui\/images\/face\/71.gif","checksum":"55a42691f8560bf2fbfed7c19389e4cf"},{"path":"\/static\/layui\/images\/face\/8.gif","checksum":"8bfcb8fe88a3b666b5460743fb2cdc49"},{"path":"\/static\/layui\/images\/face\/9.gif","checksum":"92bf7127158347196c4f9aef0d0ab301"},{"path":"\/static\/layui\/jquery-3.2.1.min.js","checksum":"c9f5aeeca3ad37bf2aa006139b935f0a"},{"path":"\/static\/layui\/layui.all.js","checksum":"cf97c6fe2b33cdf489c87acc5f737f36"},{"path":"\/static\/layui\/layui.js","checksum":"84fc667a7fc20f233d91f86bc6f20853"},{"path":"\/static\/layui\/lay\/layui.js","checksum":"84fc667a7fc20f233d91f86bc6f20853"},{"path":"\/static\/layui\/lay\/modules\/carousel.js","checksum":"5d73da8ebd1c0753b3805824da8098ad"},{"path":"\/static\/layui\/lay\/modules\/code.js","checksum":"e76eccd6a07a0a0601f4ec104324a34a"},{"path":"\/static\/layui\/lay\/modules\/element.js","checksum":"fe2b0314d41f188b8d309ac94a87b56d"},{"path":"\/static\/layui\/lay\/modules\/flow.js","checksum":"325470966746a9cab75c347e08b969f6"},{"path":"\/static\/layui\/lay\/modules\/form.js","checksum":"37c8477f2c342ffd7484fd94b40819a5"},{"path":"\/static\/layui\/lay\/modules\/jquery.js","checksum":"857492b28e338c7ed6f9c6a4e3a04708"},{"path":"\/static\/layui\/lay\/modules\/laydate.js","checksum":"6b2b9f1b5820a0854299ef5560f28f4b"},{"path":"\/static\/layui\/lay\/modules\/layedit.js","checksum":"96096425915c899464897519dc2f526c"},{"path":"\/static\/layui\/lay\/modules\/layer.js","checksum":"749b357607f7303a851f77474f4e3718"},{"path":"\/static\/layui\/lay\/modules\/laypage.js","checksum":"6b9d4942bb2340822be0003cff5bcc5f"},{"path":"\/static\/layui\/lay\/modules\/laytpl.js","checksum":"18d446ebd7535d24e6cbb2378d6adc3d"},{"path":"\/static\/layui\/lay\/modules\/layui.all.js","checksum":"cf97c6fe2b33cdf489c87acc5f737f36"},{"path":"\/static\/layui\/lay\/modules\/mobile.js","checksum":"6655c14f27b995687d521c7e1e1830b7"},{"path":"\/static\/layui\/lay\/modules\/table.js","checksum":"b767707e4f705ab348498ab591ea8233"},{"path":"\/static\/layui\/lay\/modules\/tree.js","checksum":"db25e1775629f9f5cbad3374d755c11a"},{"path":"\/static\/layui\/lay\/modules\/upload.js","checksum":"974f9f46f8058e85ac07a4df5c23664d"},{"path":"\/static\/layui\/lay\/modules\/util.js","checksum":"1bcd39ff806bd81dd50f187c3e4caa4c"},{"path":"\/static\/layui\/ueditor.all.min.js","checksum":"48ee8e78f9f3110b45b22b45bb4d31e8"},{"path":"\/static\/layui\/ueditor.config.js","checksum":"6eadaa38048a6338f4e6256ace47deab"},{"path":"\/static\/layui\/util.js","checksum":"792de08a41439daf21c141c2a64677a2"},{"path":"\/template\/images\/12.png","checksum":"ef0cad19134a82936d93546202218ae6"},{"path":"\/template\/images\/13.png","checksum":"4a809fcb0375b117efe8ee400ec28909"},{"path":"\/template\/images\/6.png","checksum":"547957d86835494e8417618c3a8bcc9d"},{"path":"\/template\/images\/add.png","checksum":"d000c48ecaca22041460b77c136798a6"},{"path":"\/template\/images\/city.png","checksum":"eeb5408bef068906e0b15e385b10f40b"},{"path":"\/template\/images\/container_bg0.png","checksum":"d3dba0bf2f4356c5cc2e7d2547eb7f1d"},{"path":"\/template\/images\/cou.jpg","checksum":"d364dcfb78adbdb282c4b175642195f8"},{"path":"\/template\/images\/dayin.png","checksum":"d6826d2d330a9e58f0d8f35c156994bf"},{"path":"\/template\/images\/dfsd.png","checksum":"a85ea5c853b1dfca178d51648459d709"},{"path":"\/template\/images\/dingdan.png","checksum":"45055c8e3f219cf233aeb870a540b931"},{"path":"\/template\/images\/dn.wav","checksum":"ecc4e729821d891cdd19816049b544c4"},{"path":"\/template\/images\/dsfddf.png","checksum":"9c060d56d6cccc377294930ce73583f6"},{"path":"\/template\/images\/duanxin.png","checksum":"8c7c31622eda0b850ddbf0757a986981"},{"path":"\/template\/images\/duanxintongdao.png","checksum":"d5f4d07abea65af7cfe6b46ddfe6005f"},{"path":"\/template\/images\/duigoubai.png","checksum":"fb76ed221b53584525149234282a1d39"},{"path":"\/template\/images\/fdfs.png","checksum":"ee3009789e897763096345c9f37f8aec"},{"path":"\/template\/images\/gou.png","checksum":"b800525dfdde65de4f119e6047cf22ec"},{"path":"\/template\/images\/guanggao.png","checksum":"84e132002d18c7a76a9c9a88b170f721"},{"path":"\/template\/images\/guanli.png","checksum":"1a03f44a5830fea103646083b714ae71"},{"path":"\/template\/images\/haixian.jpg","checksum":"2624dfb92c1adf063556a3ea8484cade"},{"path":"\/template\/images\/hb.png","checksum":"0a2515f4dff8249bfedb510358204da5"},{"path":"\/template\/images\/hhr.png","checksum":"11b533d128d8e59e5671a0dd00d1db0f"},{"path":"\/template\/images\/home.png","checksum":"7b01a01f1db87cb604232bf0c0b13365"},{"path":"\/template\/images\/huiyuan.png","checksum":"3e4ad61ed90c93a3355e80ca9e9ea139"},{"path":"\/template\/images\/icon.jpg","checksum":"41f49e206f09315cfd303a9520077d89"},{"path":"\/template\/images\/juxing.png","checksum":"f5c1326d2c68e6d21cb8f5d9335f3fd7"},{"path":"\/template\/images\/kaiguan.png","checksum":"2b0143f312a5af9c1b5095809318f6d3"},{"path":"\/template\/images\/login_icon.png","checksum":"664566caafa0028bbe2f2ef392be3076"},{"path":"\/template\/images\/logo.png","checksum":"41447f0d0f9dc2572c5160659701403d"},{"path":"\/template\/images\/logo2.png","checksum":"39e9e1f338fd92ccc0fba8f07a9e0325"},{"path":"\/template\/images\/man.png","checksum":"e940a2a56b35998be20a26df852d2001"},{"path":"\/template\/images\/manjianhuodong.png","checksum":"b5d4d29192125351e9e2a648e94e5be0"},{"path":"\/template\/images\/mendian.png","checksum":"b38e4dab726e10b9ca00d9d5afc3fb26"},{"path":"\/template\/images\/miaosha.png","checksum":"e1e47b3cb9b22f8c4db2fcf220f41e9a"},{"path":"\/template\/images\/money.png","checksum":"4d1faaaaa941fd3dacfe38f57f3f212f"},{"path":"\/template\/images\/money1.png","checksum":"dad3b941f4d48cde12c3f6386c1e3179"},{"path":"\/template\/images\/money10.png","checksum":"43d58f9d970f7238e35357a10b5d2501"},{"path":"\/template\/images\/money11.png","checksum":"48c0eb6bfadd8a3db8ce913b05f496e0"},{"path":"\/template\/images\/money2.png","checksum":"29650f26c82c7684a5a1cbd884e3bf44"},{"path":"\/template\/images\/money3.png","checksum":"14a8f567edce9741d5bee7044d6c6643"},{"path":"\/template\/images\/money4.png","checksum":"fd47bb4a552022cf73dabc30597724ac"},{"path":"\/template\/images\/money5.png","checksum":"eb3d78b3295bf0586a31459d27bb498f"},{"path":"\/template\/images\/money6.png","checksum":"41635769a94b1617ad29a0e0aecc9429"},{"path":"\/template\/images\/money8.png","checksum":"dbadae3e94355a52248ef2b0d739e913"},{"path":"\/template\/images\/mt.png","checksum":"6e308b0e6499e1f42dc7eaef6a430228"},{"path":"\/template\/images\/muban3.jpg","checksum":"b90c2f1ae81fc7e2d0eae0a96a82564f"},{"path":"\/template\/images\/quyu.png","checksum":"07616ebcbdffe41cfeece2b3a2600059"},{"path":"\/template\/images\/saoma.png","checksum":"e0b7001556de4de3112978b5431b98f2"},{"path":"\/template\/images\/seller_login_bg.jpg","checksum":"b80692ef359ac9baaf8963eb1095576f"},{"path":"\/template\/images\/shezhi.png","checksum":"c3ced0563e1c4740281376bdd72ff682"},{"path":"\/template\/images\/stick.gif","checksum":"06216d9b99dca13744b113974b700bfd"},{"path":"\/template\/images\/time.png","checksum":"43c1ff21170de8c9ca5cc0febd9a4b34"},{"path":"\/template\/images\/tixian.png","checksum":"2f14f9645c715b8a54c1f8906ec870de"},{"path":"\/template\/images\/tongzhi.png","checksum":"1447fa5e82282144d36347d939bf9c2c"},{"path":"\/template\/images\/ttrgd.png","checksum":"e5b4d61bc5090293558f36bc7004de1a"},{"path":"\/template\/images\/tuceng0.png","checksum":"41ef0cd985b50564b4db7f88d236f6d3"},{"path":"\/template\/images\/tuceng1.png","checksum":"2c88ea84a70b3c27d30b71c313aae497"},{"path":"\/template\/images\/tuceng2.png","checksum":"5c4f4de1229bd5c648dd3c8f412fc883"},{"path":"\/template\/images\/tuceng4.png","checksum":"f7f5c9498d120765c61ddbbbb946866e"},{"path":"\/template\/images\/tuijian.png","checksum":"8bf45fe379021eeb5013ff8d5728c793"},{"path":"\/template\/images\/txt.png","checksum":"99e433cf8df305e8725f08f7b705e1d6"},{"path":"\/template\/images\/tz.png","checksum":"1cccb30b1c16cdb5a92dc095a4d5bf8c"},{"path":"\/template\/images\/u11_state0.png","checksum":"53078966ea081ca5600c07837a3371f4"},{"path":"\/template\/images\/u270.png","checksum":"07cb3829c4091f06908e65efddc65ca6"},{"path":"\/template\/images\/user.png","checksum":"094b64aa30988afbbdedfbc9f6723ffa"},{"path":"\/template\/images\/wm.wav","checksum":"ff91d22fcacef147520f3d35690c9256"},{"path":"\/template\/images\/wu.png","checksum":"087e05451e6c33ecb7b8e200a72bfb2e"},{"path":"\/template\/images\/xia.png","checksum":"2fdd47698205e340d05693953944d969"},{"path":"\/template\/images\/xian.png","checksum":"66eb9e61dcd5a7e6bd1b485680484bee"},{"path":"\/template\/images\/xiaoshou.png","checksum":"b901fd06b5a65dbfde2d34360df0ecef"},{"path":"\/template\/images\/xingxing.png","checksum":"a273c45822ab3b7d4609095d72d5e53b"},{"path":"\/template\/images\/xinxi1.png","checksum":"4e7877740332700fbf15786e8495f6f6"},{"path":"\/template\/images\/xinxi2.png","checksum":"5358190cf9085f3e0b8bc49b5c54690b"},{"path":"\/template\/images\/xinxi3.png","checksum":"8e1f4e0354aa5052edd20cd0a286a77e"},{"path":"\/template\/images\/xinxi4.png","checksum":"74dd0e47588cc76afabc060b3c4208b6"},{"path":"\/template\/images\/xitong.png","checksum":"8b600b83e37e8c59820cf342568a785a"},{"path":"\/template\/images\/ygrz.png","checksum":"14eee75777e80df3e4e2cd99eb1f30da"},{"path":"\/template\/images\/youhuiquan.png","checksum":"0e1f267164ab63d70b5bfa012ca17bfb"},{"path":"\/template\/images\/youhuiquan2.png","checksum":"ec033cffcf289eaee887950431e4c614"},{"path":"\/template\/images\/yuan.png","checksum":"10647d468e504f9782a347623bae4864"},{"path":"\/template\/images\/yuanxing.png","checksum":"34dfd22eb49f555568ea1cece737cb93"},{"path":"\/template\/images\/yy.wav","checksum":"41d543fba339059e55303ed067af101b"},{"path":"\/template\/images\/zhekouquan.png","checksum":"f6cfcabc1807922deb4aa782a6dbb1cf"},{"path":"\/template\/images\/zu.png","checksum":"cdf1694617fa3c07585da3da26c08eb6"},{"path":"\/template\/public\/comhead.html","checksum":"777ff07f143cc9083f3130077461f163"},{"path":"\/template\/public\/common.html","checksum":"49548b7f828e70ecccef49a11b1d0488"},{"path":"\/template\/public\/footer-base.html","checksum":"bcdec5fe63abaf6c2054b890824cf8df"},{"path":"\/template\/public\/footer.html","checksum":"7a8c673dced142d4d427b00d7b0a22e3"},{"path":"\/template\/public\/header-base.html","checksum":"0876934ab61ca7343e99aedcc18f944b"},{"path":"\/template\/public\/header.html","checksum":"115525340a29b0afac86248f930dd39a"},{"path":"\/template\/public\/ygcss.css","checksum":"9d46f18fb8c4e2c1efde1d029812bcbe"},{"path":"\/template\/public\/ygcsslist.css","checksum":"404a2cdf4e0d438359d32263445811d6"},{"path":"\/template\/web\/active.html","checksum":"b24a85a644edc5afe132509167884c79"},{"path":"\/template\/web\/activeinfo.html","checksum":"a4d8aba9e45764486165655d531f373b"},{"path":"\/template\/web\/addbranchadmin.html","checksum":"77f14396cfc17a488fac556538b3fce4"},{"path":"\/template\/web\/adpic.html","checksum":"5d6df12a0640bddd70331f8e5b3347d0"},{"path":"\/template\/web\/adpic_list.html","checksum":"a813a3db7ad633ee48223fcd4b06c03f"},{"path":"\/template\/web\/banner.html","checksum":"b35f35df71fd54b6cf48fbb4361a47c1"},{"path":"\/template\/web\/branch.html","checksum":"5097fb34c66775264734ef5a5af68fa9"},{"path":"\/template\/web\/branchadminlist.html","checksum":"38c031958fee76d162d280a873b0e87d"},{"path":"\/template\/web\/branchslist.html","checksum":"ac8730e0594df57e869f10ce71f19fd9"},{"path":"\/template\/web\/car.html","checksum":"10583cc0b35d4ced9f54269cc6fd4c4e"},{"path":"\/template\/web\/carbrand.html","checksum":"57dd0641549d65b16726992ec9ec812b"},{"path":"\/template\/web\/carcity.html","checksum":"0cd408ff22b38f954b4d75582b33e07e"},{"path":"\/template\/web\/carinfo.html","checksum":"6e282cb15575fb1ba642380f7decf2e6"},{"path":"\/template\/web\/cartype.html","checksum":"e776869ac8b5e06a98a6e8906700ee0a"},{"path":"\/template\/web\/coupon.html","checksum":"fa665d6639e8e086bf385247a6e29c25"},{"path":"\/template\/web\/coupondetails.html","checksum":"6783ddb08af1dc9f7c04498c9804372d"},{"path":"\/template\/web\/coupons.html","checksum":"a298a0d9918840e32c3ebb69a7db59a3"},{"path":"\/template\/web\/getcouponlog.html","checksum":"df961d0a8b3ddf68b55abc782aaa1d07"},{"path":"\/template\/web\/goods.html","checksum":"90079aee11ef79aa595008bd1469e8b5"},{"path":"\/template\/web\/goodsinfo.html","checksum":"c55616ce1f86ce64c6b23a25bef3a3a7"},{"path":"\/template\/web\/goodslist.html","checksum":"3f036f3cda2105b770c84eedd0910362"},{"path":"\/template\/web\/index.html","checksum":"eb42acba84ecadaa41df76b445f2f3e5"},{"path":"\/template\/web\/logoset.html","checksum":"7039f58ae81bf0b9844f3d9a2f785198"},{"path":"\/template\/web\/member.html","checksum":"187c58b636ba84dabfa2e3f81365a0b5"},{"path":"\/template\/web\/memberrule.html","checksum":"3462fc3d9c9f1fabbf748a9377d6b7f7"},{"path":"\/template\/web\/memberslist.html","checksum":"5384b9078fd437b502e8a384035db088"},{"path":"\/template\/web\/msgset.html","checksum":"1856345d412eb895a8b04cb8d48a57cf"},{"path":"\/template\/web\/navset.html","checksum":"8a967eb4cbdbabe756b55e2bbe5393fd"},{"path":"\/template\/web\/new.html","checksum":"3c273e199d21fa72eb5cb29865b8bb40"},{"path":"\/template\/web\/newbanner.html","checksum":"e39761d0f3d3e142d4575a4033d66df1"},{"path":"\/template\/web\/newslist.html","checksum":"66ebb87f1b9372afeec020fbdac9fcf0"},{"path":"\/template\/web\/order.html","checksum":"df2ac931f26016c48bcaeea897415abc"},{"path":"\/template\/web\/orderinfo.html","checksum":"ec5f9081be5151d4753ae9ffa84c66a1"},{"path":"\/template\/web\/ordertime.html","checksum":"389143517960b5b13f944d2a05fa112c"},{"path":"\/template\/web\/peiz.html","checksum":"170a3ebc16f1918f7e8feafc87f76086"},{"path":"\/template\/web\/record.html","checksum":"3b131a8f15578c0876c6212532f4f9d2"},{"path":"\/template\/web\/renting.html","checksum":"2c8d249864b4ad5add40642736960fd6"},{"path":"\/template\/web\/rentings.html","checksum":"2998512cc181bb51e83b9335c18bfd50"},{"path":"\/template\/web\/rentrule.html","checksum":"52b14e69bfaacc0306267b64d7c63248"},{"path":"\/template\/web\/rule.html","checksum":"0e1c1dd8a676e7bab457360fac84511b"},{"path":"\/template\/web\/rulesbanner.html","checksum":"370a303ab3f4ff09d1271d141277d697"},{"path":"\/template\/web\/ruleslist.html","checksum":"d31892d8cfaa145f465d748da23717a1"},{"path":"\/template\/web\/taocan.html","checksum":"3f68451d686964d9a71a0ca36a5dc376"},{"path":"\/template\/web\/taocanadd.html","checksum":"b846c48ead66d252498850febaac0bab"},{"path":"\/template\/web\/template.html","checksum":"27b02ab3137ced14bfa9b7dd6d9cdcf1"},{"path":"\/template\/web\/user.html","checksum":"a0513d36718348065d57bdd7404f383c"},{"path":"\/template\/web\/userinfo.html","checksum":"1d510ed518604ede2880f86c64ebb519"},{"path":"\/template\/web\/we.html","checksum":"15f4a90c4fa484f8175441f03ad0acf3"},{"path":"\/template\/web\/wxpages.html","checksum":"eb5ada1bf9c5c9e305ef70a400efe59e"},{"path":"\/template\/web\/ygquan.html","checksum":"1a13a5d75d56d1d41350f7cef710422b"},{"path":"\/template\/welcome.html","checksum":"1618436b4bd15d733c1114c0792df707"},{"path":"\/uninstall.php","checksum":"c1e3450e9a9021b118f40f42f89fe804"},{"path":"\/upgrade.php","checksum":"e5b3989cd5c712e3f4e69c56eb27ae93"},{"path":"\/zipviewer\/readme.txt","checksum":"8aa5e05331fcdee03a64534b5ab4273c"},{"path":"\/zipviewer\/ZipViewer.exe","checksum":"4852690d5bfb4d69a05e180027577ea0"},{"path":"\/wxpay.php","checksum":"1a262225120e893cb7559762dafd2145"},{"path":"\/wxBizDataCrypt.php","checksum":"2d00a374fd6bf7c7854102c511fc8fea"},{"path":"\/wxapp.php","checksum":"f2a402161c6229fb5c99362dca1b9a2b"}]