<?xml version="1.0" encoding="utf-8"?>
<manifest xmlns="http://www.lanrenzhijia.com" versionCode="0.8,1.0">
	<application setting="false">
		<name><![CDATA[米花商城]]></name>
		<identifie><![CDATA[mihua_mall]]></identifie>
		<version><![CDATA[6.2.7]]></version>
		<type><![CDATA[activity]]></type>
		<ability><![CDATA[米花商城，简单实用的商城模块]]></ability>
		<description><![CDATA[米花商城，简单实用的商城模块]]></description>
		<author><![CDATA[懒人源码]]></author>
		<url><![CDATA[https://www.lanrenzhijia.com]]></url>
	</application>
	<platform>
		<subscribes>
		</subscribes>
		<handles>
			<message type="text" />
		</handles>
		<rule embed="true" />
		<card embed="false" />
		<supports>
			<item type="app" />
        </supports>
	</platform>
	<bindings>
		<cover>
			<entry title="商城入口" do="list" state="" direct="false" />
			<entry title="代理设置" do="fansindex" state="" direct="false" />
			<entry title="排名设置" do="phb" state="" direct="false" />
			<entry title="积分设置" do="award" state="" direct="false" />
		</cover>
		<menu>
			<entry title="独立后台入口" do="index" state="" direct="false" />
		</menu>
		<page>
			<entry title="首页" do="/mihua_mall/page/index/index" state="" direct="false" />
		</page>
	</bindings>
	<permissions>
	</permissions>
	<install><![CDATA[install.php]]></install>
	<uninstall><![CDATA[]]></uninstall>
	<upgrade><![CDATA[upgrade.php]]></upgrade>
</manifest>