<?xml version="1.0" encoding="utf-8"?>
<manifest xmlns="http://www.we7.cc" versionCode="0.8,1.0">
	<application setting="true">
		<name><![CDATA[【超人】社区二手跳蚤市场]]></name>
		<identifie><![CDATA[superman_hand2]]></identifie>
		<version><![CDATA[6.3.4]]></version>
		<type><![CDATA[business]]></type>
		<ability><![CDATA[社区二手跳蚤市场]]></ability>
		<description><![CDATA[社区二手跳蚤市场]]></description>
		<author><![CDATA[懒人源码]]></author>
		<url><![CDATA[https://www.lanrenzhijia.com]]></url>
	</application>
	<platform>
		<subscribes>
		</subscribes>
		<handles>
		</handles>
		<rule embed="false" />
		<card embed="false" />
		<supports>
    		<item type="wxapp" />
        </supports>
		<plugins>
			<item name="superman_hand2_plugin_ad"></item>
			<item name="superman_hand2_plugin_notice"></item>
			<item name="superman_hand2_plugin_wechat"></item>
		</plugins>
	</platform>
	<bindings>
		<cover>
			<entry title="首页入口" do="home" state="" direct="false" />
			<entry title="发布物品" do="item" state="post" direct="false" />
			<entry title="发布物品" do="item" state="post" direct="false" />
			<entry title="消息列表" do="message" state="" direct="false" />
			<entry title="我的入口" do="my" state="" direct="false" />
		</cover>
		<menu>
			<entry title="发布管理" do="item" state="" direct="false" />
			<entry title="订单管理" do="order" state="" direct="false" />
			<entry title="留言管理" do="comment" state="" direct="false" />
			<entry title="分类管理" do="category" state="" direct="false" />
			<entry title="小区管理" do="district" state="" direct="false" />
			<entry title="会员管理" do="member" state="" direct="false" />
			<entry title="公告管理" do="notice" state="" direct="false" />
			<entry title="预约回收" do="recycle" state="" direct="false" />
			<entry title="数据统计" do="stat" state="" direct="false" />
			<entry title="举报管理" do="report" state="" direct="false" />
			<entry title="首页轮播图" do="banner" state="" direct="false" />
		</menu>
		<page>
			<entry title="首页" do="/superman_hand2/pages/home/index" state="" direct="false" />
			<entry title="发布页" do="/superman_hand2/pages/post/index" state="" direct="false" />
			<entry title="消息" do="/superman_hand2/pages/message/index" state="" direct="false" />
			<entry title="我的" do="/superman_hand2/pages/my/index" state="" direct="false" />
			<entry title="物品分类" do="/superman_hand2/pages/list/index" state="" direct="false" />
			<entry title="任务中心" do="/superman_hand2/pages/get_credit/index" state="" direct="false" />
			<entry title="回收站" do="/superman_hand2/pages/recycle/index" state="" direct="false" />
		</page>
	</bindings>
	<permissions>
	</permissions>
	<install><![CDATA[CREATE TABLE IF NOT EXISTS `ims_superman_hand2_action` (
  `id` int(10) unsigned NOT NULL AUTO_INCREMENT COMMENT '主键id',
  `uniacid` int(10) unsigned NOT NULL DEFAULT '0' COMMENT '公众号id',
  `uid` int(10) unsigned NOT NULL DEFAULT '0' COMMENT 'uid',
  `item_id` int(10) unsigned NOT NULL DEFAULT '0' COMMENT '物品id',
  `type` tinyint(4) NOT NULL DEFAULT '0' COMMENT '类型,1:点赞,2:收藏',
  `is_check` tinyint(4) NOT NULL DEFAULT '1' COMMENT '是否查看,0:未查看,1:已查看',
  `createtime` int(10) unsigned NOT NULL DEFAULT '0' COMMENT '时间戳',
  PRIMARY KEY (`id`),
  KEY `indx_uniacid` (`uniacid`),
  KEY `indx_item_id` (`item_id`),
  KEY `indx_uid` (`uid`)
) ENGINE=MyISAM AUTO_INCREMENT=21 DEFAULT CHARSET=utf8;
CREATE TABLE IF NOT EXISTS `ims_superman_hand2_ask_item` (
  `id` int(10) unsigned NOT NULL AUTO_INCREMENT COMMENT '主键id',
  `uniacid` int(10) unsigned NOT NULL DEFAULT '0' COMMENT '公众号id',
  `title` varchar(155) NOT NULL DEFAULT '' COMMENT '关键词',
  `uid` int(10) unsigned NOT NULL DEFAULT '0' COMMENT '订阅用户uid',
  `lng` varchar(20) NOT NULL DEFAULT '' COMMENT '经度',
  `lat` varchar(20) NOT NULL DEFAULT '' COMMENT '纬度',
  `province` varchar(50) NOT NULL DEFAULT '' COMMENT '省',
  `city` varchar(50) NOT NULL DEFAULT '' COMMENT '市',
  `address` varchar(255) NOT NULL DEFAULT '' COMMENT '地址',
  `distance` varchar(50) NOT NULL DEFAULT '' COMMENT '搜索范围',
  `status` tinyint(4) NOT NULL DEFAULT '0' COMMENT '订阅状态,0:进行中,1:已订阅',
  `send_tmpl` tinyint(4) NOT NULL DEFAULT '0' COMMENT '发送消息标识,0:未发,1:已发',
  `dateline` int(10) unsigned NOT NULL DEFAULT '0' COMMENT '更新时间',
  PRIMARY KEY (`id`),
  KEY `indx_uniacid` (`uniacid`),
  KEY `indx_uid` (`uid`)
) ENGINE=MyISAM DEFAULT CHARSET=utf8;
CREATE TABLE IF NOT EXISTS `ims_superman_hand2_ask_message_log` (
  `id` int(10) unsigned NOT NULL AUTO_INCREMENT COMMENT '主键id',
  `uniacid` int(10) unsigned NOT NULL DEFAULT '0' COMMENT '公众号id',
  `title` varchar(155) NOT NULL DEFAULT '' COMMENT '关键词',
  `uid` int(10) unsigned NOT NULL DEFAULT '0' COMMENT '订阅用户uid',
  `type` tinyint(4) NOT NULL DEFAULT '0' COMMENT '订阅类型,0:已过期,1:订阅成功',
  `dateline` int(10) unsigned NOT NULL DEFAULT '0' COMMENT '创建时间',
  PRIMARY KEY (`id`),
  KEY `indx_uniacid` (`uniacid`),
  KEY `indx_uid` (`uid`)
) ENGINE=MyISAM DEFAULT CHARSET=utf8;
CREATE TABLE IF NOT EXISTS `ims_superman_hand2_banner` (
  `id` int(10) unsigned NOT NULL AUTO_INCREMENT COMMENT '主键id',
  `uniacid` int(10) unsigned NOT NULL DEFAULT '0' COMMENT '公众号id',
  `thumb` varchar(255) NOT NULL DEFAULT '' COMMENT '图片',
  `appid` varchar(50) NOT NULL DEFAULT '' COMMENT 'appid',
  `url` varchar(255) NOT NULL DEFAULT '' COMMENT '跳转链接',
  `is_default` tinyint(4) NOT NULL DEFAULT '0' COMMENT '是否为默认,0:否,1:是',
  `position` tinyint(4) NOT NULL DEFAULT '0' COMMENT '展示位置,1:首页,2:分类页',
  `area_points` text COMMENT '地区限制坐标点',
  `displayorder` int(11) NOT NULL DEFAULT '0' COMMENT '列表排序',
  `starttime` int(10) unsigned NOT NULL DEFAULT '0' COMMENT '开始时间戳',
  `endtime` int(10) unsigned NOT NULL DEFAULT '0' COMMENT '结束时间',
  PRIMARY KEY (`id`),
  KEY `ind_uniacid` (`uniacid`),
  KEY `ind_thumb` (`thumb`)
) ENGINE=MyISAM DEFAULT CHARSET=utf8;
CREATE TABLE IF NOT EXISTS `ims_superman_hand2_category` (
  `id` int(10) unsigned NOT NULL AUTO_INCREMENT COMMENT '主键id',
  `uniacid` int(10) unsigned NOT NULL DEFAULT '0' COMMENT '公众号id',
  `title` varchar(100) NOT NULL DEFAULT '' COMMENT '分类名称',
  `cover` varchar(255) NOT NULL DEFAULT '' COMMENT '分类图片',
  `displayorder` int(11) NOT NULL DEFAULT '0' COMMENT '物品列表排序',
  `status` tinyint(4) NOT NULL DEFAULT '1' COMMENT '状态,0:隐藏,1:显示,',
  PRIMARY KEY (`id`),
  UNIQUE KEY `uniq_title` (`uniacid`,`title`),
  KEY `indx_uniacid` (`uniacid`)
) ENGINE=MyISAM AUTO_INCREMENT=5 DEFAULT CHARSET=utf8;
CREATE TABLE IF NOT EXISTS `ims_superman_hand2_comment` (
  `id` int(10) unsigned NOT NULL AUTO_INCREMENT COMMENT '主键id',
  `uniacid` int(10) unsigned NOT NULL DEFAULT '0' COMMENT '公众号id',
  `uid` int(10) unsigned NOT NULL DEFAULT '0' COMMENT '留言者uid',
  `item_id` int(10) unsigned NOT NULL DEFAULT '0' COMMENT '物品id',
  `message` text COMMENT '留言内容',
  `reply` text COMMENT '卖家回复',
  `status` tinyint(4) NOT NULL DEFAULT '0' COMMENT '状态,0:待审核,1:审核通过,2:审核拒绝',
  `createtime` int(10) unsigned NOT NULL DEFAULT '0' COMMENT '留言时间戳',
  `replytime` int(10) unsigned NOT NULL DEFAULT '0' COMMENT '回复时间戳',
  PRIMARY KEY (`id`),
  KEY `indx_uniacid` (`uniacid`),
  KEY `indx_item_id` (`item_id`),
  KEY `indx_uid` (`uid`)
) ENGINE=MyISAM AUTO_INCREMENT=2 DEFAULT CHARSET=utf8;
CREATE TABLE IF NOT EXISTS `ims_superman_hand2_cube_ad` (
  `id` int(10) unsigned NOT NULL AUTO_INCREMENT COMMENT '主键id',
  `uniacid` int(10) unsigned NOT NULL DEFAULT '0' COMMENT '公众号id',
  `title` varchar(50) NOT NULL DEFAULT '' COMMENT '名称',
  `appid` varchar(50) NOT NULL DEFAULT '' COMMENT 'appid',
  `url` varchar(255) NOT NULL DEFAULT '' COMMENT 'url',
  `thumb` varchar(255) NOT NULL DEFAULT '' COMMENT '图片地址',
  `displayorder` int(11) NOT NULL DEFAULT '0' COMMENT '排序,先大后小',
  `page_view` int(11) NOT NULL DEFAULT '0' COMMENT '浏览量',
  `starttime` datetime NOT NULL DEFAULT '0000-00-00 00:00:00' COMMENT '开始时间',
  `endtime` datetime NOT NULL DEFAULT '0000-00-00 00:00:00' COMMENT '结束时间',
  `createtime` int(10) unsigned NOT NULL DEFAULT '0' COMMENT '创建时间',
  PRIMARY KEY (`id`),
  KEY `indx_uniacid` (`uniacid`)
) ENGINE=MyISAM DEFAULT CHARSET=utf8;
CREATE TABLE IF NOT EXISTS `ims_superman_hand2_district` (
  `id` int(10) unsigned NOT NULL AUTO_INCREMENT COMMENT '主键id',
  `uniacid` int(10) unsigned NOT NULL DEFAULT '0' COMMENT '公众号id',
  `title` varchar(100) NOT NULL DEFAULT '' COMMENT '小区名称',
  `displayorder` int(11) NOT NULL DEFAULT '0' COMMENT '列表排序',
  `status` tinyint(4) NOT NULL DEFAULT '1' COMMENT '状态,0:隐藏,1:显示,',
  PRIMARY KEY (`id`),
  UNIQUE KEY `uniq_title` (`uniacid`,`title`),
  KEY `indx_uniacid` (`uniacid`)
) ENGINE=MyISAM DEFAULT CHARSET=utf8;
CREATE TABLE IF NOT EXISTS `ims_superman_hand2_grade` (
  `id` int(11) NOT NULL AUTO_INCREMENT,
  `uniacid` int(10) unsigned NOT NULL DEFAULT '0' COMMENT '公众号id',
  `uid` int(10) unsigned NOT NULL DEFAULT '0' COMMENT '买家会员id',
  `seller_uid` int(10) unsigned NOT NULL DEFAULT '0' COMMENT '卖家会员id',
  `orderid` int(10) unsigned NOT NULL DEFAULT '0' COMMENT '订单id',
  `itemid` int(10) unsigned NOT NULL DEFAULT '0' COMMENT '产品id',
  `level` tinyint(4) NOT NULL DEFAULT '0' COMMENT '评价,0:未评价,1:好评, 2:中评, 3:差评',
  `message` text COMMENT '评价内容',
  `reply` text COMMENT '卖家回复',
  `anonymous` tinyint(4) NOT NULL DEFAULT '0' COMMENT '是否匿名,0:否,1:是',
  `dateline` int(10) unsigned NOT NULL DEFAULT '0' COMMENT '时间戳',
  PRIMARY KEY (`id`),
  KEY `ind_us` (`uniacid`)
) ENGINE=MyISAM AUTO_INCREMENT=2 DEFAULT CHARSET=utf8;
CREATE TABLE IF NOT EXISTS `ims_superman_hand2_item` (
  `id` int(10) unsigned NOT NULL AUTO_INCREMENT COMMENT '主键id',
  `uniacid` int(10) unsigned NOT NULL DEFAULT '0' COMMENT '公众号id',
  `cid` int(10) unsigned NOT NULL DEFAULT '0' COMMENT '分类id',
  `seller_uid` int(10) unsigned NOT NULL DEFAULT '0' COMMENT '卖家uid',
  `buyer_uid` int(10) unsigned NOT NULL DEFAULT '0' COMMENT '买家uid',
  `total` int(10) unsigned NOT NULL DEFAULT '1' COMMENT '购买数量',
  `title` varchar(255) NOT NULL DEFAULT '' COMMENT '标题',
  `description` text COMMENT '描述',
  `tags` text COMMENT '标签',
  `summary` text COMMENT '图书简介',
  `album` mediumtext COMMENT '相册',
  `thumb` mediumtext COMMENT '缩略图',
  `video` mediumtext COMMENT '视频',
  `avatar` varchar(255) NOT NULL DEFAULT '' COMMENT '头像',
  `nickname` varchar(100) NOT NULL DEFAULT '' COMMENT '昵称',
  `phone` varchar(20) NOT NULL DEFAULT '' COMMENT '手机号',
  `wechat` varchar(50) NOT NULL DEFAULT '' COMMENT '微信号',
  `appid` varchar(255) NOT NULL DEFAULT '' COMMENT '小程序appid',
  `url` varchar(255) NOT NULL DEFAULT '' COMMENT '跳转链接',
  `item_type` tinyint(4) NOT NULL DEFAULT '0' COMMENT '物品类型,0:普通,1:广告,-1:后台发布物品',
  `isnew` tinyint(4) NOT NULL DEFAULT '0' COMMENT '是否全新,0:否,1:是',
  `price_type` tinyint(4) NOT NULL DEFAULT '0' COMMENT '类型,1:一口价,2:免费送',
  `buy_type` tinyint(4) NOT NULL DEFAULT '0' COMMENT '购买类型,0:价格,1:积分',
  `wechatpay` tinyint(4) NOT NULL DEFAULT '0' COMMENT '微信在线支付,0:关闭,1:开启',
  `stock` int(10) unsigned NOT NULL DEFAULT '1' COMMENT '库存',
  `price` decimal(10,2) NOT NULL DEFAULT '0.00' COMMENT '价格',
  `unit` tinyint(4) NOT NULL DEFAULT '0' COMMENT '单位,0:￥,1:$,2其他货币',
  `unit_title` varchar(255) NOT NULL DEFAULT '' COMMENT '货币名称',
  `credit` decimal(10,2) NOT NULL DEFAULT '0.00' COMMENT '积分',
  `origin_price` decimal(10,2) NOT NULL DEFAULT '0.00' COMMENT '原价',
  `express_price` decimal(10,2) NOT NULL DEFAULT '0.00' COMMENT '快递费',
  `deposit_price` decimal(10,2) NOT NULL DEFAULT '0.00' COMMENT '订金',
  `trade_type` tinyint(4) NOT NULL DEFAULT '0' COMMENT '交易方式,1:邮寄,2:自提',
  `fetch_address` varchar(255) NOT NULL DEFAULT '' COMMENT '自提地址',
  `isbn` text COMMENT '图书编码',
  `book_fields` text COMMENT '图书字段序列化',
  `set_top_fields` text COMMENT '置顶位置序列化',
  `area_points` text COMMENT '地区限制坐标点',
  `lng` varchar(20) NOT NULL DEFAULT '' COMMENT '地址经度',
  `lat` varchar(20) NOT NULL DEFAULT '' COMMENT '地址纬度',
  `province` varchar(50) NOT NULL DEFAULT '' COMMENT '省',
  `city` varchar(50) NOT NULL DEFAULT '' COMMENT '市',
  `address` varchar(255) NOT NULL DEFAULT '' COMMENT '地址',
  `status` tinyint(4) NOT NULL DEFAULT '0' COMMENT '状态,-3:已拒绝,-2:删除,-1:下架,0:待审核,1:已发布,2:已交易',
  `credit_tip` tinyint(4) NOT NULL DEFAULT '0' COMMENT '状态,0:待发放,1:已发放',
  `pay_position` tinyint(4) NOT NULL DEFAULT '0' COMMENT '付费位置',
  `reason` text COMMENT '审核失败原因',
  `add_fields` mediumtext COMMENT '自定义表单扩展字段',
  `page_view` int(11) NOT NULL DEFAULT '0' COMMENT '浏览量',
  `createtime` int(10) unsigned NOT NULL DEFAULT '0' COMMENT '创建时间戳',
  `updatetime` int(10) unsigned NOT NULL DEFAULT '0' COMMENT '更新时间戳',
  `expiretime` int(10) unsigned NOT NULL DEFAULT '0' COMMENT '过期时间戳',
  PRIMARY KEY (`id`),
  KEY `indx_uniacid` (`uniacid`),
  KEY `indx_cid` (`cid`),
  KEY `indx_seller_uid` (`seller_uid`),
  KEY `indx_buyer_uid` (`buyer_uid`)
) ENGINE=MyISAM AUTO_INCREMENT=15 DEFAULT CHARSET=utf8;
CREATE TABLE IF NOT EXISTS `ims_superman_hand2_item_top` (
  `id` int(11) NOT NULL AUTO_INCREMENT,
  `uniacid` int(10) unsigned NOT NULL DEFAULT '0' COMMENT '公众号id',
  `positionid` int(10) unsigned NOT NULL DEFAULT '0' COMMENT '位置id',
  `itemid` int(10) unsigned NOT NULL DEFAULT '0' COMMENT '商品id',
  `uid` int(10) unsigned NOT NULL DEFAULT '0' COMMENT '买家uid',
  `status` tinyint(4) NOT NULL DEFAULT '0' COMMENT '状态,0:待审核,1:通过,-1:已拒绝, -2,已过期',
  `expiretime` int(10) unsigned NOT NULL DEFAULT '0' COMMENT '过期时间',
  PRIMARY KEY (`id`),
  UNIQUE KEY `uniq_ui` (`uniacid`,`itemid`)
) ENGINE=MyISAM DEFAULT CHARSET=utf8;
CREATE TABLE IF NOT EXISTS `ims_superman_hand2_kv` (
  `id` int(11) NOT NULL AUTO_INCREMENT,
  `uniacid` int(10) unsigned NOT NULL DEFAULT '0' COMMENT '公众号id',
  `status` tinyint(4) NOT NULL DEFAULT '0' COMMENT '幻灯图随机播放,0:关闭,1:开启',
  `skey` varchar(255) NOT NULL DEFAULT '' COMMENT 'key',
  `svalue` mediumtext COMMENT 'value',
  `area_points` text COMMENT '区限制坐标点',
  PRIMARY KEY (`id`),
  UNIQUE KEY `uniq_us` (`uniacid`,`skey`)
) ENGINE=MyISAM DEFAULT CHARSET=utf8;
CREATE TABLE IF NOT EXISTS `ims_superman_hand2_member` (
  `id` int(11) NOT NULL AUTO_INCREMENT,
  `uniacid` int(10) unsigned NOT NULL DEFAULT '0' COMMENT '公众号id',
  `uid` int(10) unsigned NOT NULL DEFAULT '0' COMMENT '会员uid',
  `getcash` tinyint(4) NOT NULL DEFAULT '0' COMMENT '提现次数',
  `balance` decimal(10,2) NOT NULL DEFAULT '0.00' COMMENT '统计收益',
  `createtime` int(10) unsigned NOT NULL DEFAULT '0' COMMENT '创建时间',
  `updatetime` int(10) unsigned NOT NULL DEFAULT '0' COMMENT '修改时间',
  PRIMARY KEY (`id`),
  KEY `ind_uniacid` (`uniacid`),
  KEY `ind_uid` (`uid`)
) ENGINE=MyISAM AUTO_INCREMENT=6 DEFAULT CHARSET=utf8;
CREATE TABLE IF NOT EXISTS `ims_superman_hand2_member_blacklist` (
  `id` int(11) NOT NULL AUTO_INCREMENT,
  `uniacid` int(10) unsigned NOT NULL DEFAULT '0' COMMENT '公众号id',
  `uid` int(10) unsigned NOT NULL DEFAULT '0' COMMENT '卖家uid',
  `openid` varchar(50) NOT NULL DEFAULT '' COMMENT 'openid',
  `day` varchar(100) NOT NULL DEFAULT '' COMMENT '天数,-1为永久',
  `remark` text COMMENT '备注',
  `blocktime` int(10) unsigned NOT NULL DEFAULT '0' COMMENT '封禁时间',
  PRIMARY KEY (`id`),
  KEY `indx_uniacid` (`uniacid`),
  KEY `indx_uid` (`uid`)
) ENGINE=MyISAM DEFAULT CHARSET=utf8;
CREATE TABLE IF NOT EXISTS `ims_superman_hand2_member_block_credit` (
  `id` int(11) NOT NULL AUTO_INCREMENT,
  `uniacid` int(10) unsigned NOT NULL DEFAULT '0' COMMENT '公众号id',
  `uid` int(10) unsigned NOT NULL DEFAULT '0' COMMENT 'uid',
  `itemid` int(10) unsigned NOT NULL DEFAULT '0' COMMENT '商品id',
  `credit` decimal(10,2) NOT NULL DEFAULT '0.00' COMMENT '积分',
  `remark` text COMMENT '备注',
  `createtime` int(10) unsigned NOT NULL DEFAULT '0' COMMENT '创建时间戳',
  PRIMARY KEY (`id`),
  KEY `indx_uniacid` (`uniacid`),
  KEY `indx_uid` (`uid`)
) ENGINE=MyISAM AUTO_INCREMENT=3 DEFAULT CHARSET=utf8;
CREATE TABLE IF NOT EXISTS `ims_superman_hand2_member_formid` (
  `id` int(11) NOT NULL AUTO_INCREMENT,
  `uniacid` int(10) unsigned NOT NULL DEFAULT '0' COMMENT '公众号id',
  `uid` int(10) unsigned NOT NULL DEFAULT '0' COMMENT '用户uid',
  `formid` varchar(100) NOT NULL DEFAULT '' COMMENT 'formid',
  `createtime` int(10) unsigned NOT NULL DEFAULT '0' COMMENT '创建时间',
  PRIMARY KEY (`id`),
  KEY `indx_uniacid` (`uniacid`),
  KEY `indx_uid` (`uid`)
) ENGINE=MyISAM AUTO_INCREMENT=307 DEFAULT CHARSET=utf8;
CREATE TABLE IF NOT EXISTS `ims_superman_hand2_member_getcash_log` (
  `id` int(11) NOT NULL AUTO_INCREMENT,
  `uniacid` int(10) unsigned NOT NULL DEFAULT '0' COMMENT '公众号id',
  `uid` int(10) unsigned NOT NULL DEFAULT '0' COMMENT '用户uid',
  `account_type` varchar(10) NOT NULL DEFAULT '' COMMENT '账户类型(wechat,alipay,bank)',
  `account` text COMMENT '账户序列化数据',
  `money` decimal(10,2) NOT NULL DEFAULT '0.00' COMMENT '金额',
  `apply_remark` text COMMENT '申请备注',
  `status` tinyint(4) NOT NULL DEFAULT '0' COMMENT '状态,-1:提现失败, 0:待支付,1:已支付',
  `wxpay_result` text COMMENT '微信付款结果',
  `wxpay_orderno` varchar(50) NOT NULL DEFAULT '' COMMENT '微信付款订单号',
  `wxpay_paymentno` varchar(50) NOT NULL DEFAULT '' COMMENT '微信付款交易号',
  `operator` varchar(50) NOT NULL DEFAULT '' COMMENT '操作人',
  `remark` text COMMENT '备注',
  `fee_rate` varchar(20) NOT NULL DEFAULT '' COMMENT '费用率',
  `fee_min` varchar(20) NOT NULL DEFAULT '' COMMENT '最小费用',
  `fee_max` varchar(20) NOT NULL DEFAULT '' COMMENT '最大费用',
  `service_fee` varchar(20) NOT NULL DEFAULT '' COMMENT '服务费',
  `paytime` int(10) unsigned NOT NULL DEFAULT '0' COMMENT '支付时间戳',
  `createtime` int(10) unsigned NOT NULL DEFAULT '0' COMMENT '创建时间',
  `updatetime` int(10) unsigned NOT NULL DEFAULT '0' COMMENT '更新时间戳',
  PRIMARY KEY (`id`),
  KEY `ind_uniacid` (`uniacid`),
  KEY `ind_uid` (`uid`)
) ENGINE=MyISAM DEFAULT CHARSET=utf8;
CREATE TABLE IF NOT EXISTS `ims_superman_hand2_member_getcash_user` (
  `id` int(11) NOT NULL AUTO_INCREMENT,
  `uniacid` int(10) unsigned NOT NULL DEFAULT '0' COMMENT '公众号id',
  `openid` varchar(50) NOT NULL DEFAULT '' COMMENT '为空时从shop_user.openid初始化',
  `uid` int(10) unsigned NOT NULL DEFAULT '0' COMMENT '会员id',
  `alipay_account` varchar(200) NOT NULL DEFAULT '' COMMENT '支付宝账户',
  `alipay_username` varchar(200) NOT NULL DEFAULT '' COMMENT '支付宝账户姓名',
  `bank_name` varchar(200) NOT NULL DEFAULT '' COMMENT '银行名称',
  `bank_account` varchar(200) NOT NULL DEFAULT '' COMMENT '开户行',
  `bank_cardno` varchar(200) NOT NULL DEFAULT '' COMMENT '银行卡号',
  `bank_username` varchar(200) NOT NULL DEFAULT '' COMMENT '开卡人姓名',
  `createtime` int(10) unsigned NOT NULL DEFAULT '0' COMMENT '创建时间',
  `updatetime` int(10) unsigned NOT NULL DEFAULT '0' COMMENT '更新时间戳',
  PRIMARY KEY (`id`),
  KEY `ind_uniacid` (`uniacid`),
  KEY `ind_uid` (`uid`)
) ENGINE=MyISAM AUTO_INCREMENT=2 DEFAULT CHARSET=utf8;
CREATE TABLE IF NOT EXISTS `ims_superman_hand2_member_log` (
  `id` int(11) NOT NULL AUTO_INCREMENT,
  `uniacid` int(10) unsigned NOT NULL DEFAULT '0' COMMENT '公众号id',
  `uid` int(10) unsigned NOT NULL DEFAULT '0' COMMENT 'uid',
  `login` tinyint(4) NOT NULL DEFAULT '0' COMMENT '首次登陆,0:否,1:是',
  `upload` tinyint(4) NOT NULL DEFAULT '0' COMMENT '首次上传商品,0:否,1:是',
  `createtime` int(10) unsigned NOT NULL DEFAULT '0' COMMENT '创建时间戳',
  PRIMARY KEY (`id`),
  UNIQUE KEY `uniq_uu` (`uniacid`,`uid`),
  KEY `indx_uniacid` (`uniacid`),
  KEY `indx_uid` (`uid`)
) ENGINE=MyISAM AUTO_INCREMENT=5 DEFAULT CHARSET=utf8;
CREATE TABLE IF NOT EXISTS `ims_superman_hand2_member_login` (
  `id` int(11) NOT NULL AUTO_INCREMENT,
  `uniacid` int(10) unsigned NOT NULL DEFAULT '0' COMMENT '公众号id',
  `uid` int(10) unsigned NOT NULL DEFAULT '0' COMMENT 'uid',
  `is_online` tinyint(4) NOT NULL DEFAULT '0' COMMENT '是否在线,0:不在线，1:在线',
  `dateline` int(10) unsigned NOT NULL DEFAULT '0' COMMENT '登录时间戳',
  PRIMARY KEY (`id`),
  KEY `indx_uniacid` (`uniacid`),
  KEY `indx_uid` (`uid`)
) ENGINE=MyISAM AUTO_INCREMENT=5 DEFAULT CHARSET=utf8;
CREATE TABLE IF NOT EXISTS `ims_superman_hand2_member_money_log` (
  `id` int(11) NOT NULL AUTO_INCREMENT,
  `uniacid` int(10) unsigned NOT NULL DEFAULT '0' COMMENT '公众号id',
  `uid` int(10) unsigned NOT NULL DEFAULT '0' COMMENT '用户uid',
  `type` tinyint(4) NOT NULL DEFAULT '0' COMMENT '类型,1:收入,2:支出',
  `money` decimal(10,2) NOT NULL DEFAULT '0.00' COMMENT '金额',
  `operator` varchar(50) NOT NULL DEFAULT '' COMMENT '操作人',
  `remark` text COMMENT '备注',
  `createtime` int(10) unsigned NOT NULL DEFAULT '0' COMMENT '创建时间',
  PRIMARY KEY (`id`),
  KEY `ind_uniacid` (`uniacid`),
  KEY `ind_uid` (`uid`)
) ENGINE=MyISAM AUTO_INCREMENT=2 DEFAULT CHARSET=utf8;
CREATE TABLE IF NOT EXISTS `ims_superman_hand2_member_post_count` (
  `id` int(11) NOT NULL AUTO_INCREMENT,
  `uniacid` int(10) unsigned NOT NULL DEFAULT '0' COMMENT '公众号id',
  `openid` varchar(50) NOT NULL DEFAULT '' COMMENT '会员openid',
  `itemids` text COMMENT '物品itemids, 逗号分隔',
  `count` int(11) NOT NULL DEFAULT '0' COMMENT '发布量',
  `daytime` int(10) unsigned NOT NULL DEFAULT '0' COMMENT '日期(Ymd)',
  PRIMARY KEY (`id`),
  KEY `ind_uniacid` (`uniacid`),
  KEY `ind_openid` (`openid`)
) ENGINE=MyISAM AUTO_INCREMENT=8 DEFAULT CHARSET=utf8;
CREATE TABLE IF NOT EXISTS `ims_superman_hand2_message` (
  `id` int(10) unsigned NOT NULL AUTO_INCREMENT COMMENT '主键id',
  `uniacid` int(10) unsigned NOT NULL DEFAULT '0' COMMENT '公众号id',
  `itemid` int(10) unsigned NOT NULL DEFAULT '0' COMMENT '物品id',
  `from_uid` int(10) unsigned NOT NULL DEFAULT '0' COMMENT '发送人uid',
  `to_uid` int(10) unsigned NOT NULL DEFAULT '0' COMMENT '接收人uid',
  `message` varchar(2048) NOT NULL DEFAULT '' COMMENT '消息',
  `createtime` int(10) unsigned NOT NULL DEFAULT '0' COMMENT '时间戳',
  PRIMARY KEY (`id`),
  KEY `indx_uniacid` (`uniacid`),
  KEY `indx_itemid` (`itemid`),
  KEY `indx_fuid` (`from_uid`),
  KEY `indx_tuid` (`to_uid`)
) ENGINE=MyISAM AUTO_INCREMENT=14 DEFAULT CHARSET=utf8;
CREATE TABLE IF NOT EXISTS `ims_superman_hand2_message_list` (
  `id` int(10) unsigned NOT NULL AUTO_INCREMENT COMMENT '主键id',
  `uniacid` int(10) unsigned NOT NULL DEFAULT '0' COMMENT '公众号id',
  `uid` int(10) unsigned NOT NULL DEFAULT '0' COMMENT 'uid',
  `from_uid` int(10) unsigned NOT NULL DEFAULT '0' COMMENT '发送人uid',
  `itemid` int(10) unsigned NOT NULL DEFAULT '0' COMMENT '物品id',
  `status` int(10) unsigned NOT NULL DEFAULT '0' COMMENT '红点状态0否1是',
  `message` varchar(200) NOT NULL DEFAULT '' COMMENT '最后一条消息',
  `updatetime` int(10) unsigned NOT NULL DEFAULT '0' COMMENT '时间戳',
  PRIMARY KEY (`id`),
  UNIQUE KEY `indx_ufi` (`uid`,`from_uid`,`itemid`)
) ENGINE=MyISAM AUTO_INCREMENT=15 DEFAULT CHARSET=utf8;
CREATE TABLE IF NOT EXISTS `ims_superman_hand2_notice` (
  `id` int(11) NOT NULL AUTO_INCREMENT,
  `uniacid` int(10) unsigned NOT NULL DEFAULT '0' COMMENT '公众号id',
  `title` varchar(100) NOT NULL DEFAULT '' COMMENT '公告标题',
  `content` mediumtext COMMENT '公告内容',
  `title_color` mediumtext COMMENT '标题颜色',
  `position` text COMMENT '显示位置',
  `count` int(11) NOT NULL DEFAULT '0' COMMENT '点击次数',
  `displayorder` int(11) NOT NULL DEFAULT '0' COMMENT '列表排序',
  `status` tinyint(4) NOT NULL DEFAULT '1' COMMENT '状态,0:隐藏,1:显示,',
  `area_points` text COMMENT '地区限制坐标点',
  `createtime` int(10) unsigned NOT NULL DEFAULT '0' COMMENT '时间戳',
  `starttime` int(10) unsigned NOT NULL DEFAULT '0' COMMENT '开始时间戳',
  `endtime` int(10) unsigned NOT NULL DEFAULT '0' COMMENT '结束时间戳',
  PRIMARY KEY (`id`),
  UNIQUE KEY `uniq_title` (`uniacid`,`title`),
  KEY `indx_uniacid` (`uniacid`)
) ENGINE=MyISAM DEFAULT CHARSET=utf8;
CREATE TABLE IF NOT EXISTS `ims_superman_hand2_order` (
  `id` int(10) unsigned NOT NULL AUTO_INCREMENT COMMENT '主键id',
  `uniacid` int(10) unsigned NOT NULL DEFAULT '0' COMMENT '公众号id',
  `itemid` int(10) unsigned NOT NULL DEFAULT '0' COMMENT '商品id',
  `title` varchar(100) NOT NULL DEFAULT '' COMMENT '商品名称',
  `ordersn` varchar(50) NOT NULL DEFAULT '' COMMENT '订单号',
  `payno` varchar(100) NOT NULL DEFAULT '' COMMENT '支付平台单号',
  `prepay_id` varchar(50) NOT NULL DEFAULT '' COMMENT '小程序支付prepay_id',
  `seller_uid` int(10) unsigned NOT NULL DEFAULT '0' COMMENT '卖家uid',
  `buyer_uid` int(10) unsigned NOT NULL DEFAULT '0' COMMENT '买家uid',
  `total` int(10) unsigned NOT NULL DEFAULT '1' COMMENT '购买数量',
  `credit` decimal(10,2) NOT NULL DEFAULT '0.00' COMMENT '积分',
  `price` decimal(10,2) NOT NULL DEFAULT '0.00' COMMENT '价格',
  `paytype` tinyint(4) NOT NULL DEFAULT '0' COMMENT '支付方式,0:线下支付,1:微信支付, 2:积分支付',
  `name` varchar(100) NOT NULL DEFAULT '' COMMENT '收货人姓名',
  `mobile` varchar(20) NOT NULL DEFAULT '' COMMENT '收货人电话',
  `address` varchar(1000) NOT NULL DEFAULT '' COMMENT '收货地址',
  `reply` text COMMENT '留言',
  `reason` text COMMENT '取消原因',
  `express_no` varchar(50) NOT NULL DEFAULT '' COMMENT '快递单号',
  `express_company` varchar(20) NOT NULL DEFAULT '' COMMENT '快递公司',
  `status` tinyint(4) NOT NULL DEFAULT '0' COMMENT '订单状态-2:删除,-1:取消,0:待支付,1:已支付,2:待收货,3:待评价,4:已完成',
  `delete_type` tinyint(4) NOT NULL DEFAULT '0' COMMENT '删除方式,0:未删除,1:卖家删除, 2:买家删除',
  `settlement_status` tinyint(4) NOT NULL DEFAULT '0' COMMENT '结算状态,0:未结算,1:已结算',
  `sell_formid` varchar(100) NOT NULL DEFAULT '' COMMENT '卖家formid',
  `buy_formid` varchar(100) NOT NULL DEFAULT '' COMMENT '买家formid',
  `createtime` int(10) unsigned NOT NULL DEFAULT '0' COMMENT '创建时间戳',
  `paytime` int(10) unsigned NOT NULL DEFAULT '0' COMMENT '支付时间戳',
  `sendtime` int(10) unsigned NOT NULL DEFAULT '0' COMMENT '发货时间戳',
  `endtime` int(10) unsigned NOT NULL DEFAULT '0' COMMENT '完成时间',
  PRIMARY KEY (`id`),
  KEY `ind_uniacid` (`uniacid`),
  KEY `ind_itemid` (`itemid`),
  KEY `ind_buyer_uid` (`buyer_uid`)
) ENGINE=MyISAM AUTO_INCREMENT=18 DEFAULT CHARSET=utf8;
CREATE TABLE IF NOT EXISTS `ims_superman_hand2_order_item` (
  `id` int(10) unsigned NOT NULL AUTO_INCREMENT,
  `orderid` int(10) unsigned NOT NULL DEFAULT '0' COMMENT '订单id',
  `itemid` int(10) unsigned NOT NULL DEFAULT '0' COMMENT '商品id',
  `seller_uid` int(10) unsigned NOT NULL DEFAULT '0' COMMENT '卖家uid',
  `buyer_uid` int(10) unsigned NOT NULL DEFAULT '0' COMMENT '买家uid',
  `title` varchar(255) NOT NULL DEFAULT '' COMMENT '标题',
  `description` text COMMENT '描述',
  `summary` text COMMENT '图书简介',
  `album` mediumtext COMMENT '相册',
  `unit` tinyint(4) NOT NULL DEFAULT '0' COMMENT '单位,0:￥,1:$',
  `price` decimal(10,2) NOT NULL DEFAULT '0.00' COMMENT '价格',
  `credit` decimal(10,2) NOT NULL DEFAULT '0.00' COMMENT '积分',
  `extend` text COMMENT '扩展内容',
  PRIMARY KEY (`id`),
  UNIQUE KEY `uniq_oi` (`orderid`,`itemid`)
) ENGINE=MyISAM DEFAULT CHARSET=utf8;
CREATE TABLE IF NOT EXISTS `ims_superman_hand2_pay_position` (
  `id` int(10) unsigned NOT NULL AUTO_INCREMENT COMMENT '主键id',
  `uniacid` int(10) unsigned NOT NULL DEFAULT '0' COMMENT '公众号id',
  `title` varchar(100) NOT NULL DEFAULT '' COMMENT '位置名称',
  `area` varchar(100) NOT NULL DEFAULT '' COMMENT '置顶地区',
  `paytype` tinyint(4) NOT NULL DEFAULT '0' COMMENT '支付方式,0:全部, 1:credit,2:wechat',
  `status` tinyint(4) NOT NULL DEFAULT '0' COMMENT '是否开启,0:否,1:是',
  `fields` text COMMENT '扩展内容',
  `displayorder` int(11) NOT NULL DEFAULT '0' COMMENT '排序,先大后小',
  `createtime` int(10) unsigned NOT NULL DEFAULT '0' COMMENT '创建时间',
  PRIMARY KEY (`id`),
  UNIQUE KEY `uniq_ud` (`uniacid`,`displayorder`)
) ENGINE=MyISAM DEFAULT CHARSET=utf8;
CREATE TABLE IF NOT EXISTS `ims_superman_hand2_position_order_log` (
  `id` int(10) unsigned NOT NULL AUTO_INCREMENT COMMENT '主键id',
  `uniacid` int(10) unsigned NOT NULL DEFAULT '0' COMMENT '公众号id',
  `positionid` int(10) unsigned NOT NULL DEFAULT '0' COMMENT '位置id',
  `set_top_fields` text COMMENT '置顶位置序列化',
  `itemid` int(10) unsigned NOT NULL DEFAULT '0' COMMENT '商品id',
  `uid` int(10) unsigned NOT NULL DEFAULT '0' COMMENT '买家uid',
  `type` varchar(50) NOT NULL DEFAULT '' COMMENT '购买类型',
  `total` decimal(10,2) NOT NULL DEFAULT '0.00',
  `payno` varchar(100) NOT NULL DEFAULT '' COMMENT '支付平台单号',
  `refund_no` varchar(100) NOT NULL DEFAULT '' COMMENT '退款单号',
  `paytype` tinyint(4) NOT NULL DEFAULT '0' COMMENT '支付方式: 1:credit,2:wechat',
  `prepay_id` varchar(50) NOT NULL DEFAULT '' COMMENT '小程序支付prepay_id',
  `price` decimal(10,2) NOT NULL DEFAULT '0.00' COMMENT '单价',
  `all_price` decimal(10,2) NOT NULL DEFAULT '0.00' COMMENT '总金额',
  `status` tinyint(4) NOT NULL DEFAULT '0' COMMENT '状态,0:未支付,1:已支付, -1:已退款',
  `audit` tinyint(4) NOT NULL DEFAULT '0' COMMENT '审核状态,0:待审核,1:通过,-1:已拒绝',
  `extend` text COMMENT '扩展内容',
  `createtime` int(10) unsigned NOT NULL DEFAULT '0' COMMENT '创建时间',
  `paytime` int(10) unsigned NOT NULL DEFAULT '0' COMMENT '支付时间',
  `audittime` int(10) unsigned NOT NULL DEFAULT '0' COMMENT '审核时间',
  `expiretime` int(10) unsigned NOT NULL DEFAULT '0' COMMENT '置顶过期时间',
  PRIMARY KEY (`id`),
  KEY `indx_uniacid` (`uniacid`)
) ENGINE=MyISAM DEFAULT CHARSET=utf8;
CREATE TABLE IF NOT EXISTS `ims_superman_hand2_recycle` (
  `id` int(11) NOT NULL AUTO_INCREMENT,
  `uniacid` int(10) unsigned NOT NULL DEFAULT '0' COMMENT '公众号id',
  `uid` int(10) unsigned NOT NULL DEFAULT '0' COMMENT 'uid',
  `contact` varchar(100) NOT NULL DEFAULT '' COMMENT '联系人',
  `mobile` varchar(20) NOT NULL DEFAULT '' COMMENT '手机号',
  `province` varchar(50) NOT NULL DEFAULT '' COMMENT '省',
  `city` varchar(50) NOT NULL DEFAULT '' COMMENT '市',
  `district` varchar(50) NOT NULL DEFAULT '' COMMENT '区',
  `address` varchar(200) NOT NULL DEFAULT '' COMMENT '地址',
  `status` tinyint(4) NOT NULL DEFAULT '0' COMMENT '状态,0:预约中,1:已完成',
  `form_fields` mediumtext COMMENT '自定义表单数组序列化',
  `dateline` int(10) unsigned NOT NULL DEFAULT '0' COMMENT '时间戳',
  PRIMARY KEY (`id`),
  KEY `indx_uniacid` (`uniacid`),
  KEY `indx_uid` (`uid`)
) ENGINE=MyISAM AUTO_INCREMENT=2 DEFAULT CHARSET=utf8;
CREATE TABLE IF NOT EXISTS `ims_superman_hand2_recycle_category` (
  `id` int(11) NOT NULL AUTO_INCREMENT,
  `uniacid` int(10) unsigned NOT NULL DEFAULT '0' COMMENT '公众号id',
  `pid` int(10) unsigned NOT NULL DEFAULT '0' COMMENT '父id,0:一级分类',
  `title` varchar(100) NOT NULL DEFAULT '' COMMENT '分类',
  `cover` varchar(255) NOT NULL DEFAULT '' COMMENT '封面图',
  `price` varchar(20) NOT NULL DEFAULT '0.00' COMMENT '价格',
  `unit` varchar(20) NOT NULL DEFAULT '' COMMENT '单位',
  `displayorder` int(11) NOT NULL DEFAULT '0' COMMENT '列表排序',
  `isshow` tinyint(4) NOT NULL DEFAULT '0' COMMENT '是否显示,0:否,1:是',
  PRIMARY KEY (`id`),
  KEY `indx_uniacid` (`uniacid`),
  KEY `indx_pid` (`pid`)
) ENGINE=MyISAM AUTO_INCREMENT=4 DEFAULT CHARSET=utf8;
CREATE TABLE IF NOT EXISTS `ims_superman_hand2_report` (
  `id` int(11) NOT NULL AUTO_INCREMENT,
  `uniacid` int(10) unsigned NOT NULL DEFAULT '0' COMMENT '公众号id',
  `itemid` int(10) unsigned NOT NULL DEFAULT '0' COMMENT '物品id',
  `seller_uid` int(10) unsigned NOT NULL DEFAULT '0' COMMENT '卖家uid',
  `report_uid` int(10) unsigned NOT NULL DEFAULT '0' COMMENT '举报用户uid',
  `status` tinyint(4) NOT NULL DEFAULT '0' COMMENT '状态,0:未处理,1:已处理',
  `formid` varchar(100) NOT NULL DEFAULT '' COMMENT '举报人formid',
  `reason` text COMMENT '举报原因',
  `createtime` int(10) unsigned NOT NULL DEFAULT '0' COMMENT '举报时间',
  PRIMARY KEY (`id`),
  KEY `indx_uniacid` (`uniacid`),
  KEY `indx_seller_uid` (`seller_uid`)
) ENGINE=MyISAM DEFAULT CHARSET=utf8;
CREATE TABLE IF NOT EXISTS `ims_superman_hand2_stat` (
  `id` int(11) NOT NULL AUTO_INCREMENT,
  `uniacid` int(10) unsigned NOT NULL DEFAULT '0' COMMENT '公众号id',
  `daytime` int(10) unsigned NOT NULL DEFAULT '0' COMMENT '日期(20180101)',
  `page_view` int(11) NOT NULL DEFAULT '0' COMMENT '浏览量',
  `dau` int(11) NOT NULL DEFAULT '0' COMMENT '活跃会员数',
  `item_submit` int(11) NOT NULL DEFAULT '0' COMMENT '物品发布量',
  `item_trade` int(11) NOT NULL DEFAULT '0' COMMENT '物品交易量',
  PRIMARY KEY (`id`),
  UNIQUE KEY `uniq_ud` (`uniacid`,`daytime`)
) ENGINE=MyISAM AUTO_INCREMENT=8 DEFAULT CHARSET=utf8;
CREATE TABLE IF NOT EXISTS `ims_superman_home_kv` (
  `id` int(11) NOT NULL AUTO_INCREMENT,
  `skey` varchar(255) NOT NULL DEFAULT '' COMMENT 'key',
  `svalue` mediumtext COMMENT 'value',
  PRIMARY KEY (`id`),
  UNIQUE KEY `uniq_skey` (`skey`)
) ENGINE=MyISAM AUTO_INCREMENT=2 DEFAULT CHARSET=utf8;
]]></install>
	<uninstall><![CDATA[DROP TABLE IF EXISTS `ims_superman_hand2_action`;
DROP TABLE IF EXISTS `ims_superman_hand2_ask_item`;
DROP TABLE IF EXISTS `ims_superman_hand2_ask_message_log`;
DROP TABLE IF EXISTS `ims_superman_hand2_banner`;
DROP TABLE IF EXISTS `ims_superman_hand2_category`;
DROP TABLE IF EXISTS `ims_superman_hand2_comment`;
DROP TABLE IF EXISTS `ims_superman_hand2_cube_ad`;
DROP TABLE IF EXISTS `ims_superman_hand2_district`;
DROP TABLE IF EXISTS `ims_superman_hand2_grade`;
DROP TABLE IF EXISTS `ims_superman_hand2_item`;
DROP TABLE IF EXISTS `ims_superman_hand2_item_top`;
DROP TABLE IF EXISTS `ims_superman_hand2_kv`;
DROP TABLE IF EXISTS `ims_superman_hand2_member`;
DROP TABLE IF EXISTS `ims_superman_hand2_member_blacklist`;
DROP TABLE IF EXISTS `ims_superman_hand2_member_block_credit`;
DROP TABLE IF EXISTS `ims_superman_hand2_member_formid`;
DROP TABLE IF EXISTS `ims_superman_hand2_member_getcash_log`;
DROP TABLE IF EXISTS `ims_superman_hand2_member_getcash_user`;
DROP TABLE IF EXISTS `ims_superman_hand2_member_log`;
DROP TABLE IF EXISTS `ims_superman_hand2_member_login`;
DROP TABLE IF EXISTS `ims_superman_hand2_member_money_log`;
DROP TABLE IF EXISTS `ims_superman_hand2_member_post_count`;
DROP TABLE IF EXISTS `ims_superman_hand2_message`;
DROP TABLE IF EXISTS `ims_superman_hand2_message_list`;
DROP TABLE IF EXISTS `ims_superman_hand2_notice`;
DROP TABLE IF EXISTS `ims_superman_hand2_order`;
DROP TABLE IF EXISTS `ims_superman_hand2_order_item`;
DROP TABLE IF EXISTS `ims_superman_hand2_pay_position`;
DROP TABLE IF EXISTS `ims_superman_hand2_position_order_log`;
DROP TABLE IF EXISTS `ims_superman_hand2_recycle`;
DROP TABLE IF EXISTS `ims_superman_hand2_recycle_category`;
DROP TABLE IF EXISTS `ims_superman_hand2_report`;
DROP TABLE IF EXISTS `ims_superman_hand2_stat`;
DROP TABLE IF EXISTS `ims_superman_home_kv`;
]]></uninstall>
	<upgrade><![CDATA[upgrade.php]]></upgrade>
</manifest>