<?xml version="1.0" encoding="utf-8"?>
<manifest xmlns="http://www.lanrenzhijia.com" versionCode="0.8,1.0">
	<application setting="true">
		<name><![CDATA[村民信息录入手机管理端]]></name>
		<identifie><![CDATA[nxb_information]]></identifie>
		<version><![CDATA[1.0.1]]></version>
		<type><![CDATA[biz]]></type>
		<ability><![CDATA[村民信息录入手机管理端]]></ability>
		<description><![CDATA[村民信息录入手机管理端]]></description>
		<author><![CDATA[懒人源码]]></author>
		<url><![CDATA[https://www.lanrenzhijia.com]]></url>
	</application>
	<platform>
		<subscribes>
		</subscribes>
		<handles>
			<message type="text" />
		</handles>
		<rule embed="false" />
		<card embed="false" />
		<supports>
			<item type="app" />
        </supports>
	</platform>
	<bindings>
		<cover>
			<entry title="首页入口" do="index" state="" direct="false" />
		</cover>
		<menu>
			<entry title="基础设置" do="base" state="" direct="false" />
			<entry title="用户管理" do="member" state="" direct="false" />
			<entry title="角色管理" do="role" state="" direct="false" />
			<entry title="户管理" do="hus" state="" direct="false" />
			<entry title="家庭成员管理" do="family" state="" direct="false" />
			<entry title="贫困户管理" do="poor" state="" direct="false" />
			<entry title="种植性收入管理" do="plant" state="" direct="false" />
			<entry title="养殖性收入管理" do="breed" state="" direct="false" />
			<entry title="转移性收入管理" do="transfer" state="" direct="false" />
			<entry title="驻村帮扶干部管理" do="cadre" state="" direct="false" />
			<entry title="帮扶信息管理" do="message" state="" direct="false" />
			<entry title="帮扶项目管理" do="project" state="" direct="false" />
		</menu>
	</bindings>
	<permissions>
	</permissions>
	<install><![CDATA[]]></install>
	<uninstall><![CDATA[]]></uninstall>
	<upgrade><![CDATA[upgrade.php]]></upgrade>
</manifest>