<?xml version="1.0" encoding="utf-8"?>

<manifest xmlns="http://www.we7.cc" versionCode="0.8,1.0">

	<application setting="true">
		<name><![CDATA[螃蟹红包码]]></name>
		<identifie><![CDATA[crad_qrcode_red]]></identifie>
		<version><![CDATA[1.5.4]]></version>
		<type><![CDATA[万能红包]]></type>
		<ability><![CDATA[万能红包]]></ability>
		<description><![CDATA[万能红包]]></description>
		<author><![CDATA[微擎]]></author>
		<url><![CDATA[http://www.www.we7.cc/]]></url>
	</application>

	<platform>
		<subscribes>
			<message type="text" />
			<message type="image" />
			<message type="qr" />
			<message type="subscribe" />
			<message type="unsubscribe" />
			<message type="card_not_pass_check" />
			<message type="user_get_card" />
			<message type="user_del_card" />
			<message type="user_consume_card" />
		</subscribes>

		<handles>
			<message type="text" />
			<message type="image" />
			<message type="qr" />
			<message type="subscribe" />
			<message type="unsubscribe" />
			<message type="card_not_pass_check" />
			<message type="user_get_card" />
			<message type="user_del_card" />
			<message type="user_consume_card" />
		</handles>

		<rule embed="false" />
		<card embed="false" />
		
		<supports>
			<item type="app" />
		</supports>
        <plugins></plugins> 
        <plugin-main name="" />

	</platform>

	<bindings>
		<cover>
			<entry title="商家后台登录(统一入口)" do="login" state="" direct="false"/>
			<entry title="用户卡券中心(统一入口)" do="my" state="" direct="false"/>
		</cover>
		<menu>
			<entry title="联盟管理" do="circle" state="" direct="false"/>
			<entry title="商家管理" do="shop" state="" direct="false"/>
			<entry title="预印码管理" do="beforehand" state="" direct="false"/>
			<entry title="活动管理" do="activity" state="" direct="false"/>
			<entry title="红包记录" do="red" state="" direct="false"/>
			<entry title="领券记录" do="coupon" state="" direct="false"/>
			<entry title="插件中心" do="plugins" state="" direct="false"/>
		</menu>

	</bindings>

	<permissions>
	</permissions>

	<install><![CDATA[

DROP TABLE IF EXISTS `ims_crad_qrcode_red_activity`;
CREATE TABLE `ims_crad_qrcode_red_activity`  (
  `id` int(10) UNSIGNED NOT NULL AUTO_INCREMENT,
  `name` varchar(255) CHARACTER SET utf8 COLLATE utf8_general_ci NOT NULL DEFAULT '' COMMENT '名称',
  `description` varchar(1000) CHARACTER SET utf8 COLLATE utf8_general_ci NOT NULL DEFAULT '' COMMENT '简介',
  `createtime` int(10) UNSIGNED NOT NULL DEFAULT 0,
  `uniacid` int(10) UNSIGNED NOT NULL DEFAULT 0,
  `begintime` int(10) UNSIGNED NOT NULL DEFAULT 0,
  `endtime` int(10) UNSIGNED NOT NULL DEFAULT 0,
  `status` tinyint(1) NOT NULL DEFAULT 1,
  `tel` varchar(255) CHARACTER SET utf8 COLLATE utf8_general_ci NOT NULL DEFAULT '',
  `stop_tips` varchar(255) CHARACTER SET utf8 COLLATE utf8_general_ci NOT NULL DEFAULT '',
  `money_type` tinyint(1) NOT NULL DEFAULT 0,
  `start_money` float(50, 2) NOT NULL DEFAULT 0.00,
  `end_money` float(50, 2) NOT NULL DEFAULT 0.00,
  `money_sum` float(50, 2) NOT NULL DEFAULT 0.00,
  `qrcode_num` int(10) UNSIGNED NOT NULL DEFAULT 0,
  `payway` tinyint(1) NOT NULL DEFAULT 0,
  `image_logo` varchar(255) CHARACTER SET utf8 COLLATE utf8_general_ci NOT NULL DEFAULT '',
  `pattern` int(5) UNSIGNED NOT NULL DEFAULT 0 COMMENT '模式',
  `command` varchar(255) CHARACTER SET utf8 COLLATE utf8_general_ci NOT NULL DEFAULT '' COMMENT '口令',
  `open_command` tinyint(1) NOT NULL DEFAULT 0 COMMENT '开启口令',
  `statusd` tinyint(1) NOT NULL DEFAULT 0 COMMENT '开启位置',
  `site` varchar(255) CHARACTER SET utf8 COLLATE utf8_general_ci NOT NULL DEFAULT '' COMMENT '位置信息',
  `image_body` varchar(255) CHARACTER SET utf8 COLLATE utf8_general_ci NOT NULL DEFAULT '' COMMENT '背景图',
  `hint` varchar(200) CHARACTER SET utf8 COLLATE utf8_general_ci NOT NULL DEFAULT '' COMMENT '口令提示',
  `img_link` varchar(200) CHARACTER SET utf8 COLLATE utf8_general_ci NOT NULL DEFAULT '' COMMENT '口令图片链接',
  `image_command` varchar(200) CHARACTER SET utf8 COLLATE utf8_general_ci NOT NULL DEFAULT '' COMMENT '口令图片地址',
  `cuteface_name` varchar(255) CHARACTER SET utf8 COLLATE utf8_general_ci NOT NULL DEFAULT '',
  `cuteface_image` varchar(255) CHARACTER SET utf8 COLLATE utf8_general_ci NOT NULL DEFAULT '',
  `cuteface_mark` int(10) UNSIGNED NOT NULL DEFAULT 0,
  `cuteface_num` int(10) UNSIGNED NOT NULL DEFAULT 0,
  `cuteface_num_day` int(10) UNSIGNED NOT NULL DEFAULT 0,
  `challenge_num_day` int(10) UNSIGNED NOT NULL DEFAULT 0,
  `challenge_rule` varchar(255) CHARACTER SET utf8 COLLATE utf8_general_ci NOT NULL DEFAULT '',
  `start_success_time` float(50, 2) NOT NULL DEFAULT 0.00,
  `end_success_time` float(50, 2) NOT NULL DEFAULT 0.00,
  `challenge_num` int(10) UNSIGNED NOT NULL DEFAULT 0,
  `coupon_open` tinyint(1) NOT NULL DEFAULT 0,
  `coupon_circle` tinyint(1) NOT NULL DEFAULT 0,
  `coupon_circle_num` int(10) UNSIGNED NOT NULL DEFAULT 0,
  `qrcode_one` tinyint(1) NOT NULL DEFAULT 0,
  `sid` int(10) UNSIGNED NOT NULL DEFAULT 0,
  `cid` int(10) UNSIGNED NOT NULL DEFAULT 0,
  `top_tips` varchar(255) CHARACTER SET utf8 COLLATE utf8_general_ci NOT NULL DEFAULT '',
  `closed_wish` varchar(255) CHARACTER SET utf8 COLLATE utf8_general_ci NOT NULL DEFAULT '',
  `open_wish` varchar(255) CHARACTER SET utf8 COLLATE utf8_general_ci NOT NULL DEFAULT '',
  `open_tips` varchar(255) CHARACTER SET utf8 COLLATE utf8_general_ci NOT NULL DEFAULT '',
  `open_coupon_wish` varchar(255) CHARACTER SET utf8 COLLATE utf8_general_ci NOT NULL DEFAULT '',
  `openid` varchar(255) CHARACTER SET utf8 COLLATE utf8_general_ci NOT NULL DEFAULT '',
  `other_field` varchar(255) CHARACTER SET utf8 COLLATE utf8_general_ci NOT NULL DEFAULT '',
  `use_balance` tinyint(1) NOT NULL DEFAULT 0,
  `edit_open` tinyint(1) NOT NULL DEFAULT 0,
  `subscribe` tinyint(1) NOT NULL DEFAULT 0,
  `task_tips` varchar(255) CHARACTER SET utf8 COLLATE utf8_general_ci NOT NULL DEFAULT '',
  `image_task` varchar(255) CHARACTER SET utf8 COLLATE utf8_general_ci NOT NULL DEFAULT '',
  `invitation_num` int(10) UNSIGNED NOT NULL DEFAULT 0,
  `invitation_tip` varchar(255) CHARACTER SET utf8 COLLATE utf8_general_ci NOT NULL DEFAULT '',
  `invitation_link` varchar(255) CHARACTER SET utf8 COLLATE utf8_general_ci NOT NULL DEFAULT '',
  `get_num` int(10) UNSIGNED NOT NULL DEFAULT 1,
  `wish` varchar(255) CHARACTER SET utf8 COLLATE utf8_general_ci NOT NULL DEFAULT '',
  `music` varchar(255) CHARACTER SET utf8 COLLATE utf8_general_ci NOT NULL DEFAULT '',
  `sub_tips` varchar(255) CHARACTER SET utf8 COLLATE utf8_general_ci NOT NULL DEFAULT '',
  `sub_image` varchar(255) CHARACTER SET utf8 COLLATE utf8_general_ci NOT NULL DEFAULT '',
  `red_name` varchar(255) CHARACTER SET utf8 COLLATE utf8_general_ci NOT NULL DEFAULT '',
  `send_name` varchar(255) CHARACTER SET utf8 COLLATE utf8_general_ci NOT NULL DEFAULT '',
  `pay_desc` varchar(255) CHARACTER SET utf8 COLLATE utf8_general_ci NOT NULL DEFAULT '',
  `scan_image` varchar(255) CHARACTER SET utf8 COLLATE utf8_general_ci NOT NULL DEFAULT '',
  `scan_title` varchar(255) CHARACTER SET utf8 COLLATE utf8_general_ci NOT NULL DEFAULT '',
  `scan_descriotion` varchar(255) CHARACTER SET utf8 COLLATE utf8_general_ci NOT NULL DEFAULT '',
  `qrcode_url` varchar(255) CHARACTER SET utf8 COLLATE utf8_general_ci NOT NULL DEFAULT '',
  `qrcode_type` tinyint(1) NOT NULL DEFAULT 0,
  `refund_open` tinyint(1) NOT NULL DEFAULT 0,
  `send_red_type` tinyint(1) NOT NULL DEFAULT 0,
  `share_open` tinyint(1) NOT NULL DEFAULT 0,
  `share_num` int(10) UNSIGNED NOT NULL DEFAULT 0,
  `add_one` int(10) UNSIGNED NOT NULL DEFAULT 1,
  `share_tips` varchar(255) CHARACTER SET utf8 COLLATE utf8_general_ci NOT NULL DEFAULT '',
  `share_title` varchar(255) CHARACTER SET utf8 COLLATE utf8_general_ci NOT NULL DEFAULT '',
  `share_desc` varchar(1000) CHARACTER SET utf8 COLLATE utf8_general_ci NOT NULL DEFAULT '',
  `share_img` varchar(255) CHARACTER SET utf8 COLLATE utf8_general_ci NOT NULL DEFAULT '',
  `share_link` varchar(255) CHARACTER SET utf8 COLLATE utf8_general_ci NOT NULL DEFAULT '',
  `time_speed` int(10) UNSIGNED NOT NULL DEFAULT 10,
  `settlement_open` tinyint(1) NOT NULL DEFAULT 0,
  `click_people` int(10) UNSIGNED NOT NULL DEFAULT 0,
  `countdown` int(10) UNSIGNED NOT NULL DEFAULT 0,
  `pcid` int(10) UNSIGNED NOT NULL DEFAULT 0,
  `comment_open` tinyint(1) NOT NULL DEFAULT 0,
  `qrcode_power` tinyint(1) NOT NULL DEFAULT 0,
  `countdown_type` tinyint(1) NOT NULL DEFAULT 0,
  `click_tip` varchar(255) CHARACTER SET utf8 COLLATE utf8_general_ci NOT NULL DEFAULT '',
  `click_tip_before` varchar(255) CHARACTER SET utf8 COLLATE utf8_general_ci NOT NULL DEFAULT '',
  `countdown_tip` varchar(255) CHARACTER SET utf8 COLLATE utf8_general_ci NOT NULL DEFAULT '',
  `rules` varchar(1000) CHARACTER SET utf8 COLLATE utf8_general_ci NOT NULL DEFAULT '',
  `content_open` tinyint(1) NOT NULL DEFAULT 0,
  `validate_open` tinyint(1) NOT NULL DEFAULT 0,
  `share_type` tinyint(1) NOT NULL DEFAULT 0,
  `top_tips_red` varchar(255) CHARACTER SET utf8 COLLATE utf8_general_ci NOT NULL DEFAULT '',
  `per` tinyint(1) NOT NULL DEFAULT 0,
  `music_entry` varchar(255) CHARACTER SET utf8 COLLATE utf8_general_ci NOT NULL DEFAULT '',
  `entry_audio_text` varchar(1000) CHARACTER SET utf8 COLLATE utf8_general_ci NOT NULL DEFAULT '',
  `red_audio_text` varchar(1000) CHARACTER SET utf8 COLLATE utf8_general_ci NOT NULL DEFAULT '',
  `bg_volume` float(5, 1) NOT NULL DEFAULT 1.0,
  `audio_volume` float(5, 1) NOT NULL DEFAULT 1.0,
  `coupon_deputy_num` int(10) UNSIGNED NOT NULL DEFAULT 0,
  `red_jump_link` varchar(255) CHARACTER SET utf8 COLLATE utf8_general_ci NOT NULL DEFAULT '',
  `red_jump_time` int(10) UNSIGNED NOT NULL DEFAULT 0,
  `check_tel` tinyint(1) NOT NULL DEFAULT 0,
  `white_check` tinyint(1) NOT NULL DEFAULT 0,
  `loser_coupon_open` tinyint(1) NOT NULL DEFAULT 0,
  `buy_times` tinyint(1) NOT NULL DEFAULT 0,
  `upload_type` tinyint(1) NOT NULL DEFAULT 0,
  `friend_cuteface_num` int(10) UNSIGNED NOT NULL DEFAULT 0,
  `lipstick_level` int(10) UNSIGNED NOT NULL DEFAULT 0,
  `lipstick_num_day` int(10) UNSIGNED NOT NULL DEFAULT 0,
  `lipstick_num` int(10) UNSIGNED NOT NULL DEFAULT 0,
  `lipstick_difficulty` tinyint(1) NOT NULL DEFAULT 0,
  `lipstick_image` text CHARACTER SET utf8 COLLATE utf8_general_ci NOT NULL,
  `buy_rules` varchar(1000) CHARACTER SET utf8 COLLATE utf8_general_ci NOT NULL DEFAULT '',
  `get_num_day` int(10) UNSIGNED NOT NULL DEFAULT 0,
  `over_limit_url` varchar(255) CHARACTER SET utf8 COLLATE utf8_general_ci NOT NULL DEFAULT '',
  `url_key` varchar(255) CHARACTER SET utf8 COLLATE utf8_general_ci NOT NULL DEFAULT '',
  `share_show_times` int(10) UNSIGNED NOT NULL DEFAULT 0,
  `game_tip_before` varchar(80) CHARACTER SET utf8 COLLATE utf8_general_ci NOT NULL,
  `music_game` varchar(80) CHARACTER SET utf8 COLLATE utf8_general_ci NOT NULL,
  `cover1` varchar(80) CHARACTER SET utf8 COLLATE utf8_general_ci NOT NULL,
  `cover2` varchar(255) CHARACTER SET utf8 COLLATE utf8_general_ci NOT NULL,
  `cover3` varchar(255) CHARACTER SET utf8 COLLATE utf8_general_ci NOT NULL,
  `circle_center1` varchar(255) CHARACTER SET utf8 COLLATE utf8_general_ci NOT NULL,
  `circle_left1` varchar(255) CHARACTER SET utf8 COLLATE utf8_general_ci NOT NULL,
  `circle_right1` varchar(255) CHARACTER SET utf8 COLLATE utf8_general_ci NOT NULL,
  `launch1` varchar(255) CHARACTER SET utf8 COLLATE utf8_general_ci NOT NULL,
  `launch_horizontal1` varchar(255) CHARACTER SET utf8 COLLATE utf8_general_ci NOT NULL,
  `launch_gray1` varchar(255) CHARACTER SET utf8 COLLATE utf8_general_ci NOT NULL,
  `circle_center2` varchar(255) CHARACTER SET utf8 COLLATE utf8_general_ci NOT NULL,
  `circle_left2` varchar(255) CHARACTER SET utf8 COLLATE utf8_general_ci NOT NULL,
  `circle_right2` varchar(255) CHARACTER SET utf8 COLLATE utf8_general_ci NOT NULL,
  `launch2` varchar(255) CHARACTER SET utf8 COLLATE utf8_general_ci NOT NULL,
  `launch_horizontal2` varchar(20) CHARACTER SET utf8 COLLATE utf8_general_ci NOT NULL,
  `launch_gray2` varchar(25) CHARACTER SET utf8 COLLATE utf8_general_ci NOT NULL,
  `circle_center3` varchar(25) CHARACTER SET utf8 COLLATE utf8_general_ci NOT NULL,
  `circle_left3` varchar(80) CHARACTER SET utf8 COLLATE utf8_general_ci NOT NULL,
  `circle_right3` varchar(80) CHARACTER SET utf8 COLLATE utf8_general_ci NOT NULL,
  `launch3` varchar(80) CHARACTER SET utf8 COLLATE utf8_general_ci NOT NULL,
  `launch_horizontal3` varchar(80) CHARACTER SET utf8 COLLATE utf8_general_ci NOT NULL,
  `launch_gray3` varchar(80) CHARACTER SET utf8 COLLATE utf8_general_ci NOT NULL,
  `limit_distance` varchar(80) CHARACTER SET utf8 COLLATE utf8_general_ci NOT NULL,
  PRIMARY KEY (`id`) USING BTREE
) ENGINE = MyISAM AUTO_INCREMENT = 15 CHARACTER SET = utf8 COLLATE = utf8_general_ci COMMENT = '活动表' ROW_FORMAT = Dynamic;


DROP TABLE IF EXISTS `ims_crad_qrcode_red_adcenter`;
CREATE TABLE `ims_crad_qrcode_red_adcenter`  (
  `id` int(10) UNSIGNED NOT NULL AUTO_INCREMENT,
  `name` varchar(255) CHARACTER SET utf8 COLLATE utf8_general_ci NOT NULL DEFAULT '' COMMENT '名称',
  `createtime` int(10) UNSIGNED NOT NULL DEFAULT 0,
  `uniacid` int(10) UNSIGNED NOT NULL DEFAULT 0,
  `status` tinyint(1) NOT NULL DEFAULT 0,
  `type` tinyint(1) NOT NULL DEFAULT 0,
  `aids` varchar(255) CHARACTER SET utf8 COLLATE utf8_general_ci NOT NULL DEFAULT '',
  `shopids` varchar(255) CHARACTER SET utf8 COLLATE utf8_general_ci NOT NULL DEFAULT '',
  `video` varchar(255) CHARACTER SET utf8 COLLATE utf8_general_ci NOT NULL DEFAULT '',
  `music` varchar(255) CHARACTER SET utf8 COLLATE utf8_general_ci NOT NULL DEFAULT '',
  `link` varchar(255) CHARACTER SET utf8 COLLATE utf8_general_ci NOT NULL DEFAULT '',
  `image_url` varchar(255) CHARACTER SET utf8 COLLATE utf8_general_ci NOT NULL DEFAULT '',
  `per` tinyint(1) NOT NULL DEFAULT 0,
  `text` text CHARACTER SET utf8 COLLATE utf8_general_ci NOT NULL,
  `position` tinyint(1) NOT NULL DEFAULT 0,
  `total_num` int(10) NOT NULL DEFAULT 0,
  `show_num` int(10) NOT NULL DEFAULT 0,
  `start_time` int(10) NOT NULL DEFAULT 0,
  `end_time` int(10) NOT NULL DEFAULT 0,
  `tips` varchar(255) CHARACTER SET utf8 COLLATE utf8_general_ci NOT NULL DEFAULT '',
  `user_type` tinyint(1) NOT NULL DEFAULT 0,
  `circleid` int(10) NOT NULL DEFAULT 0,
  `weight` int(10) NOT NULL DEFAULT 0,
  `share_title` varchar(255) CHARACTER SET utf8 COLLATE utf8_general_ci NOT NULL DEFAULT '',
  `share_desc` varchar(1000) CHARACTER SET utf8 COLLATE utf8_general_ci NOT NULL DEFAULT '',
  `share_img` varchar(255) CHARACTER SET utf8 COLLATE utf8_general_ci NOT NULL DEFAULT '',
  `share_link` varchar(255) CHARACTER SET utf8 COLLATE utf8_general_ci NOT NULL DEFAULT '',
  `audio_volume` float(5, 1) NOT NULL DEFAULT 1.0,
  PRIMARY KEY (`id`) USING BTREE
) ENGINE = InnoDB AUTO_INCREMENT = 3 CHARACTER SET = utf8 COLLATE = utf8_general_ci COMMENT = '广告中心' ROW_FORMAT = Dynamic;

DROP TABLE IF EXISTS `ims_crad_qrcode_red_beforehand`;
CREATE TABLE `ims_crad_qrcode_red_beforehand`  (
  `id` int(10) UNSIGNED NOT NULL AUTO_INCREMENT,
  `uniacid` int(10) UNSIGNED NOT NULL DEFAULT 0,
  `qrcode_num` varchar(255) CHARACTER SET utf8 COLLATE utf8_general_ci NOT NULL DEFAULT '',
  `createtime` int(10) UNSIGNED NOT NULL DEFAULT 0,
  `name` varchar(255) CHARACTER SET utf8 COLLATE utf8_general_ci NOT NULL DEFAULT '',
  `status` tinyint(1) NOT NULL DEFAULT 0,
  `sbid` int(10) UNSIGNED NOT NULL DEFAULT 0,
  PRIMARY KEY (`id`) USING BTREE
) ENGINE = MyISAM AUTO_INCREMENT = 2 CHARACTER SET = utf8 COLLATE = utf8_general_ci ROW_FORMAT = Dynamic;


DROP TABLE IF EXISTS `ims_crad_qrcode_red_circle`;
CREATE TABLE `ims_crad_qrcode_red_circle`  (
  `id` int(10) UNSIGNED NOT NULL AUTO_INCREMENT,
  `uniacid` int(10) UNSIGNED NOT NULL DEFAULT 0,
  `name` varchar(255) CHARACTER SET utf8 COLLATE utf8_general_ci NOT NULL DEFAULT '',
  `description` varchar(1000) CHARACTER SET utf8 COLLATE utf8_general_ci NOT NULL DEFAULT '',
  `address` varchar(255) CHARACTER SET utf8 COLLATE utf8_general_ci NOT NULL DEFAULT '',
  `createtime` int(10) UNSIGNED NOT NULL DEFAULT 0,
  `longitude` varchar(255) CHARACTER SET utf8 COLLATE utf8_general_ci NOT NULL DEFAULT '',
  `latitude` varchar(255) CHARACTER SET utf8 COLLATE utf8_general_ci NOT NULL DEFAULT '',
  `status` tinyint(1) NOT NULL DEFAULT 0,
  PRIMARY KEY (`id`) USING BTREE
) ENGINE = MyISAM AUTO_INCREMENT = 2 CHARACTER SET = utf8 COLLATE = utf8_general_ci ROW_FORMAT = Dynamic;

DROP TABLE IF EXISTS `ims_crad_qrcode_red_coupon`;
CREATE TABLE `ims_crad_qrcode_red_coupon`  (
  `id` int(10) UNSIGNED NOT NULL AUTO_INCREMENT,
  `uniacid` int(10) UNSIGNED NOT NULL DEFAULT 0,
  `cid` int(10) UNSIGNED NOT NULL DEFAULT 0,
  `status` tinyint(1) NOT NULL DEFAULT 1,
  `openid` varchar(255) CHARACTER SET utf8 COLLATE utf8_general_ci NOT NULL DEFAULT '',
  `code` varchar(255) CHARACTER SET utf8 COLLATE utf8_general_ci NOT NULL DEFAULT '',
  `createtime` int(10) UNSIGNED NOT NULL DEFAULT 0,
  `usetime` int(10) UNSIGNED NOT NULL DEFAULT 0,
  `nickname` varchar(255) CHARACTER SET utf8 COLLATE utf8_general_ci NOT NULL DEFAULT '',
  `ip` varchar(255) CHARACTER SET utf8 COLLATE utf8_general_ci NOT NULL,
  `tid` int(10) UNSIGNED NOT NULL DEFAULT 0,
  `coupon_type` tinyint(1) NOT NULL DEFAULT 0,
  `coupon_content` varchar(233) CHARACTER SET utf8 COLLATE utf8_general_ci NOT NULL DEFAULT '',
  `coupon_validity` varchar(233) CHARACTER SET utf8 COLLATE utf8_general_ci NOT NULL DEFAULT '',
  `use_condition` varchar(255) CHARACTER SET utf8 COLLATE utf8_general_ci NOT NULL DEFAULT '',
  `aid` int(10) UNSIGNED NOT NULL DEFAULT 0,
  `coupon_friend` tinyint(1) NOT NULL DEFAULT 0,
  `shopid` int(10) UNSIGNED NOT NULL DEFAULT 0,
  `consume_code` varchar(255) CHARACTER SET utf8 COLLATE utf8_general_ci NOT NULL DEFAULT '',
  `consume_type` tinyint(1) NOT NULL DEFAULT 0,
  `coupon_key` varchar(255) CHARACTER SET utf8 COLLATE utf8_general_ci NOT NULL DEFAULT '',
  `use_tip` varchar(1000) CHARACTER SET utf8 COLLATE utf8_general_ci NOT NULL DEFAULT '',
  `wechat_coupon` tinyint(1) NOT NULL DEFAULT 0,
  PRIMARY KEY (`id`) USING BTREE,
  INDEX `tid`(`tid`) USING BTREE,
  INDEX `openid`(`openid`) USING BTREE,
  INDEX `shopid`(`shopid`) USING BTREE,
  INDEX `aid`(`aid`) USING BTREE,
  INDEX `coupon_friend`(`coupon_friend`) USING BTREE,
  INDEX `status`(`status`) USING BTREE,
  INDEX `cid`(`cid`) USING BTREE,
  INDEX `code`(`code`) USING BTREE
) ENGINE = InnoDB AUTO_INCREMENT = 1 CHARACTER SET = utf8 COLLATE = utf8_general_ci ROW_FORMAT = Dynamic;


DROP TABLE IF EXISTS `ims_crad_qrcode_red_cuteface`;
CREATE TABLE `ims_crad_qrcode_red_cuteface`  (
  `id` int(10) UNSIGNED NOT NULL AUTO_INCREMENT COMMENT '自增ID',
  `aid` int(10) UNSIGNED NOT NULL DEFAULT 0 COMMENT '活动ID',
  `tid` int(10) UNSIGNED NOT NULL DEFAULT 0 COMMENT '二维码ID',
  `uniacid` int(10) UNSIGNED NOT NULL DEFAULT 0 COMMENT '公众号ID',
  `openid` varchar(255) CHARACTER SET utf8 COLLATE utf8_general_ci NOT NULL DEFAULT '' COMMENT '用户openid',
  `mark` tinyint(3) NOT NULL DEFAULT 0 COMMENT '颜值得分',
  `sex` tinyint(1) NOT NULL DEFAULT 0 COMMENT '性别',
  `age` tinyint(3) NOT NULL DEFAULT 0 COMMENT '年龄',
  `image_url` varchar(255) CHARACTER SET utf8 COLLATE utf8_general_ci NOT NULL DEFAULT '' COMMENT '原图URL',
  `image_thumb_url` varchar(255) CHARACTER SET utf8 COLLATE utf8_general_ci NOT NULL DEFAULT '' COMMENT '缩略图URL',
  `image_head_url` varchar(255) CHARACTER SET utf8 COLLATE utf8_general_ci NOT NULL DEFAULT '' COMMENT '头部图URL',
  `image_style_url` varchar(255) CHARACTER SET utf8 COLLATE utf8_general_ci NOT NULL DEFAULT '' COMMENT '换造型URL',
  `add_time` int(10) UNSIGNED NOT NULL DEFAULT 0 COMMENT '图片上传时间',
  `status` tinyint(1) NOT NULL DEFAULT 0,
  `position` varchar(255) CHARACTER SET utf8 COLLATE utf8_general_ci NOT NULL DEFAULT '' COMMENT '坐标',
  `width_height` tinyint(1) NOT NULL DEFAULT 0,
  PRIMARY KEY (`id`) USING BTREE,
  INDEX `tid`(`tid`) USING BTREE,
  INDEX `openid`(`openid`) USING BTREE,
  INDEX `aid`(`aid`) USING BTREE
) ENGINE = MyISAM AUTO_INCREMENT = 14 CHARACTER SET = utf8 COLLATE = utf8_general_ci COMMENT = '颜值表' ROW_FORMAT = Dynamic;

DROP TABLE IF EXISTS `ims_crad_qrcode_red_finance`;
CREATE TABLE `ims_crad_qrcode_red_finance`  (
  `id` int(10) UNSIGNED NOT NULL AUTO_INCREMENT,
  `uniacid` int(10) UNSIGNED NOT NULL DEFAULT 0,
  `openid` varchar(255) CHARACTER SET utf8 COLLATE utf8_general_ci NOT NULL DEFAULT '',
  `shopid` int(10) UNSIGNED NOT NULL DEFAULT 0,
  `type` tinyint(1) NOT NULL DEFAULT 0,
  `status` tinyint(1) NOT NULL DEFAULT 0,
  `money` float(50, 2) NOT NULL DEFAULT 0.00,
  `aid` int(10) UNSIGNED NOT NULL DEFAULT 0,
  `createtime` int(10) UNSIGNED NOT NULL DEFAULT 0,
  `paytime` int(10) UNSIGNED NOT NULL DEFAULT 0,
  `order_no` varchar(255) CHARACTER SET utf8 COLLATE utf8_general_ci NOT NULL DEFAULT '',
  `money_all` float(50, 2) NOT NULL DEFAULT 0.00,
  `money_fee` float(50, 2) NOT NULL DEFAULT 0.00,
  `tid` int(10) UNSIGNED NOT NULL DEFAULT 0,
  PRIMARY KEY (`id`) USING BTREE,
  INDEX `aid`(`aid`) USING BTREE,
  INDEX `shopid`(`shopid`) USING BTREE,
  INDEX `order_no`(`order_no`) USING BTREE,
  INDEX `type`(`type`) USING BTREE,
  INDEX `status`(`status`) USING BTREE
) ENGINE = MyISAM AUTO_INCREMENT = 5 CHARACTER SET = utf8 COLLATE = utf8_general_ci COMMENT = '商家充值表' ROW_FORMAT = Dynamic;

DROP TABLE IF EXISTS `ims_crad_qrcode_red_import_mode`;
CREATE TABLE `ims_crad_qrcode_red_import_mode`  (
  `id` int(10) UNSIGNED NOT NULL AUTO_INCREMENT,
  `aid` int(10) UNSIGNED NOT NULL DEFAULT 0,
  `uniacid` int(10) UNSIGNED NOT NULL DEFAULT 0,
  `name` varchar(255) CHARACTER SET utf8 COLLATE utf8_general_ci NOT NULL DEFAULT '',
  `phone` varchar(100) CHARACTER SET utf8 COLLATE utf8_general_ci NOT NULL DEFAULT '',
  `tid` int(10) UNSIGNED NOT NULL DEFAULT 0,
  `comment` varchar(255) CHARACTER SET utf8 COLLATE utf8_general_ci NOT NULL DEFAULT '',
  PRIMARY KEY (`id`) USING BTREE,
  INDEX `tid`(`tid`) USING BTREE,
  INDEX `name`(`name`) USING BTREE,
  INDEX `phone`(`phone`) USING BTREE,
  INDEX `aid`(`aid`) USING BTREE
) ENGINE = MyISAM AUTO_INCREMENT = 1 CHARACTER SET = utf8 COLLATE = utf8_general_ci COMMENT = '(导入)用户表' ROW_FORMAT = Dynamic;

DROP TABLE IF EXISTS `ims_crad_qrcode_red_invitation_user`;
CREATE TABLE `ims_crad_qrcode_red_invitation_user`  (
  `id` int(10) UNSIGNED NOT NULL AUTO_INCREMENT,
  `aid` int(10) UNSIGNED NOT NULL DEFAULT 0,
  `uniacid` int(10) UNSIGNED NOT NULL DEFAULT 0,
  `openid` varchar(255) CHARACTER SET utf8 COLLATE utf8_general_ci NOT NULL DEFAULT '',
  `nickname` varchar(100) CHARACTER SET utf8 COLLATE utf8_general_ci NOT NULL DEFAULT '',
  `createtime` int(10) UNSIGNED NOT NULL DEFAULT 0,
  `headimgurl` varchar(200) CHARACTER SET utf8 COLLATE utf8_general_ci NOT NULL DEFAULT '0',
  `status` tinyint(1) NOT NULL DEFAULT 0,
  `fopenid` varchar(255) CHARACTER SET utf8 COLLATE utf8_general_ci NOT NULL DEFAULT '',
  `tid` int(10) UNSIGNED NOT NULL DEFAULT 0,
  `ip` varchar(255) CHARACTER SET utf8 COLLATE utf8_general_ci NOT NULL DEFAULT '',
  `time` int(10) UNSIGNED NOT NULL DEFAULT 0,
  `time_type` tinyint(1) NOT NULL DEFAULT 0,
  `comment` varchar(1000) CHARACTER SET utf8 COLLATE utf8_general_ci NOT NULL DEFAULT '',
  PRIMARY KEY (`id`) USING BTREE,
  INDEX `openid`(`openid`) USING BTREE,
  INDEX `fopenid`(`fopenid`) USING BTREE,
  INDEX `tid`(`tid`) USING BTREE,
  INDEX `aid`(`aid`) USING BTREE,
  INDEX `createtime`(`createtime`) USING BTREE,
  INDEX `time_type`(`time_type`) USING BTREE
) ENGINE = MyISAM AUTO_INCREMENT = 1 CHARACTER SET = utf8 COLLATE = utf8_general_ci COMMENT = '邀请用户表' ROW_FORMAT = Dynamic;

DROP TABLE IF EXISTS `ims_crad_qrcode_red_manager`;
CREATE TABLE `ims_crad_qrcode_red_manager`  (
  `id` int(10) UNSIGNED NOT NULL AUTO_INCREMENT,
  `uniacid` int(10) UNSIGNED NOT NULL DEFAULT 0,
  `shopid` int(10) UNSIGNED NOT NULL DEFAULT 0,
  `username` varchar(255) CHARACTER SET utf8 COLLATE utf8_general_ci NOT NULL DEFAULT '',
  `password` varchar(255) CHARACTER SET utf8 COLLATE utf8_general_ci NOT NULL DEFAULT '',
  `power` tinyint(1) NOT NULL DEFAULT 1,
  `openid` varchar(255) CHARACTER SET utf8 COLLATE utf8_general_ci NOT NULL DEFAULT '',
  `createtime` int(10) UNSIGNED NOT NULL DEFAULT 0,
  `last_loginip` varchar(50) CHARACTER SET utf8 COLLATE utf8_general_ci NOT NULL DEFAULT '',
  `last_logintime` int(10) UNSIGNED NOT NULL DEFAULT 0,
  PRIMARY KEY (`id`) USING BTREE,
  INDEX `username`(`username`) USING BTREE,
  INDEX `shopid`(`shopid`) USING BTREE
) ENGINE = MyISAM AUTO_INCREMENT = 3 CHARACTER SET = utf8 COLLATE = utf8_general_ci ROW_FORMAT = Dynamic;

DROP TABLE IF EXISTS `ims_crad_qrcode_red_order`;
CREATE TABLE `ims_crad_qrcode_red_order`  (
  `id` int(10) UNSIGNED NOT NULL AUTO_INCREMENT,
  `uniacid` int(10) UNSIGNED NOT NULL DEFAULT 0,
  `openid` varchar(255) CHARACTER SET utf8 COLLATE utf8_general_ci NOT NULL DEFAULT '',
  `status` tinyint(1) NOT NULL DEFAULT 0,
  `money` float(50, 2) NOT NULL DEFAULT 0.00,
  `aid` int(10) UNSIGNED NOT NULL DEFAULT 0,
  `tid` int(10) UNSIGNED NOT NULL DEFAULT 0,
  `sid` int(10) UNSIGNED NOT NULL DEFAULT 0,
  `createtime` int(10) UNSIGNED NOT NULL DEFAULT 0,
  `paytime` int(10) UNSIGNED NOT NULL DEFAULT 0,
  `order_no` varchar(255) CHARACTER SET utf8 COLLATE utf8_general_ci NOT NULL DEFAULT '',
  `times` int(10) UNSIGNED NOT NULL DEFAULT 0,
  `is_balance` tinyint(1) NOT NULL DEFAULT 0,
  PRIMARY KEY (`id`) USING BTREE,
  INDEX `openid`(`openid`) USING BTREE,
  INDEX `aid`(`aid`) USING BTREE,
  INDEX `sid`(`sid`) USING BTREE,
  INDEX `order_no`(`order_no`) USING BTREE,
  INDEX `paytime`(`paytime`) USING BTREE,
  INDEX `tid`(`tid`) USING BTREE
) ENGINE = MyISAM AUTO_INCREMENT = 1 CHARACTER SET = utf8 COLLATE = utf8_general_ci COMMENT = '购买次数表' ROW_FORMAT = Dynamic;

DROP TABLE IF EXISTS `ims_crad_qrcode_red_qrcode`;
CREATE TABLE `ims_crad_qrcode_red_qrcode`  (
  `id` int(10) UNSIGNED NOT NULL AUTO_INCREMENT,
  `uniacid` int(10) UNSIGNED NOT NULL DEFAULT 0,
  `qrcode` varchar(255) CHARACTER SET utf8 COLLATE utf8_general_ci NOT NULL DEFAULT '',
  `createtime` int(10) UNSIGNED NOT NULL DEFAULT 0,
  `aid` int(10) UNSIGNED NOT NULL DEFAULT 0,
  `uuid` varchar(255) CHARACTER SET utf8 COLLATE utf8_general_ci NOT NULL DEFAULT '',
  `status` tinyint(1) NOT NULL DEFAULT 0,
  `openid` varchar(255) CHARACTER SET utf8 COLLATE utf8_general_ci NOT NULL DEFAULT '',
  `times` int(10) UNSIGNED NOT NULL DEFAULT 0,
  `times_day` int(10) UNSIGNED NOT NULL DEFAULT 0,
  `last_time` int(10) UNSIGNED NOT NULL DEFAULT 0,
  `usetime` int(10) UNSIGNED NOT NULL DEFAULT 0,
  `bid` int(10) UNSIGNED NOT NULL DEFAULT 0,
  `code` int(10) UNSIGNED NOT NULL DEFAULT 0,
  `sharetime` int(10) UNSIGNED NOT NULL DEFAULT 0,
  `sid` int(10) UNSIGNED NOT NULL DEFAULT 0,
  `sbid` int(10) UNSIGNED NOT NULL DEFAULT 0,
  `suniacid` int(10) UNSIGNED NOT NULL DEFAULT 0,
  PRIMARY KEY (`id`) USING BTREE,
  UNIQUE INDEX `uuid`(`uuid`) USING BTREE,
  INDEX `openid`(`openid`) USING BTREE,
  INDEX `aid`(`aid`) USING BTREE,
  INDEX `status`(`status`) USING BTREE,
  INDEX `code`(`code`) USING BTREE,
  INDEX `usetime`(`usetime`) USING BTREE
) ENGINE = InnoDB AUTO_INCREMENT = 1 CHARACTER SET = utf8 COLLATE = utf8_general_ci ROW_FORMAT = Dynamic;

DROP TABLE IF EXISTS `ims_crad_qrcode_red_red`;
CREATE TABLE `ims_crad_qrcode_red_red`  (
  `id` int(10) UNSIGNED NOT NULL AUTO_INCREMENT,
  `uniacid` int(10) UNSIGNED NOT NULL DEFAULT 0,
  `openid` varchar(255) CHARACTER SET utf8 COLLATE utf8_general_ci NOT NULL DEFAULT '',
  `money` float(50, 2) NOT NULL DEFAULT 0.00,
  `status` tinyint(1) NOT NULL DEFAULT 0,
  `createtime` int(10) UNSIGNED NOT NULL DEFAULT 0,
  `aid` int(10) UNSIGNED NOT NULL DEFAULT 0,
  `tid` int(10) UNSIGNED NOT NULL DEFAULT 0,
  `shopid` int(10) UNSIGNED NOT NULL DEFAULT 0,
  `mch_billno` varchar(255) CHARACTER SET utf8 COLLATE utf8_general_ci NOT NULL DEFAULT '',
  `send_listid` varchar(255) CHARACTER SET utf8 COLLATE utf8_general_ci NOT NULL DEFAULT '',
  `refund_check` tinyint(1) NOT NULL DEFAULT 0,
  `refund_time` varchar(255) CHARACTER SET utf8 COLLATE utf8_general_ci NOT NULL DEFAULT '',
  `trade_no` varchar(255) CHARACTER SET utf8 COLLATE utf8_general_ci NOT NULL DEFAULT '',
  PRIMARY KEY (`id`) USING BTREE,
  UNIQUE INDEX `tid`(`tid`) USING BTREE,
  INDEX `openid`(`openid`) USING BTREE,
  INDEX `aid`(`aid`) USING BTREE,
  INDEX `shopid`(`shopid`) USING BTREE,
  INDEX `createtime`(`createtime`) USING BTREE
) ENGINE = InnoDB AUTO_INCREMENT = 1 CHARACTER SET = utf8 COLLATE = utf8_general_ci ROW_FORMAT = Dynamic;

DROP TABLE IF EXISTS `ims_crad_qrcode_red_shop`;
CREATE TABLE `ims_crad_qrcode_red_shop`  (
  `id` int(10) UNSIGNED NOT NULL AUTO_INCREMENT,
  `name` varchar(255) CHARACTER SET utf8 COLLATE utf8_general_ci NOT NULL DEFAULT '' COMMENT '名称',
  `description` varchar(1000) CHARACTER SET utf8 COLLATE utf8_general_ci NOT NULL DEFAULT '' COMMENT '简介',
  `tel` varchar(255) CHARACTER SET utf8 COLLATE utf8_general_ci NOT NULL DEFAULT '' COMMENT '联系电话',
  `createtime` int(10) UNSIGNED NOT NULL DEFAULT 0,
  `uniacid` int(10) UNSIGNED NOT NULL DEFAULT 0,
  `address` varchar(255) CHARACTER SET utf8 COLLATE utf8_general_ci NOT NULL DEFAULT '' COMMENT '地址',
  `image_logo` varchar(255) CHARACTER SET utf8 COLLATE utf8_general_ci NOT NULL DEFAULT '',
  `image_banner` varchar(255) CHARACTER SET utf8 COLLATE utf8_general_ci NOT NULL DEFAULT '',
  `longitude` varchar(255) CHARACTER SET utf8 COLLATE utf8_general_ci NOT NULL DEFAULT '',
  `latitude` varchar(255) CHARACTER SET utf8 COLLATE utf8_general_ci NOT NULL DEFAULT '',
  `circleid` int(10) UNSIGNED NOT NULL DEFAULT 0,
  `coupon_sort` int(10) UNSIGNED NOT NULL DEFAULT 0,
  `recharge_open` tinyint(1) NOT NULL DEFAULT 0,
  `other_fee` int(10) UNSIGNED NOT NULL DEFAULT 0,
  `coupon_open` tinyint(1) NOT NULL DEFAULT 0,
  `activity_open` tinyint(1) NOT NULL DEFAULT 0,
  `pattern` varchar(255) CHARACTER SET utf8 COLLATE utf8_general_ci NOT NULL DEFAULT '',
  `time_open` tinyint(1) NOT NULL DEFAULT 0,
  `begintime` int(10) UNSIGNED NOT NULL DEFAULT 0,
  `endtime` int(10) UNSIGNED NOT NULL DEFAULT 0,
  `use_tips` varchar(1000) CHARACTER SET utf8 COLLATE utf8_general_ci NOT NULL DEFAULT '',
  `check_open` tinyint(1) NOT NULL DEFAULT 0,
  `qrcode_create_open` tinyint(1) NOT NULL DEFAULT 0,
  `income_charge` int(10) UNSIGNED NOT NULL DEFAULT 0,
  PRIMARY KEY (`id`) USING BTREE
) ENGINE = MyISAM AUTO_INCREMENT = 2 CHARACTER SET = utf8 COLLATE = utf8_general_ci COMMENT = '商家表' ROW_FORMAT = Dynamic;

DROP TABLE IF EXISTS `ims_crad_qrcode_red_shop_coupon`;
CREATE TABLE `ims_crad_qrcode_red_shop_coupon`  (
  `id` int(10) UNSIGNED NOT NULL AUTO_INCREMENT,
  `name` varchar(255) CHARACTER SET utf8 COLLATE utf8_general_ci NOT NULL DEFAULT '',
  `uniacid` int(10) UNSIGNED NOT NULL DEFAULT 0,
  `shopid` int(10) UNSIGNED NOT NULL DEFAULT 0,
  `status` tinyint(1) NOT NULL DEFAULT 1,
  `coupon_type` tinyint(1) NOT NULL DEFAULT 0,
  `coupon_content` text CHARACTER SET utf8 COLLATE utf8_general_ci NOT NULL,
  `coupon_validity` varchar(255) CHARACTER SET utf8 COLLATE utf8_general_ci NOT NULL DEFAULT '',
  `coupon_friend` tinyint(1) NOT NULL DEFAULT 0,
  `consume_code` varchar(255) CHARACTER SET utf8 COLLATE utf8_general_ci NOT NULL DEFAULT '',
  `createtime` int(10) UNSIGNED NOT NULL DEFAULT 0,
  `coupon_num` int(10) UNSIGNED NOT NULL DEFAULT 0,
  `use_condition` varchar(255) CHARACTER SET utf8 COLLATE utf8_general_ci NOT NULL DEFAULT '',
  `coupon_times` int(10) UNSIGNED NOT NULL DEFAULT 0,
  `friend_coupon_times` int(10) UNSIGNED NOT NULL DEFAULT 0,
  `consume_type` tinyint(1) NOT NULL DEFAULT 0,
  `coupon_probability` int(10) UNSIGNED NOT NULL DEFAULT 0,
  `use_tip` varchar(1000) CHARACTER SET utf8 COLLATE utf8_general_ci NOT NULL DEFAULT '',
  `wechat_coupon` tinyint(1) NOT NULL DEFAULT 0,
  PRIMARY KEY (`id`) USING BTREE
) ENGINE = MyISAM AUTO_INCREMENT = 1 CHARACTER SET = utf8 COLLATE = utf8_general_ci ROW_FORMAT = Dynamic;

DROP TABLE IF EXISTS `ims_crad_qrcode_red_shop_task`;
CREATE TABLE `ims_crad_qrcode_red_shop_task`  (
  `id` int(10) UNSIGNED NOT NULL AUTO_INCREMENT,
  `openid` varchar(255) CHARACTER SET utf8 COLLATE utf8_general_ci NOT NULL DEFAULT '',
  `createtime` int(10) UNSIGNED NOT NULL DEFAULT 0,
  `image` varchar(255) CHARACTER SET utf8 COLLATE utf8_general_ci NOT NULL DEFAULT '',
  `aid` int(10) UNSIGNED NOT NULL DEFAULT 0,
  `status` tinyint(1) NOT NULL DEFAULT 0,
  `uniacid` int(10) UNSIGNED NOT NULL DEFAULT 0,
  `tid` int(10) UNSIGNED NOT NULL DEFAULT 0,
  `content` varchar(300) CHARACTER SET utf8 COLLATE utf8_general_ci NOT NULL DEFAULT '',
  `check_time` int(10) UNSIGNED NOT NULL DEFAULT 0,
  PRIMARY KEY (`id`) USING BTREE,
  INDEX `openid`(`openid`) USING BTREE,
  INDEX `tid`(`tid`) USING BTREE,
  INDEX `aid`(`aid`) USING BTREE
) ENGINE = MyISAM AUTO_INCREMENT = 3 CHARACTER SET = utf8 COLLATE = utf8_general_ci COMMENT = '门店任务表' ROW_FORMAT = Dynamic;

DROP TABLE IF EXISTS `ims_crad_qrcode_red_soprano`;
CREATE TABLE `ims_crad_qrcode_red_soprano`  (
  `id` int(10) UNSIGNED NOT NULL AUTO_INCREMENT,
  `name` varchar(255) CHARACTER SET utf8 COLLATE utf8_general_ci NOT NULL DEFAULT '' COMMENT '名称',
  `createtime` int(10) UNSIGNED NOT NULL DEFAULT 0,
  `uniacid` int(10) UNSIGNED NOT NULL DEFAULT 0,
  `status` tinyint(1) NOT NULL DEFAULT 0,
  `aids` varchar(255) CHARACTER SET utf8 COLLATE utf8_general_ci NOT NULL DEFAULT '',
  `free_audio_open` tinyint(1) NOT NULL DEFAULT 0,
  `free_audio` varchar(1000) CHARACTER SET utf8 COLLATE utf8_general_ci NOT NULL DEFAULT '',
  `entry_audio_open` tinyint(1) NOT NULL DEFAULT 0,
  `entry_audio` varchar(1000) CHARACTER SET utf8 COLLATE utf8_general_ci NOT NULL DEFAULT '',
  `per` tinyint(1) NOT NULL DEFAULT 0,
  `audio_open` tinyint(1) NOT NULL DEFAULT 1,
  `rules` text CHARACTER SET utf8 COLLATE utf8_general_ci NOT NULL,
  `audio_before` int(10) UNSIGNED NOT NULL DEFAULT 0,
  `starttime` int(10) UNSIGNED NOT NULL DEFAULT 0,
  `endtime` int(10) UNSIGNED NOT NULL DEFAULT 0,
  `music_open` tinyint(1) NOT NULL DEFAULT 1,
  `music` varchar(255) CHARACTER SET utf8 COLLATE utf8_general_ci NOT NULL DEFAULT '',
  `rid` int(10) UNSIGNED NOT NULL DEFAULT 0,
  `lasttime` int(10) UNSIGNED NOT NULL DEFAULT 0,
  `before_lasttime` int(10) UNSIGNED NOT NULL DEFAULT 0,
  `before_rid` int(10) UNSIGNED NOT NULL DEFAULT 0,
  `bg_volume` float(5, 1) NOT NULL DEFAULT 1.0,
  `audio_volume` float(5, 1) NOT NULL DEFAULT 1.0,
  PRIMARY KEY (`id`) USING BTREE
) ENGINE = InnoDB AUTO_INCREMENT = 3 CHARACTER SET = utf8 COLLATE = utf8_general_ci COMMENT = '高音喇叭' ROW_FORMAT = Dynamic;

DROP TABLE IF EXISTS `ims_crad_qrcode_red_superqrcode`;
CREATE TABLE `ims_crad_qrcode_red_superqrcode`  (
  `id` int(10) UNSIGNED NOT NULL AUTO_INCREMENT,
  `name` varchar(255) CHARACTER SET utf8 COLLATE utf8_general_ci NOT NULL DEFAULT '' COMMENT '名称',
  `uuid` varchar(255) CHARACTER SET utf8 COLLATE utf8_general_ci NOT NULL DEFAULT '',
  `createtime` int(10) UNSIGNED NOT NULL DEFAULT 0,
  `uniacid` int(10) UNSIGNED NOT NULL DEFAULT 0,
  `num_day` int(10) UNSIGNED NOT NULL DEFAULT 0,
  `num` int(10) UNSIGNED NOT NULL DEFAULT 0,
  `num_day_user` int(10) UNSIGNED NOT NULL DEFAULT 0,
  `num_user` int(10) UNSIGNED NOT NULL DEFAULT 0,
  `scan_num_day` int(10) UNSIGNED NOT NULL DEFAULT 0,
  `scan_num` int(10) UNSIGNED NOT NULL DEFAULT 0,
  `status` tinyint(1) NOT NULL DEFAULT 0,
  `subscribe` tinyint(1) NOT NULL DEFAULT 0,
  `url` varchar(255) CHARACTER SET utf8 COLLATE utf8_general_ci NOT NULL DEFAULT '' COMMENT '关注参数二维码链接',
  `jump_type` tinyint(1) NOT NULL DEFAULT 0,
  `last_rid` int(10) UNSIGNED NOT NULL DEFAULT 0,
  `last_time` int(10) UNSIGNED NOT NULL DEFAULT 0,
  `scan_title` varchar(255) CHARACTER SET utf8 COLLATE utf8_general_ci NOT NULL DEFAULT '',
  `scan_descriotion` varchar(255) CHARACTER SET utf8 COLLATE utf8_general_ci NOT NULL DEFAULT '',
  `scan_image` varchar(255) CHARACTER SET utf8 COLLATE utf8_general_ci NOT NULL DEFAULT '',
  PRIMARY KEY (`id`) USING BTREE,
  UNIQUE INDEX `uuid`(`uuid`) USING BTREE
) ENGINE = InnoDB AUTO_INCREMENT = 3 CHARACTER SET = utf8 COLLATE = utf8_general_ci COMMENT = '超级活码' ROW_FORMAT = Dynamic;

DROP TABLE IF EXISTS `ims_crad_qrcode_red_superqrcode_rules`;
CREATE TABLE `ims_crad_qrcode_red_superqrcode_rules`  (
  `id` int(10) UNSIGNED NOT NULL AUTO_INCREMENT,
  `name` varchar(255) CHARACTER SET utf8 COLLATE utf8_general_ci NOT NULL DEFAULT '' COMMENT '名称',
  `createtime` int(10) UNSIGNED NOT NULL DEFAULT 0,
  `uniacid` int(10) UNSIGNED NOT NULL DEFAULT 0,
  `sid` int(10) UNSIGNED NOT NULL DEFAULT 0,
  `num_day` int(10) UNSIGNED NOT NULL DEFAULT 0,
  `num` int(10) UNSIGNED NOT NULL DEFAULT 0,
  `num_day_user` int(10) UNSIGNED NOT NULL DEFAULT 0,
  `num_user` int(10) UNSIGNED NOT NULL DEFAULT 0,
  `scan_num_day` int(10) UNSIGNED NOT NULL DEFAULT 0,
  `scan_num` int(10) UNSIGNED NOT NULL DEFAULT 0,
  `last_time` int(10) UNSIGNED NOT NULL DEFAULT 0,
  `status` tinyint(1) NOT NULL DEFAULT 0,
  `aid` int(10) UNSIGNED NOT NULL DEFAULT 0,
  `url` varchar(1000) CHARACTER SET utf8 COLLATE utf8_general_ci NOT NULL DEFAULT '',
  `weight` tinyint(1) NOT NULL DEFAULT 0,
  PRIMARY KEY (`id`) USING BTREE,
  INDEX `sid`(`sid`) USING BTREE
) ENGINE = MyISAM AUTO_INCREMENT = 1 CHARACTER SET = utf8 COLLATE = utf8_general_ci COMMENT = '超级活码跳转规则' ROW_FORMAT = Dynamic;

DROP TABLE IF EXISTS `ims_crad_qrcode_red_user`;
CREATE TABLE `ims_crad_qrcode_red_user`  (
  `id` int(10) UNSIGNED NOT NULL AUTO_INCREMENT,
  `aid` int(10) UNSIGNED NOT NULL DEFAULT 0,
  `openid` varchar(200) CHARACTER SET utf8 COLLATE utf8_general_ci NOT NULL DEFAULT '',
  `nickname` varchar(100) CHARACTER SET utf8 COLLATE utf8_general_ci NOT NULL DEFAULT '',
  `headimgurl` varchar(200) CHARACTER SET utf8 COLLATE utf8_general_ci NOT NULL DEFAULT '',
  `createtime` int(10) UNSIGNED NOT NULL DEFAULT 0,
  `tel` varchar(50) CHARACTER SET utf8 COLLATE utf8_general_ci NOT NULL DEFAULT '',
  `uniacid` int(10) UNSIGNED NOT NULL DEFAULT 0,
  `ip` varchar(255) CHARACTER SET utf8 COLLATE utf8_general_ci NOT NULL DEFAULT '',
  `status` tinyint(1) NOT NULL DEFAULT 1,
  `is_white` tinyint(1) NOT NULL DEFAULT 0,
  `subscribe` tinyint(1) NOT NULL DEFAULT 0,
  `realname` varchar(255) CHARACTER SET utf8 COLLATE utf8_general_ci NOT NULL DEFAULT '',
  `subscribe_time` int(10) UNSIGNED NOT NULL DEFAULT 0,
  `comment` varchar(255) CHARACTER SET utf8 COLLATE utf8_general_ci NOT NULL DEFAULT '',
  `other_info` varchar(255) CHARACTER SET utf8 COLLATE utf8_general_ci NOT NULL DEFAULT '',
  `sid` int(10) UNSIGNED NOT NULL DEFAULT 0,
  `from_openid` varchar(255) CHARACTER SET utf8 COLLATE utf8_general_ci NOT NULL DEFAULT '',
  `is_check` tinyint(1) NOT NULL DEFAULT 0,
  `check_tel_time` int(10) UNSIGNED NOT NULL DEFAULT 0,
  PRIMARY KEY (`id`) USING BTREE,
  INDEX `openid`(`openid`) USING BTREE,
  INDEX `aid`(`aid`) USING BTREE,
  INDEX `sid`(`sid`) USING BTREE,
  INDEX `tel`(`tel`) USING BTREE
) ENGINE = MyISAM AUTO_INCREMENT = 1 CHARACTER SET = utf8 COLLATE = utf8_general_ci ROW_FORMAT = Dynamic;

]]></install>
	<uninstall><![CDATA[
  DROP TABLE `ims_crad_qrcode_red_activity`, `ims_crad_qrcode_red_adcenter`, `ims_crad_qrcode_red_beforehand`, `ims_crad_qrcode_red_circle`, `ims_crad_qrcode_red_coupon`, `ims_crad_qrcode_red_cuteface`, `ims_crad_qrcode_red_finance`, `ims_crad_qrcode_red_import_mode`, `ims_crad_qrcode_red_invitation_user`, `ims_crad_qrcode_red_manager`, `ims_crad_qrcode_red_order`, `ims_crad_qrcode_red_qrcode`, `ims_crad_qrcode_red_red`, `ims_crad_qrcode_red_shop`, `ims_crad_qrcode_red_shop_coupon`, `ims_crad_qrcode_red_shop_task`, `ims_crad_qrcode_red_soprano`, `ims_crad_qrcode_red_superqrcode`, `ims_crad_qrcode_red_user`;
]]></uninstall>
	<upgrade><![CDATA[]]></upgrade>

</manifest>
