<?xml version="1.0" encoding="utf-8"?>
<manifest xmlns="http://www.lanrenzhijia.com" versionCode="0.8,1.0">
	<application setting="false">
		<name><![CDATA[互联网加共享农业]]></name>
		<identifie><![CDATA[xc_farm]]></identifie>
		<version><![CDATA[1.4.1]]></version>
		<type><![CDATA[business]]></type>
		<ability><![CDATA[农家乐]]></ability>
		<description><![CDATA[农家乐]]></description>
		<author><![CDATA[懒人源码]]></author>
		<url><![CDATA[https://www.lanrenzhijia.com/]]></url>
	</application>
	<platform>
		<subscribes>
		</subscribes>
		<handles>
		</handles>
		<rule embed="false" />
		<card embed="false" />
		<supports>
			<item type="wxapp" />
		</supports>
	</platform>
	<bindings>
	    <cover>
	        
		</cover>
		<rule>
		    
		</rule>
		<menu>
			<entry title="后台管理入口" do="webhome" state="" direct="false" />

		</menu>
	</bindings>
	<install><![CDATA[CREATE TABLE `ims_xc_farm_active` (
  `id` int(11) NOT NULL AUTO_INCREMENT,
  `uniacid` varchar(50) DEFAULT NULL,
  `name` varchar(50) DEFAULT NULL COMMENT '标题',
  `bimg` varchar(255) DEFAULT NULL COMMENT '封面',
  `price` decimal(10,2) DEFAULT '0.00' COMMENT '费用',
  `member` int(11) DEFAULT NULL COMMENT '人数',
  `is_member` int(11) DEFAULT '0' COMMENT '已报名人数',
  `member_max` int(11) DEFAULT '-1' COMMENT '每单限人数',
  `active_start` datetime DEFAULT NULL COMMENT '活动开始时间',
  `active_end` datetime DEFAULT NULL COMMENT '活动结束时间',
  `sign_start` datetime DEFAULT NULL COMMENT '报名开始时间',
  `sign_end` datetime DEFAULT NULL COMMENT '报名结束时间',
  `mobile` varchar(50) DEFAULT NULL COMMENT '手机号',
  `address` varchar(255) DEFAULT NULL COMMENT '地址',
  `longitude` decimal(10,7) DEFAULT NULL COMMENT '经度',
  `latitude` decimal(10,7) DEFAULT NULL COMMENT '纬度',
  `content` longtext COMMENT '详情',
  `sort` int(11) DEFAULT '0' COMMENT '排序',
  `status` int(11) DEFAULT '1' COMMENT '状态',
  `createtime` timestamp NULL DEFAULT CURRENT_TIMESTAMP COMMENT '添加时间',
  `partner` varchar(50) DEFAULT NULL COMMENT '合作商',
  `partner_price` varchar(50) DEFAULT NULL COMMENT '平台佣金',
  `share_title` varchar(255) DEFAULT NULL COMMENT '分享标题',
  `share_img` varchar(255) DEFAULT NULL COMMENT '分享图片',
  PRIMARY KEY (`id`)
) ENGINE=InnoDB DEFAULT CHARSET=utf8 COMMENT='活动';
CREATE TABLE `ims_xc_farm_address` (
  `id` int(11) NOT NULL AUTO_INCREMENT,
  `uniacid` varchar(50) DEFAULT NULL,
  `openid` varchar(50) DEFAULT NULL COMMENT '用户id',
  `name` varchar(50) DEFAULT NULL COMMENT '姓名',
  `mobile` varchar(50) DEFAULT NULL COMMENT '手机号',
  `sex` int(11) DEFAULT '1' COMMENT '性别',
  `address` varchar(255) DEFAULT NULL COMMENT '地址',
  `latitude` decimal(10,7) DEFAULT NULL COMMENT '经度',
  `longitude` decimal(10,7) DEFAULT NULL COMMENT '纬度',
  `content` longtext COMMENT '详情',
  `status` int(11) DEFAULT '1' COMMENT '状态',
  `createtime` timestamp NULL DEFAULT CURRENT_TIMESTAMP COMMENT '添加时间',
  PRIMARY KEY (`id`),
  KEY `uniacid` (`uniacid`,`openid`,`status`,`createtime`)
) ENGINE=InnoDB DEFAULT CHARSET=utf8 COMMENT='地址';
CREATE TABLE `ims_xc_farm_app` (
  `id` int(11) NOT NULL AUTO_INCREMENT,
  `uniacid` int(11) DEFAULT NULL,
  `title` varchar(50) DEFAULT NULL COMMENT '标题',
  `type` int(11) DEFAULT '1' COMMENT '类型',
  `content` longtext COMMENT '详情',
  `info` longtext COMMENT '简介',
  `bimg` varchar(255) DEFAULT NULL COMMENT '图片',
  `detail` longtext COMMENT '图文',
  `sort` int(11) DEFAULT '0' COMMENT '排序',
  `status` int(11) DEFAULT '1' COMMENT '状态',
  `createtime` timestamp NULL DEFAULT CURRENT_TIMESTAMP COMMENT '添加时间',
  `sub_title` varchar(50) DEFAULT NULL COMMENT '小标题',
  `position` int(11) DEFAULT '1' COMMENT '位置（1左2右）',
  PRIMARY KEY (`id`),
  KEY `uniacid` (`uniacid`,`type`,`sort`,`status`,`createtime`)
) ENGINE=InnoDB DEFAULT CHARSET=utf8 COMMENT='官网';
CREATE TABLE `ims_xc_farm_app_nav` (
  `id` int(11) NOT NULL AUTO_INCREMENT,
  `uniacid` int(11) DEFAULT NULL,
  `name` varchar(50) DEFAULT NULL COMMENT '名称',
  `cid` int(11) DEFAULT NULL COMMENT '关联内容',
  `sort` int(11) DEFAULT '0' COMMENT '排序',
  `status` int(11) DEFAULT '1' COMMENT '状态',
  `createtime` timestamp NULL DEFAULT CURRENT_TIMESTAMP COMMENT '添加时间',
  PRIMARY KEY (`id`),
  KEY `uniacid` (`uniacid`,`sort`,`status`,`createtime`)
) ENGINE=InnoDB DEFAULT CHARSET=utf8 COMMENT='导航';
CREATE TABLE `ims_xc_farm_apply` (
  `id` int(11) NOT NULL AUTO_INCREMENT,
  `uniacid` int(11) DEFAULT NULL,
  `openid` varchar(50) DEFAULT NULL COMMENT '用户id',
  `type` int(11) DEFAULT NULL COMMENT '1项目合作2经销采购',
  `type2` int(11) DEFAULT NULL,
  `cname` varchar(255) DEFAULT NULL COMMENT '企业名称',
  `address` varchar(255) DEFAULT NULL COMMENT '地址',
  `coname` varchar(50) DEFAULT NULL COMMENT '法人',
  `name` varchar(50) DEFAULT NULL COMMENT '联系人',
  `mobile` varchar(50) DEFAULT NULL COMMENT '联系电话',
  `content` longtext COMMENT '业务',
  `cmobile` varchar(50) DEFAULT NULL COMMENT '企业电话',
  `createtime` timestamp NULL DEFAULT CURRENT_TIMESTAMP COMMENT '添加时间',
  `map` longtext COMMENT '定位',
  `imgs` longtext COMMENT '图片',
  `status` int(11) DEFAULT '-1' COMMENT '状态',
  `invite_code` int(11) DEFAULT NULL COMMENT '邀请码',
  `service` longtext COMMENT '服务项目',
  `service_format` longtext COMMENT '服务项目格式化',
  PRIMARY KEY (`id`),
  KEY `uniacid` (`uniacid`,`openid`,`createtime`)
) ENGINE=InnoDB DEFAULT CHARSET=utf8 COMMENT='申请';
CREATE TABLE `ims_xc_farm_apply_class` (
  `id` int(11) NOT NULL AUTO_INCREMENT,
  `uniacid` int(11) DEFAULT NULL,
  `name` varchar(50) DEFAULT NULL COMMENT '名称',
  `type` int(11) DEFAULT NULL COMMENT '类型（1企业类型2合作类型）',
  `sort` int(11) DEFAULT '0' COMMENT '排序',
  `status` int(11) DEFAULT '1' COMMENT '状态',
  `createtime` timestamp NULL DEFAULT CURRENT_TIMESTAMP COMMENT '添加时间',
  `color` varchar(50) DEFAULT NULL COMMENT '背景颜色',
  PRIMARY KEY (`id`),
  KEY `uniacid` (`uniacid`,`type`,`sort`,`status`,`createtime`)
) ENGINE=InnoDB DEFAULT CHARSET=utf8 COMMENT='类型';
CREATE TABLE `ims_xc_farm_article` (
  `id` int(11) NOT NULL AUTO_INCREMENT,
  `uniacid` int(11) DEFAULT NULL,
  `title` varchar(255) DEFAULT NULL,
  `type` int(11) DEFAULT '1' COMMENT '类型（1外链接2小程序）',
  `content` longtext COMMENT '详情',
  `createtime` timestamp NULL DEFAULT CURRENT_TIMESTAMP COMMENT '添加时间',
  PRIMARY KEY (`id`),
  KEY `uniacid` (`uniacid`,`createtime`)
) ENGINE=InnoDB DEFAULT CHARSET=utf8 COMMENT='文章';
CREATE TABLE `ims_xc_farm_banner` (
  `id` int(11) NOT NULL AUTO_INCREMENT,
  `uniacid` varchar(50) DEFAULT NULL,
  `name` varchar(50) DEFAULT NULL COMMENT '名称',
  `bimg` varchar(255) DEFAULT NULL COMMENT '图片',
  `link` varchar(255) DEFAULT NULL COMMENT '链接',
  `sort` int(11) DEFAULT '0' COMMENT '排序',
  `status` int(11) DEFAULT '1' COMMENT '状态',
  `createtime` timestamp NULL DEFAULT CURRENT_TIMESTAMP COMMENT '添加时间',
  PRIMARY KEY (`id`),
  KEY `sort` (`sort`,`status`,`createtime`)
) ENGINE=InnoDB DEFAULT CHARSET=utf8 COMMENT='轮播图';
CREATE TABLE `ims_xc_farm_cf` (
  `id` int(11) NOT NULL AUTO_INCREMENT,
  `uniacid` varchar(50) DEFAULT NULL,
  `title` varchar(255) DEFAULT NULL COMMENT '标题',
  `subtitle` varchar(255) DEFAULT NULL COMMENT '副标题',
  `bimg` varchar(255) DEFAULT NULL COMMENT '封面',
  `price` decimal(10,2) DEFAULT '0.00' COMMENT '价格',
  `type` int(11) DEFAULT NULL COMMENT '类型（1众筹2认养3租用）',
  `funds` decimal(10,2) DEFAULT '0.00' COMMENT '资金',
  `is_funds` decimal(10,2) DEFAULT '0.00' COMMENT '已筹集资金',
  `member` int(11) DEFAULT '0' COMMENT '数量',
  `is_member` int(11) DEFAULT '0' COMMENT '已售',
  `discuss` int(11) DEFAULT '0' COMMENT '评论数',
  `mobile` varchar(50) DEFAULT NULL COMMENT '联系方式',
  `name` varchar(255) DEFAULT NULL COMMENT '责任人',
  `time_start` datetime DEFAULT NULL COMMENT '开始时间',
  `time_end` datetime DEFAULT NULL COMMENT '结束时间',
  `info` longtext COMMENT '项目信息',
  `content` longtext COMMENT '详情',
  `video_live` longtext COMMENT '视频直播',
  `graphic_live` longtext COMMENT '图文直播',
  `income` longtext COMMENT '收益',
  `sort` int(11) DEFAULT '0' COMMENT '排序',
  `status` int(11) DEFAULT '1' COMMENT '状态',
  `index` int(11) DEFAULT '-1' COMMENT '首页显示',
  `createtime` timestamp NULL DEFAULT CURRENT_TIMESTAMP COMMENT '添加时间',
  `use_start` timestamp NULL DEFAULT CURRENT_TIMESTAMP COMMENT '使用时间',
  `use_end` timestamp NULL DEFAULT CURRENT_TIMESTAMP COMMENT '使用时间',
  `end_status` int(11) DEFAULT '-1' COMMENT '结束处理（-1未处理1手动成功2退款）',
  `fen_status` int(11) DEFAULT '1' COMMENT '分销功能',
  `fen_ju_status` int(11) DEFAULT '-1' COMMENT '分销局部佣金',
  `fen_one` decimal(10,2) DEFAULT '0.00' COMMENT '一级佣金',
  `fen_two` decimal(10,2) DEFAULT '0.00' COMMENT '分销二级',
  `fen_three` decimal(10,2) DEFAULT '0.00' COMMENT '三级分销',
  `fen_one2` decimal(10,2) DEFAULT NULL COMMENT '二级佣金',
  `fen_two2` decimal(10,2) DEFAULT NULL COMMENT '二级佣金',
  `fen_three2` decimal(10,2) DEFAULT NULL COMMENT '二级佣金',
  `share_title` varchar(255) DEFAULT NULL COMMENT '分享标题',
  `share_img` varchar(255) DEFAULT NULL COMMENT '分享图片',
  PRIMARY KEY (`id`),
  KEY `uniacid` (`uniacid`,`sort`,`status`,`createtime`)
) ENGINE=InnoDB DEFAULT CHARSET=utf8 COMMENT='众筹';
CREATE TABLE `ims_xc_farm_cf_card` (
  `id` int(11) NOT NULL AUTO_INCREMENT,
  `uniacid` int(11) DEFAULT NULL,
  `openid` varchar(50) DEFAULT NULL COMMENT '用户id',
  `out_trade_no` varchar(50) DEFAULT NULL COMMENT '订单',
  `service` int(11) DEFAULT NULL COMMENT '产品id',
  `service_name` varchar(255) DEFAULT NULL COMMENT '产品名称',
  `format` varchar(50) DEFAULT NULL COMMENT '规格',
  `format_index` int(11) DEFAULT NULL COMMENT '规格',
  `member` int(11) DEFAULT NULL COMMENT '数量',
  `time_start` datetime DEFAULT NULL COMMENT '使用时间',
  `time_end` datetime DEFAULT NULL COMMENT '使用时间',
  `status` int(11) DEFAULT '-1' COMMENT '状态（-1未使用1已使用）',
  `createtime` timestamp NULL DEFAULT CURRENT_TIMESTAMP COMMENT '添加时间',
  `type2` int(11) DEFAULT NULL COMMENT '类型（1众筹2认养3租用）',
  PRIMARY KEY (`id`),
  KEY `uniacid` (`uniacid`,`openid`,`service`,`status`,`createtime`)
) ENGINE=InnoDB DEFAULT CHARSET=utf8 COMMENT='兑换券';
CREATE TABLE `ims_xc_farm_config` (
  `id` int(11) NOT NULL AUTO_INCREMENT,
  `uniacid` int(11) DEFAULT NULL,
  `xkey` varchar(50) DEFAULT NULL COMMENT '关键字',
  `content` longtext COMMENT '内容',
  PRIMARY KEY (`id`),
  KEY `uniacid` (`uniacid`,`xkey`)
) ENGINE=InnoDB AUTO_INCREMENT=5 DEFAULT CHARSET=utf8 COMMENT='配置';
CREATE TABLE `ims_xc_farm_count` (
  `id` int(11) NOT NULL AUTO_INCREMENT,
  `uniacid` int(11) DEFAULT NULL,
  `service` int(11) DEFAULT NULL COMMENT '产品id',
  `format` varchar(50) DEFAULT NULL,
  `member` int(11) DEFAULT NULL COMMENT '销量',
  `createtime` datetime DEFAULT NULL COMMENT '添加时间',
  PRIMARY KEY (`id`),
  KEY `uniacid` (`uniacid`,`service`)
) ENGINE=InnoDB DEFAULT CHARSET=utf8 COMMENT='销量统计';
CREATE TABLE `ims_xc_farm_coupon` (
  `id` int(11) NOT NULL AUTO_INCREMENT,
  `uniacid` varchar(50) DEFAULT NULL,
  `name` varchar(50) DEFAULT NULL COMMENT '名称',
  `price` decimal(10,2) DEFAULT '0.00' COMMENT '优惠价格',
  `condition` decimal(10,2) DEFAULT '0.00' COMMENT '满足价格',
  `time_start` datetime DEFAULT NULL COMMENT '有效期',
  `time_end` datetime DEFAULT NULL COMMENT '有效期',
  `sort` int(11) DEFAULT '0' COMMENT '排序',
  `status` int(11) DEFAULT '1' COMMENT '状态',
  `createtime` timestamp NULL DEFAULT CURRENT_TIMESTAMP COMMENT '添加时间',
  PRIMARY KEY (`id`),
  KEY `sort` (`sort`,`status`,`createtime`,`time_start`,`time_end`,`uniacid`)
) ENGINE=InnoDB DEFAULT CHARSET=utf8 COMMENT='优惠券';
CREATE TABLE `ims_xc_farm_coupon_log` (
  `id` int(11) NOT NULL AUTO_INCREMENT,
  `uniacid` varchar(50) DEFAULT NULL,
  `openid` varchar(50) DEFAULT NULL COMMENT '用户id',
  `cid` int(11) DEFAULT NULL COMMENT '优惠券id',
  `status` int(11) DEFAULT '-1' COMMENT '状态',
  `createtime` timestamp NULL DEFAULT CURRENT_TIMESTAMP COMMENT '添加时间',
  PRIMARY KEY (`id`),
  KEY `uniacid` (`uniacid`,`cid`,`status`,`createtime`)
) ENGINE=InnoDB DEFAULT CHARSET=utf8 COMMENT='优惠券领取记录';
CREATE TABLE `ims_xc_farm_cut` (
  `id` int(11) NOT NULL AUTO_INCREMENT,
  `uniacid` int(11) DEFAULT NULL,
  `openid` varchar(50) DEFAULT NULL COMMENT '用户id',
  `service` int(11) DEFAULT NULL COMMENT '产品id',
  `format_index` int(11) DEFAULT NULL COMMENT '规格',
  `price` decimal(10,2) DEFAULT NULL COMMENT '价格',
  `min_price` decimal(10,2) DEFAULT NULL COMMENT '最低价格',
  `o_price` decimal(10,2) DEFAULT NULL COMMENT '原价',
  `status` int(11) DEFAULT '-1' COMMENT '1最小价格',
  `createtime` timestamp NULL DEFAULT CURRENT_TIMESTAMP COMMENT '添加时间',
  PRIMARY KEY (`id`),
  KEY `uniacid` (`uniacid`,`status`,`createtime`)
) ENGINE=InnoDB DEFAULT CHARSET=utf8 COMMENT='砍价';
CREATE TABLE `ims_xc_farm_cut_log` (
  `id` int(11) NOT NULL AUTO_INCREMENT,
  `uniacid` int(11) DEFAULT NULL,
  `openid` varchar(50) DEFAULT NULL COMMENT '用户id',
  `service` int(11) DEFAULT NULL COMMENT '产品id',
  `price` decimal(10,2) DEFAULT NULL COMMENT '砍去的价格',
  `cut_openid` varchar(50) DEFAULT NULL COMMENT '砍的用户id',
  `createtime` timestamp NULL DEFAULT CURRENT_TIMESTAMP COMMENT '添加时间',
  PRIMARY KEY (`id`),
  KEY `uniacid` (`uniacid`,`openid`,`cut_openid`,`createtime`)
) ENGINE=InnoDB DEFAULT CHARSET=utf8 COMMENT='砍价记录';
CREATE TABLE `ims_xc_farm_discuss` (
  `id` int(11) NOT NULL AUTO_INCREMENT,
  `uniacid` varchar(50) DEFAULT NULL,
  `openid` varchar(50) DEFAULT NULL COMMENT '用户id',
  `type` int(11) DEFAULT NULL COMMENT '1产品评价2众筹评价3新闻评价',
  `pid` int(11) DEFAULT NULL,
  `content` longtext COMMENT '内容',
  `status` int(11) DEFAULT '1' COMMENT '状态',
  `createtime` timestamp NULL DEFAULT CURRENT_TIMESTAMP COMMENT '添加时间',
  `bimg` longtext COMMENT '图片',
  PRIMARY KEY (`id`),
  KEY `uniacid` (`uniacid`,`type`,`pid`,`status`,`createtime`)
) ENGINE=InnoDB DEFAULT CHARSET=utf8 COMMENT='评论';
CREATE TABLE `ims_xc_farm_group` (
  `id` int(11) NOT NULL AUTO_INCREMENT,
  `uniacid` int(11) DEFAULT NULL,
  `openid` varchar(50) DEFAULT NULL COMMENT '团长',
  `service` int(11) DEFAULT NULL COMMENT '产品id',
  `is_member` int(11) DEFAULT '0' COMMENT '已有人数',
  `member` int(11) DEFAULT NULL COMMENT '所需人数',
  `createtime` timestamp NULL DEFAULT CURRENT_TIMESTAMP COMMENT '开团时间',
  `failtime` datetime DEFAULT NULL COMMENT '结束时间',
  `status` int(11) DEFAULT '-1' COMMENT '状态（-1拼团中1拼团成功2已失败）',
  `group` longtext COMMENT '团成员',
  PRIMARY KEY (`id`),
  KEY `uniacid` (`uniacid`,`status`,`createtime`,`failtime`)
) ENGINE=InnoDB DEFAULT CHARSET=utf8 COMMENT='团购';
CREATE TABLE `ims_xc_farm_land` (
  `id` int(11) NOT NULL AUTO_INCREMENT,
  `uniacid` int(11) DEFAULT NULL,
  `name` varchar(50) DEFAULT NULL COMMENT '名称',
  `cid` int(11) DEFAULT NULL COMMENT '分类',
  `simg` varchar(255) DEFAULT NULL COMMENT '封面',
  `bimg` longtext COMMENT '图片',
  `member_on` int(11) DEFAULT '0' COMMENT '已种植土地',
  `member` int(11) DEFAULT '0' COMMENT '土地',
  `seed_member` int(11) DEFAULT '0' COMMENT '每份土地可种种子数',
  `seed_list` longtext COMMENT '可中的种子',
  `seed_id` longtext COMMENT '播种id',
  `fail_date` int(11) DEFAULT '0' COMMENT '失败时间',
  `video` int(11) DEFAULT NULL COMMENT '直播',
  `content` longtext COMMENT '详情',
  `sort` int(11) DEFAULT '0' COMMENT '排序',
  `status` int(11) DEFAULT '1' COMMENT '状态',
  `createtime` datetime DEFAULT NULL COMMENT '添加时间',
  PRIMARY KEY (`id`),
  KEY `uniacid` (`uniacid`,`cid`,`sort`,`status`,`createtime`)
) ENGINE=InnoDB DEFAULT CHARSET=utf8 COMMENT='土地';
CREATE TABLE `ims_xc_farm_land_group` (
  `id` int(11) NOT NULL AUTO_INCREMENT,
  `uniacid` int(11) DEFAULT NULL,
  `openid` varchar(50) DEFAULT NULL COMMENT '团长',
  `land` int(11) DEFAULT NULL COMMENT '土地',
  `seed` int(11) DEFAULT NULL COMMENT '种子',
  `member_on` int(11) DEFAULT '0' COMMENT '已种种子',
  `member` int(11) DEFAULT '0' COMMENT '种子',
  `group` longtext COMMENT '团成员',
  `status` int(11) DEFAULT '-1' COMMENT '状态-1拼种种1成功2失败',
  `createtime` datetime DEFAULT NULL COMMENT '添加时间',
  `failtime` datetime DEFAULT NULL COMMENT '失败时间',
  PRIMARY KEY (`id`),
  KEY `uniacid` (`uniacid`,`land`,`seed`,`status`,`createtime`,`failtime`)
) ENGINE=InnoDB DEFAULT CHARSET=utf8 COMMENT='合种团';
CREATE TABLE `ims_xc_farm_live` (
  `id` int(11) NOT NULL AUTO_INCREMENT,
  `uniacid` varchar(50) DEFAULT NULL,
  `name` varchar(50) DEFAULT NULL COMMENT '名称',
  `cid` int(11) DEFAULT NULL COMMENT '分类',
  `bimg` varchar(255) DEFAULT NULL COMMENT '封面',
  `link` varchar(255) DEFAULT NULL COMMENT '链接',
  `sort` int(11) DEFAULT NULL COMMENT '排序',
  `status` int(11) DEFAULT '1' COMMENT '状态',
  `createtime` timestamp NULL DEFAULT CURRENT_TIMESTAMP COMMENT '添加时间',
  `type` int(11) DEFAULT '1' COMMENT '类型',
  `video` varchar(255) DEFAULT NULL COMMENT '链接',
  `vid` varchar(50) DEFAULT NULL,
  `content` longtext COMMENT '详情',
  PRIMARY KEY (`id`),
  KEY `uniacid` (`uniacid`,`cid`,`sort`,`status`,`createtime`)
) ENGINE=InnoDB DEFAULT CHARSET=utf8 COMMENT='直播';
CREATE TABLE `ims_xc_farm_live_class` (
  `id` int(11) NOT NULL AUTO_INCREMENT,
  `uniacid` varchar(50) DEFAULT NULL,
  `name` varchar(50) DEFAULT NULL COMMENT '名称',
  `sort` int(11) DEFAULT '0' COMMENT '排序',
  `status` int(11) DEFAULT '1' COMMENT '状态',
  `createtime` timestamp NULL DEFAULT CURRENT_TIMESTAMP COMMENT '添加时间',
  PRIMARY KEY (`id`),
  KEY `uniacid` (`uniacid`,`sort`,`status`,`createtime`)
) ENGINE=InnoDB DEFAULT CHARSET=utf8 COMMENT='直播分类';
CREATE TABLE `ims_xc_farm_log` (
  `id` int(11) NOT NULL AUTO_INCREMENT,
  `uniacid` int(11) DEFAULT NULL,
  `openid` varchar(50) DEFAULT NULL COMMENT '用户id',
  `plan_date` varchar(50) DEFAULT NULL COMMENT '日期',
  `createtime` datetime DEFAULT NULL COMMENT '添加时间',
  PRIMARY KEY (`id`),
  KEY `uniacid` (`uniacid`,`plan_date`,`createtime`)
) ENGINE=InnoDB DEFAULT CHARSET=utf8 COMMENT='日志';
CREATE TABLE `ims_xc_farm_moban_user` (
  `id` int(11) NOT NULL AUTO_INCREMENT,
  `uniacid` int(11) DEFAULT NULL,
  `openid` varchar(50) DEFAULT NULL,
  `nickname` varchar(500) DEFAULT NULL COMMENT '呢称',
  `status` int(11) DEFAULT '-1' COMMENT '-1未使用  1已使用',
  `createtime` int(11) DEFAULT NULL COMMENT '发布日期',
  `ident` varchar(50) DEFAULT NULL COMMENT '标识',
  `headimgurl` varchar(500) DEFAULT NULL COMMENT '头像',
  PRIMARY KEY (`id`)
) ENGINE=InnoDB DEFAULT CHARSET=utf8 COMMENT='绑定模版消息用户';
CREATE TABLE `ims_xc_farm_nav` (
  `id` int(11) NOT NULL AUTO_INCREMENT,
  `uniacid` varchar(50) DEFAULT NULL,
  `name` varchar(50) DEFAULT NULL COMMENT '名称',
  `bimg` varchar(255) DEFAULT NULL COMMENT '图片',
  `link` varchar(255) DEFAULT NULL COMMENT '链接',
  `sort` int(11) DEFAULT '0' COMMENT '排序',
  `status` int(11) DEFAULT '1' COMMENT '状态',
  `createtime` timestamp NULL DEFAULT CURRENT_TIMESTAMP COMMENT '添加时间',
  PRIMARY KEY (`id`),
  KEY `uniacid` (`uniacid`,`sort`,`status`,`createtime`)
) ENGINE=InnoDB DEFAULT CHARSET=utf8 COMMENT='自定义导航';
CREATE TABLE `ims_xc_farm_news` (
  `id` int(11) NOT NULL AUTO_INCREMENT,
  `uniacid` varchar(50) DEFAULT NULL,
  `title` varchar(255) DEFAULT NULL COMMENT '标题',
  `bimg` varchar(255) DEFAULT NULL COMMENT '封面',
  `click` int(11) DEFAULT '0' COMMENT '浏览数',
  `zan` int(11) DEFAULT '0' COMMENT '点赞数',
  `discuss` int(11) DEFAULT '0' COMMENT '评论数',
  `service` int(11) DEFAULT NULL COMMENT '关联产品',
  `service_name` varchar(50) DEFAULT NULL COMMENT '产品名称',
  `content` longtext COMMENT '详情',
  `sort` int(11) DEFAULT '0' COMMENT '排序',
  `status` int(11) DEFAULT '1' COMMENT '状态',
  `createtime` timestamp NULL DEFAULT CURRENT_TIMESTAMP COMMENT '添加时间',
  PRIMARY KEY (`id`),
  KEY `uniacid` (`uniacid`,`sort`,`status`,`createtime`)
) ENGINE=InnoDB DEFAULT CHARSET=utf8 COMMENT='新闻';
CREATE TABLE `ims_xc_farm_online` (
  `id` int(11) NOT NULL AUTO_INCREMENT,
  `uniacid` int(11) DEFAULT NULL,
  `openid` varchar(50) DEFAULT NULL COMMENT '用户id',
  `member` int(11) DEFAULT NULL COMMENT '未读条数',
  `type` int(11) DEFAULT NULL COMMENT '类型',
  `content` longtext COMMENT '内容',
  `updatetime` varchar(50) DEFAULT NULL COMMENT '更新时间',
  `createtime` timestamp NULL DEFAULT CURRENT_TIMESTAMP COMMENT '添加时间',
  PRIMARY KEY (`id`),
  KEY `uniacid` (`uniacid`,`createtime`,`member`)
) ENGINE=InnoDB DEFAULT CHARSET=utf8mb4 COMMENT='客服';
CREATE TABLE `ims_xc_farm_online_log` (
  `id` int(11) NOT NULL AUTO_INCREMENT,
  `uniacid` int(11) DEFAULT NULL,
  `pid` int(11) DEFAULT NULL,
  `openid` varchar(50) DEFAULT NULL COMMENT '发送者用户id',
  `type` int(11) DEFAULT NULL COMMENT '类型1文本2图片',
  `content` longtext COMMENT '内容',
  `createtime` timestamp NULL DEFAULT CURRENT_TIMESTAMP COMMENT '添加时间',
  `duty` int(11) DEFAULT '1' COMMENT '身份1客户2客服',
  PRIMARY KEY (`id`),
  KEY `uniacid` (`uniacid`,`type`,`createtime`)
) ENGINE=InnoDB DEFAULT CHARSET=utf8mb4 COMMENT='客服记录';
CREATE TABLE `ims_xc_farm_order` (
  `id` int(11) NOT NULL AUTO_INCREMENT,
  `uniacid` varchar(50) DEFAULT NULL,
  `openid` varchar(50) DEFAULT NULL COMMENT '用户id',
  `out_trade_no` varchar(50) DEFAULT NULL COMMENT '订单号',
  `wx_out_trade_no` varchar(50) DEFAULT NULL COMMENT '商户订单号',
  `service` int(11) DEFAULT NULL COMMENT '产品id',
  `services` longtext COMMENT '项目',
  `service_name` varchar(255) DEFAULT NULL COMMENT '产品名称',
  `format` varchar(255) DEFAULT NULL COMMENT '规格',
  `format_index` int(11) DEFAULT '-1',
  `price` decimal(10,2) DEFAULT '0.00' COMMENT '单价',
  `member` int(11) DEFAULT '0' COMMENT '数量',
  `is_member` int(11) DEFAULT '0' COMMENT '核销次数',
  `amount` decimal(10,2) DEFAULT NULL COMMENT '应付款',
  `o_amount` decimal(10,2) DEFAULT '0.00' COMMENT '实付款',
  `order_type` int(11) DEFAULT NULL COMMENT '订单类型（1活动报名2众筹3产品）',
  `type2` int(11) DEFAULT NULL COMMENT '众筹（1众筹2租用3认养）产品（1单买2团购3砍价4限时5兑换）',
  `status` int(11) DEFAULT '-1' COMMENT '状态',
  `order_status` int(11) DEFAULT '1' COMMENT '1待发货2待收货3待评价4已完成',
  `name` varchar(50) DEFAULT NULL COMMENT '姓名',
  `mobile` varchar(50) DEFAULT NULL COMMENT '手机',
  `address` longtext COMMENT '地址',
  `createtime` timestamp NULL DEFAULT CURRENT_TIMESTAMP COMMENT '添加时间',
  `form_id` varchar(255) DEFAULT NULL,
  `content` longtext COMMENT '备注',
  `income` longtext COMMENT '收益',
  `coupon` int(11) DEFAULT NULL COMMENT '优惠券id',
  `coupon_price` decimal(10,2) DEFAULT '0.00' COMMENT '优惠价格',
  `cf_status` int(11) DEFAULT '-1' COMMENT '-1筹集中1已完成2已退款',
  `cf_card` int(11) DEFAULT NULL COMMENT '兑换券',
  `group` int(11) DEFAULT NULL COMMENT '团id',
  `group_status` int(11) DEFAULT '-1' COMMENT '团状态',
  `fen_status` int(11) DEFAULT '-1' COMMENT '未分销',
  `fen_openid` varchar(50) DEFAULT NULL COMMENT '分销用户',
  `fen_price` decimal(10,2) DEFAULT NULL COMMENT '分销金额',
  `partner_price` decimal(10,2) DEFAULT NULL COMMENT '平台佣金',
  `fen_openid2` varchar(50) DEFAULT NULL COMMENT '二级分销',
  `fen_price2` decimal(10,2) DEFAULT NULL COMMENT '二级分销金额',
  `callback1` longtext COMMENT '打印1回调',
  `callback2` longtext COMMENT '打印2',
  `topic` int(11) DEFAULT NULL COMMENT '专题id',
  `topic_price` varchar(50) DEFAULT NULL COMMENT '折扣',
  `plan_date` varchar(50) DEFAULT NULL COMMENT '预约时间',
  `tui_content` longtext COMMENT '退款理由',
  `pin_name` varchar(50) DEFAULT NULL COMMENT '拼团名称',
  `pin_simg` varchar(255) DEFAULT NULL COMMENT '拼团图片',
  `transaction_id` varchar(255) DEFAULT NULL COMMENT '微信订单号',
  PRIMARY KEY (`id`),
  KEY `uniacid` (`uniacid`,`openid`,`out_trade_no`,`status`,`createtime`,`order_type`)
) ENGINE=InnoDB DEFAULT CHARSET=utf8 COMMENT='订单';
CREATE TABLE `ims_xc_farm_pin` (
  `id` int(11) NOT NULL AUTO_INCREMENT,
  `uniacid` int(11) DEFAULT NULL,
  `name` varchar(50) DEFAULT NULL COMMENT '名称',
  `cid` int(11) DEFAULT NULL COMMENT '分类',
  `simg` varchar(255) DEFAULT NULL COMMENT '封面',
  `price` decimal(10,2) DEFAULT NULL COMMENT '价格',
  `tag` longtext COMMENT '标签',
  `bimg` longtext COMMENT '图片',
  `sold` int(11) DEFAULT '0' COMMENT '已拼',
  `discuss` int(11) DEFAULT '0' COMMENT '评论数',
  `content` longtext COMMENT '详情',
  `sort` int(11) DEFAULT '0' COMMENT '排序',
  `status` int(11) DEFAULT '1' COMMENT '状态',
  `createtime` datetime DEFAULT NULL COMMENT '添加时间',
  PRIMARY KEY (`id`),
  KEY `uniacid` (`uniacid`,`cid`,`sort`,`status`,`createtime`)
) ENGINE=InnoDB DEFAULT CHARSET=utf8 COMMENT='拼购';
CREATE TABLE `ims_xc_farm_pin_group` (
  `id` int(11) NOT NULL AUTO_INCREMENT,
  `uniacid` int(11) DEFAULT NULL,
  `pid` int(11) DEFAULT NULL COMMENT '产品id',
  `start_time` datetime DEFAULT NULL COMMENT '开始时间',
  `end_time` datetime DEFAULT NULL COMMENT '结束时间',
  `member` int(11) DEFAULT '0' COMMENT '总数',
  `member_on` int(11) DEFAULT '0' COMMENT '已拼数量',
  `status` int(11) DEFAULT '-1' COMMENT '-1拼购中1拼购成功2拼购失败',
  `sort` int(11) DEFAULT '0' COMMENT '排序',
  `content` longtext COMMENT '拼购内容',
  `createtime` datetime DEFAULT NULL COMMENT '添加时间',
  PRIMARY KEY (`id`)
) ENGINE=InnoDB DEFAULT CHARSET=utf8 COMMENT='拼购';
CREATE TABLE `ims_xc_farm_pin_group_detail` (
  `id` int(11) NOT NULL AUTO_INCREMENT,
  `uniacid` int(11) DEFAULT NULL,
  `pid` int(11) DEFAULT NULL COMMENT '产品id',
  `gid` int(11) DEFAULT NULL,
  `name` varchar(50) DEFAULT NULL COMMENT '名称',
  `simg` varchar(255) DEFAULT NULL COMMENT '图片',
  `member` int(11) DEFAULT '0' COMMENT '数量',
  `member_on` int(11) DEFAULT '0' COMMENT '已出售数量',
  `price` decimal(10,2) DEFAULT '0.00' COMMENT '价格',
  `weight` varchar(50) DEFAULT NULL COMMENT '分量',
  `createtime` datetime DEFAULT NULL COMMENT '添加时间',
  PRIMARY KEY (`id`),
  KEY `uniacid` (`uniacid`,`pid`,`gid`,`member`,`member_on`)
) ENGINE=InnoDB DEFAULT CHARSET=utf8 COMMENT='拼购详情';
CREATE TABLE `ims_xc_farm_seed` (
  `id` int(11) NOT NULL AUTO_INCREMENT,
  `uniacid` int(11) DEFAULT NULL,
  `name` varchar(50) DEFAULT NULL COMMENT '名称',
  `cid` int(11) DEFAULT NULL COMMENT '分类',
  `simg` varchar(255) DEFAULT NULL COMMENT '封面',
  `plan_date` int(11) DEFAULT NULL COMMENT '生长周期',
  `weight` varchar(255) DEFAULT NULL COMMENT '分量',
  `price` decimal(10,2) DEFAULT '0.00' COMMENT '价格',
  `income` longtext COMMENT '收益',
  `dui_date` int(11) DEFAULT '0' COMMENT '兑换周期',
  `content` longtext COMMENT '详情',
  `sort` int(11) DEFAULT '0' COMMENT '排序',
  `status` int(11) DEFAULT '1' COMMENT '状态',
  `createtime` datetime DEFAULT NULL COMMENT '添加时间',
  PRIMARY KEY (`id`),
  KEY `uniacid` (`uniacid`,`cid`,`sort`,`status`,`createtime`)
) ENGINE=InnoDB DEFAULT CHARSET=utf8 COMMENT='种子';
CREATE TABLE `ims_xc_farm_service` (
  `id` int(11) NOT NULL AUTO_INCREMENT,
  `uniacid` varchar(50) DEFAULT NULL,
  `name` varchar(50) DEFAULT NULL COMMENT '名称',
  `subtitle` varchar(255) DEFAULT NULL COMMENT '副标题',
  `cid` int(11) DEFAULT NULL,
  `simg` varchar(255) DEFAULT NULL COMMENT '封面',
  `bimg` longtext COMMENT '产品图片',
  `discuss` int(11) DEFAULT '0' COMMENT '评论人数',
  `sold` int(11) DEFAULT '0' COMMENT '已售人数',
  `price` decimal(10,2) DEFAULT '0.00' COMMENT '价格',
  `o_price` varchar(50) DEFAULT NULL COMMENT '原价',
  `type` int(11) DEFAULT '-1' COMMENT '类型（-1无1团购2砍价3限时抢购）',
  `format` longtext COMMENT '多规格',
  `time_start` datetime DEFAULT NULL COMMENT '开始时间',
  `time_end` datetime DEFAULT NULL COMMENT '结束时间',
  `cut_min` decimal(10,2) DEFAULT NULL COMMENT '砍价区间',
  `cut_max` decimal(10,2) DEFAULT NULL COMMENT '砍价区间',
  `group_member` int(11) DEFAULT NULL COMMENT '团购人数',
  `group_times` int(11) DEFAULT NULL COMMENT '团购失败时间',
  `group_status` int(11) DEFAULT '1' COMMENT '团购时单购状态',
  `group_sold` int(11) DEFAULT '0' COMMENT '已团',
  `content` longtext COMMENT '详情',
  `sort` int(11) DEFAULT '0' COMMENT '排序',
  `status` int(11) DEFAULT '1' COMMENT '状态',
  `index` int(11) DEFAULT '-1' COMMENT '首页显示',
  `createtime` timestamp NULL DEFAULT CURRENT_TIMESTAMP COMMENT '添加时间',
  `partner` varchar(50) DEFAULT NULL COMMENT '合作商',
  `graphic_live` longtext COMMENT '图文直播',
  `code` varchar(255) DEFAULT NULL COMMENT '二维码',
  `video_live` longtext COMMENT '视频直播',
  `fen_status` int(11) DEFAULT '1' COMMENT '分销功能',
  `fen_ju_status` int(11) DEFAULT '-1' COMMENT '分销局部佣金',
  `fen_one` decimal(10,2) DEFAULT '0.00' COMMENT '一级佣金',
  `fen_two` decimal(10,2) DEFAULT '0.00' COMMENT '分销二级',
  `fen_three` decimal(10,2) DEFAULT '0.00' COMMENT '三级分销',
  `partner_price` varchar(50) DEFAULT NULL COMMENT '平台佣金',
  `fen_one2` decimal(10,2) DEFAULT NULL COMMENT '二级佣金',
  `fen_two2` decimal(10,2) DEFAULT NULL COMMENT '二级佣金',
  `fen_three2` decimal(10,2) DEFAULT NULL COMMENT '二级佣金',
  `share_title` varchar(255) DEFAULT NULL COMMENT '分享标题',
  `share_img` varchar(255) DEFAULT NULL COMMENT '分享图片',
  `kucun` int(11) DEFAULT '-1' COMMENT '库存',
  `yid` int(11) DEFAULT NULL COMMENT '云id',
  `uid` int(11) DEFAULT NULL,
  PRIMARY KEY (`id`),
  KEY `uniacid` (`uniacid`,`sort`,`status`,`createtime`,`cid`)
) ENGINE=InnoDB DEFAULT CHARSET=utf8 COMMENT='产品';
CREATE TABLE `ims_xc_farm_service_class` (
  `id` int(11) NOT NULL AUTO_INCREMENT,
  `uniacid` varchar(50) DEFAULT NULL,
  `name` varchar(50) DEFAULT NULL COMMENT '名称',
  `sort` int(11) DEFAULT '0' COMMENT '排序',
  `status` int(11) DEFAULT '1' COMMENT '状态',
  `createtime` timestamp NULL DEFAULT CURRENT_TIMESTAMP COMMENT '添加时间',
  `type` int(11) DEFAULT '1' COMMENT '类型（1产品2拼购）',
  PRIMARY KEY (`id`),
  KEY `uniacid` (`uniacid`,`sort`,`status`,`createtime`)
) ENGINE=InnoDB DEFAULT CHARSET=utf8 COMMENT='分类';
CREATE TABLE `ims_xc_farm_service_fen` (
  `id` int(11) NOT NULL AUTO_INCREMENT,
  `uniacid` int(11) DEFAULT NULL,
  `openid` varchar(50) DEFAULT NULL COMMENT '用户id',
  `service` int(11) DEFAULT NULL COMMENT '产品id',
  `status` int(11) DEFAULT '1' COMMENT '状态',
  `createtime` timestamp NULL DEFAULT CURRENT_TIMESTAMP COMMENT '添加时间',
  PRIMARY KEY (`id`),
  KEY `uniacid` (`uniacid`,`status`,`createtime`)
) ENGINE=InnoDB DEFAULT CHARSET=utf8 COMMENT='分销产品';
CREATE TABLE `ims_xc_farm_shop` (
  `id` int(11) NOT NULL AUTO_INCREMENT,
  `uniacid` int(11) DEFAULT NULL,
  `openid` varchar(50) DEFAULT NULL COMMENT '用户id',
  `pid` int(11) DEFAULT NULL COMMENT '产品id',
  `format` varchar(255) DEFAULT NULL COMMENT '格式',
  `format_index` int(11) DEFAULT '-1',
  `price` decimal(10,2) DEFAULT '0.00' COMMENT '价格',
  `member` int(11) DEFAULT '0' COMMENT '数量',
  `status` int(11) DEFAULT '1' COMMENT '状态',
  `createtime` timestamp NULL DEFAULT CURRENT_TIMESTAMP COMMENT '添加时间',
  PRIMARY KEY (`id`),
  KEY `uniacid` (`uniacid`,`pid`,`status`,`createtime`)
) ENGINE=InnoDB DEFAULT CHARSET=utf8 COMMENT='购物车';
CREATE TABLE `ims_xc_farm_store_order` (
  `id` int(11) NOT NULL AUTO_INCREMENT,
  `uniacid` varchar(255) DEFAULT NULL,
  `openid` varchar(50) DEFAULT NULL COMMENT '用户id',
  `title` varchar(255) DEFAULT NULL COMMENT '标题',
  `plan_date` varchar(50) DEFAULT NULL COMMENT '日期',
  `type` int(11) DEFAULT '1' COMMENT '类型（1收入2提现）',
  `out_trade_no` varchar(50) DEFAULT NULL COMMENT '订单号',
  `amount` decimal(10,2) DEFAULT '0.00' COMMENT '金额',
  `status` int(11) DEFAULT '-1' COMMENT '状态',
  `createtime` timestamp NULL DEFAULT CURRENT_TIMESTAMP COMMENT '添加时间',
  `username` varchar(50) DEFAULT NULL COMMENT '账号',
  `bank` varchar(50) DEFAULT NULL COMMENT '开户行',
  `name` varchar(50) DEFAULT NULL COMMENT '实名',
  `order_type` int(11) DEFAULT NULL COMMENT '提现方式（1支付宝2银行卡）',
  `admin` int(11) DEFAULT '1' COMMENT '1合作商2分销商',
  `fen_level` int(11) DEFAULT '1' COMMENT '分销分级',
  `fen_openid` varchar(50) DEFAULT NULL COMMENT '分销用户',
  PRIMARY KEY (`id`),
  KEY `uniacid` (`uniacid`,`plan_date`,`type`,`createtime`)
) ENGINE=InnoDB DEFAULT CHARSET=utf8 COMMENT='店铺收入';
CREATE TABLE `ims_xc_farm_topic` (
  `id` int(11) NOT NULL AUTO_INCREMENT,
  `uniacid` int(11) DEFAULT NULL,
  `name` varchar(50) DEFAULT NULL COMMENT '名称',
  `bimg` longtext COMMENT '图片',
  `start_time` datetime DEFAULT NULL COMMENT '开始时间',
  `end_time` datetime DEFAULT NULL COMMENT '结束时间',
  `price` decimal(10,2) DEFAULT NULL COMMENT '价格',
  `service` longtext COMMENT '产品详情',
  `member` int(11) DEFAULT '-1' COMMENT '限购人数',
  `sort` int(11) DEFAULT '0' COMMENT '排序',
  `status` int(11) DEFAULT '1' COMMENT '状态',
  `createtime` timestamp NULL DEFAULT CURRENT_TIMESTAMP COMMENT '添加时间',
  `kucun` int(11) DEFAULT '-1' COMMENT '库存',
  PRIMARY KEY (`id`),
  KEY `uniacid` (`uniacid`,`sort`,`status`,`createtime`)
) ENGINE=InnoDB DEFAULT CHARSET=utf8 COMMENT='专题';
CREATE TABLE `ims_xc_farm_trace` (
  `id` int(11) NOT NULL AUTO_INCREMENT,
  `uniacid` int(11) DEFAULT NULL,
  `service` int(11) DEFAULT NULL COMMENT '产品id',
  `service_name` varchar(255) DEFAULT NULL COMMENT '产品名称',
  `video` int(11) DEFAULT NULL COMMENT '直播id',
  `video_name` varchar(255) DEFAULT NULL COMMENT '直播名称',
  `status` int(11) DEFAULT '-1' COMMENT '状态（-1待出售1已出售）',
  `info` longtext COMMENT '自定义参数',
  `member` int(11) DEFAULT NULL COMMENT '总数',
  `code_start` varchar(50) DEFAULT NULL COMMENT '编码开头',
  `code_member` int(11) DEFAULT NULL COMMENT '随机位数',
  `createtime` timestamp NULL DEFAULT CURRENT_TIMESTAMP COMMENT '添加时间',
  PRIMARY KEY (`id`),
  KEY `uniacid` (`uniacid`,`service`,`status`,`createtime`)
) ENGINE=InnoDB DEFAULT CHARSET=utf8 COMMENT='产品溯源';
CREATE TABLE `ims_xc_farm_trace_code` (
  `id` int(11) NOT NULL AUTO_INCREMENT,
  `uniacid` int(11) DEFAULT NULL,
  `code` varchar(50) DEFAULT NULL COMMENT '编码',
  `pid` int(11) DEFAULT NULL,
  `service` int(11) DEFAULT NULL COMMENT '产品id',
  `service_name` varchar(255) DEFAULT NULL COMMENT '产品名称',
  `video` int(11) DEFAULT NULL COMMENT '直播id',
  `video_name` varchar(255) DEFAULT NULL COMMENT '直播名称',
  `status` int(11) DEFAULT '-1' COMMENT '状态（-1待出售1已出售）',
  `info` longtext COMMENT '自定义参数',
  `createtime` timestamp NULL DEFAULT CURRENT_TIMESTAMP COMMENT '添加时间',
  PRIMARY KEY (`id`),
  KEY `uniacid` (`uniacid`,`code`,`pid`,`status`,`createtime`)
) ENGINE=InnoDB DEFAULT CHARSET=utf8 COMMENT='溯源编码';
CREATE TABLE `ims_xc_farm_userinfo` (
  `id` int(11) NOT NULL AUTO_INCREMENT,
  `uniacid` int(11) DEFAULT NULL,
  `openid` varchar(255) DEFAULT NULL COMMENT '用户id',
  `avatar` varchar(255) DEFAULT NULL,
  `nick` varchar(255) DEFAULT NULL,
  `createtime` timestamp NULL DEFAULT CURRENT_TIMESTAMP COMMENT '添加时间',
  `admin` int(11) DEFAULT '-1' COMMENT '经销商',
  `partner` int(11) DEFAULT '-1' COMMENT '合作商',
  `admin2` int(11) DEFAULT '-1' COMMENT '管理员',
  `name` varchar(50) DEFAULT NULL COMMENT '姓名',
  `mobile` varchar(50) DEFAULT NULL COMMENT '手机号',
  `password` varchar(50) DEFAULT NULL COMMENT '密码',
  `bind` int(11) DEFAULT '-1' COMMENT '绑定',
  `logo` varchar(255) DEFAULT NULL COMMENT 'logo',
  `back` varchar(255) DEFAULT NULL COMMENT '背景图片',
  `store_code` varchar(255) DEFAULT NULL COMMENT '店铺二维码',
  `store_amount` decimal(10,2) DEFAULT '0.00' COMMENT '店铺收入',
  `fen` int(11) DEFAULT '-1' COMMENT '分销商',
  `fen_click` int(11) DEFAULT '0' COMMENT '店铺点击量',
  `fen_amount` decimal(10,2) DEFAULT '0.00' COMMENT '分销收入',
  `fen_all_amount` decimal(10,2) DEFAULT '0.00' COMMENT '分销总收入',
  `fen_back` varchar(255) DEFAULT NULL COMMENT '分销商背景',
  `fen_logo` varchar(255) DEFAULT NULL COMMENT '分销商logo',
  `fen_code` varchar(255) DEFAULT NULL COMMENT '分销二维码',
  `fen_openid` varchar(50) DEFAULT NULL COMMENT '分销用户id',
  `invite_code` int(11) DEFAULT NULL COMMENT '邀请码',
  `fen_code2` varchar(255) DEFAULT NULL COMMENT '分销二维码2',
  PRIMARY KEY (`id`),
  KEY `uniacid` (`uniacid`,`createtime`)
) ENGINE=InnoDB AUTO_INCREMENT=123 DEFAULT CHARSET=utf8 COMMENT='用户信息';
CREATE TABLE `ims_xc_farm_zan` (
  `id` int(11) NOT NULL AUTO_INCREMENT,
  `uniacid` varchar(50) DEFAULT NULL,
  `openid` varchar(50) DEFAULT NULL COMMENT '用户id',
  `pid` int(11) DEFAULT NULL,
  `status` int(11) DEFAULT '1' COMMENT '状态',
  `createtime` timestamp NULL DEFAULT CURRENT_TIMESTAMP COMMENT '添加时间',
  PRIMARY KEY (`id`),
  KEY `pid` (`pid`,`status`,`createtime`,`uniacid`)
) ENGINE=InnoDB DEFAULT CHARSET=utf8 COMMENT='点赞';
]]></install>
	<uninstall><![CDATA[DROP TABLE IF EXISTS `ims_ims_xc_farm_active`;
DROP TABLE IF EXISTS `ims_ims_xc_farm_address`;
DROP TABLE IF EXISTS `ims_ims_xc_farm_app`;
DROP TABLE IF EXISTS `ims_ims_xc_farm_app_nav`;
DROP TABLE IF EXISTS `ims_ims_xc_farm_apply`;
DROP TABLE IF EXISTS `ims_ims_xc_farm_apply_class`;
DROP TABLE IF EXISTS `ims_ims_xc_farm_article`;
DROP TABLE IF EXISTS `ims_ims_xc_farm_banner`;
DROP TABLE IF EXISTS `ims_ims_xc_farm_cf`;
DROP TABLE IF EXISTS `ims_ims_xc_farm_cf_card`;
DROP TABLE IF EXISTS `ims_ims_xc_farm_config`;
DROP TABLE IF EXISTS `ims_ims_xc_farm_count`;
DROP TABLE IF EXISTS `ims_ims_xc_farm_coupon`;
DROP TABLE IF EXISTS `ims_ims_xc_farm_coupon_log`;
DROP TABLE IF EXISTS `ims_ims_xc_farm_cut`;
DROP TABLE IF EXISTS `ims_ims_xc_farm_cut_log`;
DROP TABLE IF EXISTS `ims_ims_xc_farm_discuss`;
DROP TABLE IF EXISTS `ims_ims_xc_farm_group`;
DROP TABLE IF EXISTS `ims_ims_xc_farm_land`;
DROP TABLE IF EXISTS `ims_ims_xc_farm_land_group`;
DROP TABLE IF EXISTS `ims_ims_xc_farm_live`;
DROP TABLE IF EXISTS `ims_ims_xc_farm_live_class`;
DROP TABLE IF EXISTS `ims_ims_xc_farm_log`;
DROP TABLE IF EXISTS `ims_ims_xc_farm_moban_user`;
DROP TABLE IF EXISTS `ims_ims_xc_farm_nav`;
DROP TABLE IF EXISTS `ims_ims_xc_farm_news`;
DROP TABLE IF EXISTS `ims_ims_xc_farm_online`;
DROP TABLE IF EXISTS `ims_ims_xc_farm_online_log`;
DROP TABLE IF EXISTS `ims_ims_xc_farm_order`;
DROP TABLE IF EXISTS `ims_ims_xc_farm_pin`;
DROP TABLE IF EXISTS `ims_ims_xc_farm_pin_group`;
DROP TABLE IF EXISTS `ims_ims_xc_farm_pin_group_detail`;
DROP TABLE IF EXISTS `ims_ims_xc_farm_seed`;
DROP TABLE IF EXISTS `ims_ims_xc_farm_service`;
DROP TABLE IF EXISTS `ims_ims_xc_farm_service_class`;
DROP TABLE IF EXISTS `ims_ims_xc_farm_service_fen`;
DROP TABLE IF EXISTS `ims_ims_xc_farm_shop`;
DROP TABLE IF EXISTS `ims_ims_xc_farm_store_order`;
DROP TABLE IF EXISTS `ims_ims_xc_farm_topic`;
DROP TABLE IF EXISTS `ims_ims_xc_farm_trace`;
DROP TABLE IF EXISTS `ims_ims_xc_farm_trace_code`;
DROP TABLE IF EXISTS `ims_ims_xc_farm_userinfo`;
DROP TABLE IF EXISTS `ims_ims_xc_farm_zan`;
]]></uninstall>
	<upgrade><![CDATA[wazyb_upgrade.php]]></upgrade>
</manifest>