[{"path":"\/icon.jpg","checksum":"a37e81a37c67482104345059e9574b52"},{"path":"\/resource\/address\/city-picker.js","checksum":"80500303711810dab5258c4bb15f0606"},{"path":"\/resource\/emoji\/01.gif","checksum":"92588bc1e94a8955f476d6cdb0091dec"},{"path":"\/resource\/emoji\/02.gif","checksum":"07168a250e588070336ec11e98f73180"},{"path":"\/resource\/emoji\/03.gif","checksum":"bf90da8b7128dd464f2ccd4007ca7499"},{"path":"\/resource\/emoji\/04.gif","checksum":"d816400e0f36bad0a00db113aeb6b509"},{"path":"\/resource\/emoji\/05.gif","checksum":"c5cf60ea306a59b79550f71a911a599d"},{"path":"\/resource\/emoji\/06.gif","checksum":"b004f9d2e0e40ac252ec4cff8d3adfdf"},{"path":"\/resource\/emoji\/07.gif","checksum":"ab66e8a9ba69f370343b0c0a37ce254e"},{"path":"\/resource\/emoji\/08.gif","checksum":"2f68e2d84c9b7c593dfa03471d6daa1d"},{"path":"\/resource\/emoji\/09.gif","checksum":"9ea4861ab0fdb7842ddf628a9a24707f"},{"path":"\/resource\/emoji\/10.gif","checksum":"d6bab74b7ee6f8b4ca147cb1edde3080"},{"path":"\/resource\/emoji\/11.gif","checksum":"31ef4bcc34f1aadc35c923265d8d6c4a"},{"path":"\/resource\/emoji\/12.gif","checksum":"f2f24ead97e0bf664193a535d31e6ac3"},{"path":"\/resource\/emoji\/13.gif","checksum":"620d12101aeec84d2d0a8c77100ffe0c"},{"path":"\/resource\/emoji\/14.gif","checksum":"6ef9572b33bfbfdff45abf141ca2a9be"},{"path":"\/resource\/emoji\/15.gif","checksum":"1af3dacd558fa7c91833df58dfd8d985"},{"path":"\/resource\/emoji\/16.gif","checksum":"fd1142e29b0307cd3eaa857c9231763e"},{"path":"\/resource\/emoji\/17.gif","checksum":"f8451ac7b68b753656d018b8bfdfcf73"},{"path":"\/resource\/emoji\/18.gif","checksum":"5751314de69e6bafb7488d8033d2ffda"},{"path":"\/resource\/emoji\/19.gif","checksum":"eac1a14fe16d52119c4cce2a45ee3571"},{"path":"\/resource\/emoji\/21.gif","checksum":"6fff041cce9c355bf565078747950dbc"},{"path":"\/resource\/emoji\/22.gif","checksum":"c72abaf967aa5df1f7358c958d6c5895"},{"path":"\/resource\/emoji\/23.gif","checksum":"a6721bdd6c228b065da98420c617ecc3"},{"path":"\/resource\/emoji\/24.gif","checksum":"f8647a306f62a8ad4faa44a18e0cd530"},{"path":"\/resource\/emoji\/25.gif","checksum":"36236ab3c9873316ef9a6d84718ca1f3"},{"path":"\/resource\/emoji\/26.gif","checksum":"87e94503fda8406d8d8a7ef5d350f9cd"},{"path":"\/resource\/emoji\/27.gif","checksum":"efc2f8f110a089c387d9ec6dcc9ebd4e"},{"path":"\/resource\/emoji\/28.gif","checksum":"9f669f47fad8149c406522a6cadb60d2"},{"path":"\/resource\/emoji\/29.gif","checksum":"126876c11becbdaf142ef0a42e866236"},{"path":"\/resource\/emoji\/30.gif","checksum":"580ee31409f008f629d416cbf0be825e"},{"path":"\/resource\/emoji\/31.gif","checksum":"7b9272aacfe4bb3eabe24677995f78b0"},{"path":"\/resource\/emoji\/32.gif","checksum":"08fcb17659c9f89f4679a326faa02a9d"},{"path":"\/resource\/emoji\/33.gif","checksum":"d4273ac35e751b4d271ea555cf9e4286"},{"path":"\/resource\/emoji\/34.gif","checksum":"6a657e3f2563385ea973f8e72672f7c9"},{"path":"\/resource\/emoji\/35.gif","checksum":"5050f4c158acd39f6aace0e1fc1d71cc"},{"path":"\/resource\/emoji\/36.gif","checksum":"fc6097ca62831981dc104364d0ffe58c"},{"path":"\/resource\/emoji\/37.gif","checksum":"609d95f0c8434bfbc7bac9aa4870b163"},{"path":"\/resource\/emoji\/38.gif","checksum":"613674f8ad979183f49bb444d4fdb554"},{"path":"\/resource\/emoji\/39.gif","checksum":"205b95779f0382b6b2e37702aa7c6485"},{"path":"\/resource\/emoji\/40.gif","checksum":"3b9d2ba2e87bef91e56e9127d56aa546"},{"path":"\/resource\/emoji\/41.gif","checksum":"556b7deede0a5297cb17b4c07fc5ec68"},{"path":"\/resource\/emoji\/42.gif","checksum":"f5a0be56417b831f18db47b7651d15e5"},{"path":"\/resource\/emoji\/43.gif","checksum":"de4a643091c6c86ea6683e0488c5ceb3"},{"path":"\/resource\/emoji\/44.gif","checksum":"63a6b3b5e78974d4fc752839706dc470"},{"path":"\/resource\/emoji\/45.gif","checksum":"faad0cd9527eb5e99921667df2a2bcc5"},{"path":"\/resource\/emoji\/46.gif","checksum":"753b9b92396bbace2a948f682d25c789"},{"path":"\/resource\/emoji\/47.gif","checksum":"5bf4d795265f48477c2d9f07b74f8ecd"},{"path":"\/resource\/emoji\/48.gif","checksum":"73b1d0f25b03a090d5d34abd28d3d430"},{"path":"\/resource\/emoji\/49.gif","checksum":"b9829a380ae4fdd8782e7579ea54a68b"},{"path":"\/resource\/emoji\/50.gif","checksum":"dad0f5c7a9733dd54b4638825c87bac5"},{"path":"\/resource\/emoji\/51.gif","checksum":"1cc2dc29bddccc1bb27496ec994f2eee"},{"path":"\/resource\/emoji\/52.gif","checksum":"87afe2274e0e27314377e66900ca7797"},{"path":"\/resource\/emoji\/53.gif","checksum":"75ebc9e768941c649eb9b17f03ba4faf"},{"path":"\/resource\/emoji\/54.gif","checksum":"5e8faee648e64b0d11e556593fe16a7f"},{"path":"\/resource\/emoji\/55.gif","checksum":"755435edbdb75253afa865e8c9c86d9e"},{"path":"\/resource\/emoji\/56.gif","checksum":"6c48eafa50d2d8ce77f9bf278194d3d6"},{"path":"\/resource\/emoji\/57.gif","checksum":"cc31ff6037501965105b2949441667d3"},{"path":"\/resource\/emoji\/58.gif","checksum":"11fae2aeeea20aa7134a6a1831a9f966"},{"path":"\/resource\/emoji\/59.gif","checksum":"7184aa30253a50198b4b05467397d520"},{"path":"\/resource\/emoji\/60.gif","checksum":"f30b55511a448f4daff39152daa8cd14"},{"path":"\/resource\/emoji\/61.gif","checksum":"23cc90fc6a6a4a916a3a0740df0a266b"},{"path":"\/resource\/emoji\/62.gif","checksum":"afb50f1c5c34af7ff0625b9674f08c89"},{"path":"\/resource\/emoji\/63.gif","checksum":"5e12d397b2482ad75546b340315e4e23"},{"path":"\/resource\/emoji\/64.gif","checksum":"49a1ec6e2184160806c712913a490e73"},{"path":"\/resource\/emoji\/65.gif","checksum":"da72b1ae05f7037c145d0d108ecbd9bb"},{"path":"\/resource\/emoji\/66.gif","checksum":"b10a0611a54452c7bb2dc6ce23ae399e"},{"path":"\/resource\/emoji\/67.gif","checksum":"d35885ca05d6b58e9395257f428e4471"},{"path":"\/resource\/emoji\/68.gif","checksum":"19257e373e262e26f4e06267ee4752ec"},{"path":"\/resource\/emoji\/69.gif","checksum":"2b82e579f8e28f49cca5745f9ae96f4a"},{"path":"\/resource\/emoji\/70.gif","checksum":"da259b207b01ba7df70d82f38bf56240"},{"path":"\/resource\/emoji\/71.gif","checksum":"dff3ec6f19e9f860b56ca08ef2daa766"},{"path":"\/resource\/emoji\/72.gif","checksum":"a786f6eff46e3c4ee047a911995706e1"},{"path":"\/resource\/emoji\/73.gif","checksum":"d8f770afe3e0ee5d0f39a4276418f99f"},{"path":"\/resource\/emoji\/74.gif","checksum":"fa4594a6b493c4a0592c3a345307c5e5"},{"path":"\/resource\/emoji\/75.gif","checksum":"463da8d41012d47d30eb3b456c069444"},{"path":"\/resource\/emoji\/76.gif","checksum":"134c756ff05828ef892d4caebb66765a"},{"path":"\/resource\/emoji\/77.gif","checksum":"c88814fcee886659fd92694574859750"},{"path":"\/resource\/emoji\/78.gif","checksum":"619e886911ceb694f802ce26d79912ad"},{"path":"\/resource\/images\/back.jpg","checksum":"e77117152ad79faa7b02fd0ba1e1aa1e"},{"path":"\/resource\/images\/baseqr.png","checksum":"1095271c0e643b42f4a9a38814c08bd6"},{"path":"\/resource\/images\/icon00.png","checksum":"0726220aa64d642c22da411575f837a1"},{"path":"\/resource\/images\/icon01.png","checksum":"66f549fbe4979443256254921ece72d9"},{"path":"\/resource\/images\/icon02.png","checksum":"9b9d6be3048122f6a87cbb49ef6b2657"},{"path":"\/resource\/images\/icon03.png","checksum":"d72447af67b6266edd601301861a660e"},{"path":"\/resource\/images\/icon04.png","checksum":"4601d3d08bfb3eac487297bf7c1adfbc"},{"path":"\/resource\/images\/icon05.png","checksum":"1fda5976686ac8b0f9f63fb0b165c989"},{"path":"\/resource\/images\/icon06.png","checksum":"0afad54e995bec490850129bc05ea942"},{"path":"\/resource\/images\/icon07.png","checksum":"89ff1abae4056b3039ebd486dae0fdce"},{"path":"\/resource\/images\/icon08.png","checksum":"f87eb672b80a43bb6f8c29d1a9c45206"},{"path":"\/resource\/images\/icon09.png","checksum":"a6d5848cb64ccd239605362c12910183"},{"path":"\/resource\/images\/icon10.jpg","checksum":"1961994382ce6517c6707e2fd9a9545f"},{"path":"\/resource\/images\/logo.jpg","checksum":"f37f77f50f00eaad73df18f94c5b4980"},{"path":"\/resource\/images\/partners-1.jpg","checksum":"5a726221acf313a6827b5233c613378b"},{"path":"\/resource\/images\/xload1.gif","checksum":"2fee8d1b67bcd254bc151a0f0b565364"},{"path":"\/resource\/qcode\/demoer.png","checksum":"feb8def5d9976752391bda434c3a685a"},{"path":"\/resource\/qcode\/er.js","checksum":"0522d09c83e3bc9f75605ec0e94855d0"},{"path":"\/resource\/qcode\/logo.png","checksum":"8a2908de69514f75209f103a61bb1813"},{"path":"\/resource\/qt\/account.png","checksum":"604a320ccc4a90569f7c566b5e9fda17"},{"path":"\/resource\/qt\/account_a.png","checksum":"55b1cdfe69c7036fdaf129d2e66e6eba"},{"path":"\/resource\/qt\/home.png","checksum":"7e61225476457501d71a58b0f1543557"},{"path":"\/resource\/qt\/home_a.png","checksum":"66503c4f68e7e726f49a92afba1d752e"},{"path":"\/resource\/qt\/set.png","checksum":"88a80fb2acc4db86a4f86c59e06d02a5"},{"path":"\/resource\/qt\/set_a.png","checksum":"4cc419af62c51a9af6548427d4378718"},{"path":"\/resource\/sms\/endpoints.xml","checksum":"00ad8f0f9cf2dfb314c8b20743b32a00"},{"path":"\/resource\/WRYH.ttf","checksum":"18de07f35ff3a4d51099e1ba90de645f"},{"path":"\/template\/common\/basichead.html","checksum":"0a3bd635ac783780b6fe56dd7ab5bf64"},{"path":"\/template\/common\/editfoot.html","checksum":"342b68d44e0a72e700da5ea10e99af1b"},{"path":"\/template\/common\/edithead.html","checksum":"08fc4919d0500b6cf2b4b870b6c59c7c"},{"path":"\/template\/common\/listfoot.html","checksum":"6b54f8fe611777e7249f7b07007bd537"},{"path":"\/template\/common\/listhead.html","checksum":"00a0dc907707ccd014355e8d453c3601"},{"path":"\/template\/common\/menu.html","checksum":"4d127b5b9b79ff50c51e068ccb5399b8"},{"path":"\/template\/display.html","checksum":"a571c47115dcc8a2c327452d8a6330f2"},{"path":"\/template\/mobile_template\/index\/index.html","checksum":"edc7ed787aa5cd6be025bca754813d64"},{"path":"\/template\/mobile_template\/index.html","checksum":"e3048c5f84f2109862d2500eafa7978a"},{"path":"\/template\/mobile_template\/web\/index.html","checksum":"7aaef229d976e029ec40d1a86e0b761d"},{"path":"\/template\/mymanage\/active\/edit.html","checksum":"6a6179a734d947f79aeb8563548313d3"},{"path":"\/template\/mymanage\/active\/list.html","checksum":"b9b1e921733046c774965e8ecf79bd8f"},{"path":"\/template\/mymanage\/apply\/edit.html","checksum":"08f17c01847f6180b386de7be37c00f1"},{"path":"\/template\/mymanage\/apply\/list.html","checksum":"fbc7bd010034183af05a11e5fc6d2826"},{"path":"\/template\/mymanage\/apply2\/list.html","checksum":"ef4adc2ee280c986f26af241bdfd2e40"},{"path":"\/template\/mymanage\/apply_class\/edit.html","checksum":"d747957b669859b56cdb328f470e031a"},{"path":"\/template\/mymanage\/apply_class\/list.html","checksum":"0e4914d4ec6bc2ec00f438b73774a0e1"},{"path":"\/template\/mymanage\/article\/edit.html","checksum":"a775b478f6d4780fe17d43dfadbedb75"},{"path":"\/template\/mymanage\/article\/list.html","checksum":"a7bdf6d6338253f5e9474ec7d1929bfd"},{"path":"\/template\/mymanage\/banner\/article.html","checksum":"742cca09ce63e91889656fe2dc6723af"},{"path":"\/template\/mymanage\/banner\/edit.html","checksum":"866ccb4d758ac424ae60408f5808d164"},{"path":"\/template\/mymanage\/banner\/list.html","checksum":"c7db796528d1d66536ee1fb1ad098b44"},{"path":"\/template\/mymanage\/cf\/edit.html","checksum":"2d62d5b8981304ce08dcd355d27fd785"},{"path":"\/template\/mymanage\/cf\/list.html","checksum":"91b6fa99e87bb3b831404e61f80bc65f"},{"path":"\/template\/mymanage\/cf_order\/list.html","checksum":"1856b3e3f5a74616a0e0b9d943763830"},{"path":"\/template\/mymanage\/count\/service.html","checksum":"f7e75b821b43ef12b03234a6e14b00a8"},{"path":"\/template\/mymanage\/coupon\/edit.html","checksum":"15fd6830ca9b5af71c171761ce5b7d67"},{"path":"\/template\/mymanage\/coupon\/list.html","checksum":"bc703efeed2509c897a51cc540c097f9"},{"path":"\/template\/mymanage\/discuss\/list.html","checksum":"e2624499fb42db3cbd6acef0de5ce90d"},{"path":"\/template\/mymanage\/fen\/list.html","checksum":"198e531716d44d418401865a62d10eb6"},{"path":"\/template\/mymanage\/fen2\/list.html","checksum":"0f7fffc30727d4e1aceda7afe6330274"},{"path":"\/template\/mymanage\/land\/edit.html","checksum":"4a295c6d71362c969ef19b5edbf5b44b"},{"path":"\/template\/mymanage\/land\/list.html","checksum":"8de55d1031ff2517d16cbad87ff265eb"},{"path":"\/template\/mymanage\/land\/seed.html","checksum":"8d0b6dc8d5e57108d0b20a199f9d7e60"},{"path":"\/template\/mymanage\/live\/edit.html","checksum":"6244367d7d753e2a1bb38b4462b8211a"},{"path":"\/template\/mymanage\/live\/list.html","checksum":"bcfdb991f0b32561f1783879701f0742"},{"path":"\/template\/mymanage\/live\/live.html","checksum":"b6d19f13e1fc4f5acc68cf20ec87ff02"},{"path":"\/template\/mymanage\/live_class\/edit.html","checksum":"9f4756817261acf8939aae94e18d6304"},{"path":"\/template\/mymanage\/live_class\/list.html","checksum":"f10719c198774f8560b9d8282432b9af"},{"path":"\/template\/mymanage\/login\/index.html","checksum":"2ee396a7699ebf977d66525c41440d8d"},{"path":"\/template\/mymanage\/nav\/edit.html","checksum":"375d7c2d27b907583b8aa856d8210479"},{"path":"\/template\/mymanage\/nav\/list.html","checksum":"60e09a58e726bc818c9ce904e920eb2b"},{"path":"\/template\/mymanage\/news\/edit.html","checksum":"cb6e0412f9dea90c39c3f1b267ec9a4d"},{"path":"\/template\/mymanage\/news\/list.html","checksum":"d14d73b795f95d989d3f1a4bf82fd229"},{"path":"\/template\/mymanage\/online\/edit.html","checksum":"066bbe9e8dd98e86cf06b75f1ae51322"},{"path":"\/template\/mymanage\/online\/list.html","checksum":"6a229fc772503fad329ea23bcf0cf550"},{"path":"\/template\/mymanage\/order\/list.html","checksum":"0ed0e9e9960db14786ec4a1a6ba95aa2"},{"path":"\/template\/mymanage\/partner\/edit.html","checksum":"d832eaf6e00fd4f1e5b2488f18537f98"},{"path":"\/template\/mymanage\/partner\/list.html","checksum":"0e4914d4ec6bc2ec00f438b73774a0e1"},{"path":"\/template\/mymanage\/pin\/edit.html","checksum":"9bcfebb4234512d5c7f17c393978ee32"},{"path":"\/template\/mymanage\/pin\/list.html","checksum":"915c8bb419af615b37dd1f115341f14f"},{"path":"\/template\/mymanage\/pin_group\/edit.html","checksum":"261c1b6a81b1d839466490e3c9ece54a"},{"path":"\/template\/mymanage\/pin_group\/list.html","checksum":"6bc86cbc8ce5c5162f6fd1eedc63d753"},{"path":"\/template\/mymanage\/pin_order\/list.html","checksum":"f6d21e79693e318c8dd594404ac185f4"},{"path":"\/template\/mymanage\/plant_order\/list.html","checksum":"fa4b6c9c4ba2e6af2a9f2729df872bd3"},{"path":"\/template\/mymanage\/seed\/edit.html","checksum":"5beca3000bd3574616cbcbc7470dce16"},{"path":"\/template\/mymanage\/seed\/list.html","checksum":"d612c4d0b6dfbd4e119e549b5657f978"},{"path":"\/template\/mymanage\/service\/edit.html","checksum":"2f570ca86399390a727d898c9fdad64b"},{"path":"\/template\/mymanage\/service\/list.html","checksum":"eab58e809fcf9374778daa2b70ecd512"},{"path":"\/template\/mymanage\/service\/service.html","checksum":"1abe5b1d3365c825fa02772619660fa4"},{"path":"\/template\/mymanage\/service\/service2.html","checksum":"5cccbe7ca39f9ff453a2276776b1dfb5"},{"path":"\/template\/mymanage\/service\/service3.html","checksum":"563cefe68b8f8b40dfa3d6acd4bc981d"},{"path":"\/template\/mymanage\/service_class\/edit.html","checksum":"93830341e6817759e12ba7d64714fe17"},{"path":"\/template\/mymanage\/service_class\/list.html","checksum":"69f04e0707608364206fde91b3fd4be8"},{"path":"\/template\/mymanage\/sign\/list.html","checksum":"1c55111a06488392958a385785fe8e60"},{"path":"\/template\/mymanage\/topic\/edit.html","checksum":"d42fa4088fb7f6978ad9b9c57618bfd1"},{"path":"\/template\/mymanage\/topic\/list.html","checksum":"8253bb2c8ac6c573710628c38fbfae53"},{"path":"\/template\/mymanage\/trace\/code.html","checksum":"ecfb4bf449d4286137de224b466d35a5"},{"path":"\/template\/mymanage\/trace\/edit.html","checksum":"7779b240111f8a14584d6caebf32ad69"},{"path":"\/template\/mymanage\/trace\/list.html","checksum":"cf86d5c6cecfbadc8ee34c77cb90b592"},{"path":"\/template\/mymanage\/user\/list.html","checksum":"8be195e94ba92a697e1eed09bc494853"},{"path":"\/template\/mymanage\/webconfig\/ad.html","checksum":"5bcac31f6474efb3e6d5bfe3803cc2ba"},{"path":"\/template\/mymanage\/webconfig\/app.html","checksum":"582fc10cbd209c22b453553db26c0828"},{"path":"\/template\/mymanage\/webconfig\/closed.html","checksum":"5cf8aa7a13d971eb510cb12e6a173922"},{"path":"\/template\/mymanage\/webconfig\/company.html","checksum":"dbb40f191ee0361e08c04855d28bb111"},{"path":"\/template\/mymanage\/webconfig\/cube.html","checksum":"08d03dfe791c0e37f5726328978f33a0"},{"path":"\/template\/mymanage\/webconfig\/edit.html","checksum":"f9f60c4e080eb7fabd0f5ad415cb04b2"},{"path":"\/template\/mymanage\/webconfig\/fen.html","checksum":"4b2206116ab0519d96edd3c4456517b2"},{"path":"\/template\/mymanage\/webconfig\/moban.html","checksum":"3670afb322ef1b30df36db449ad5fb60"},{"path":"\/template\/mymanage\/webconfig\/nav.html","checksum":"6f2e5d19058703927485c68a38880ca9"},{"path":"\/template\/mymanage\/webconfig\/nav2.html","checksum":"8c81f19ca26a243328be0a6ece323f37"},{"path":"\/template\/mymanage\/webconfig\/online.html","checksum":"3a60b2b555ccf49c99fa63699d3988e7"},{"path":"\/template\/mymanage\/webconfig\/print.html","checksum":"e036f9e99e3598062c796d482ca09994"},{"path":"\/template\/mymanage\/webconfig\/review.html","checksum":"a6e460f27063f4ce42240565058002cc"},{"path":"\/template\/mymanage\/webconfig\/service_poster.html","checksum":"ca0a12981cb482b090a8892d42de1be2"},{"path":"\/template\/mymanage\/webconfig\/sms.html","checksum":"71a7c9d228f999416e32a4d58f218586"},{"path":"\/template\/mymanage\/webconfig\/store_poster.html","checksum":"aa4422faa2cc4fdf5170b7d413cb6b56"},{"path":"\/template\/mymanage\/webconfig\/theme.html","checksum":"865bd28dd90d3ab223b03adee76d1f5a"},{"path":"\/template\/mymanage\/webconfig\/yun.html","checksum":"4185cd1181be4db95d0c90f78af16beb"},{"path":"\/template\/mymanage\/webconfig\/yunconfig.html","checksum":"79b2a4575c1fbe2c097d6ec4c4d14421"},{"path":"\/template\/mymanage\/webhome\/index.html","checksum":"a181a44412cc9a588904ab0315078d88"},{"path":"\/template\/mymanage\/webnav\/edit.html","checksum":"e55f3c50a6ba407294cd25d3c20c7f80"},{"path":"\/template\/mymanage\/webnav\/list.html","checksum":"f10719c198774f8560b9d8282432b9af"},{"path":"\/template\/mymanage\/website\/edit.html","checksum":"6b814574f6e6d89b3e66f1e33fd6db41"},{"path":"\/template\/mymanage\/website\/list.html","checksum":"ad5137106a6a6f2869a5467c9ae00d57"},{"path":"\/template\/mymanage\/withdraw\/list.html","checksum":"a7a1a90217d19b446a84429f52b101ae"},{"path":"\/template\/mymanage\/yun_class\/edit.html","checksum":"9f4756817261acf8939aae94e18d6304"},{"path":"\/template\/mymanage\/yun_class\/list.html","checksum":"b1647cb63c04c8180f8d322369549734"},{"path":"\/template\/mymanage\/yun_market\/company.html","checksum":"9f3f6390e2bd7c7b30732dedcf4cf0c8"},{"path":"\/template\/mymanage\/yun_market\/company_class.html","checksum":"c43fdb6c0e686694baf0dbe8f8e09491"},{"path":"\/template\/mymanage\/yun_market\/company_info.html","checksum":"10f94b37298fd4dd465b6fa88902f777"},{"path":"\/template\/mymanage\/yun_market\/company_service.html","checksum":"128b68d996efbbf1f24c23fb76171376"},{"path":"\/template\/mymanage\/yun_market\/detail.html","checksum":"c2d6f67ff40c393e00cf5248e1775ca9"},{"path":"\/template\/mymanage\/yun_market\/index.html","checksum":"164abc6b9511e50492ab2336715f5a50"},{"path":"\/template\/mymanage\/yun_market\/user_company.html","checksum":"a6e50526c7a64d3ccfb950e6a4946d79"},{"path":"\/template\/mymanage\/yun_market\/user_service.html","checksum":"9829fa252e783dcfcd9ac92762d8d0b5"},{"path":"\/template\/mymanage\/yun_member_service\/edit.html","checksum":"3d451373bed6552b90f4739d27372257"},{"path":"\/template\/mymanage\/yun_member_service\/list.html","checksum":"cd869955418dcb8b66d3c1d4a330492e"},{"path":"\/template\/mymanage\/yun_service\/edit.html","checksum":"b1d6ef9684aaa99325f15d458fb097f3"},{"path":"\/template\/mymanage\/yun_service\/list.html","checksum":"e2669a997a0d390dbf0548d66a50b434"},{"path":"\/template\/mymanage\/yun_user\/edit.html","checksum":"ebd650a5013c315ad7b4b355f267f19e"},{"path":"\/template\/mymanage\/yun_user\/list.html","checksum":"b9ffca41642a6f86157c75fed4122fa4"},{"path":"\/template\/setting.html","checksum":"c1718438aa48404172819915fb3b12cc"},{"path":"\/them\/bootstrap\/bootstrap.min.css","checksum":"7184d3edc008c1890deb0a71e4348267"},{"path":"\/them\/bootstrap\/bootstrap.min.js","checksum":"920150b18faa9375b59ad3dbaa272360"},{"path":"\/them\/bootstrap-table\/bootstrap-table-zh-CN.min.js","checksum":"ca67d846daa732f9487428279affaa8d"},{"path":"\/them\/bootstrap-table\/bootstrap-table.min.css","checksum":"43fe7881a40599f157a8fbadc3bf25ac"},{"path":"\/them\/bootstrap-table\/bootstrap-table.min.js","checksum":"2541acc8e6c673c97d7a427f6336ae31"},{"path":"\/them\/css\/custom.css","checksum":"ae4ad02052fb05e7c169e151055cdc14"},{"path":"\/them\/css\/custom.min.css","checksum":"907297d143abc6045cbf1d5c6043a568"},{"path":"\/them\/css\/poster.css","checksum":"703462235e705a3127f282d4460ba98c"},{"path":"\/them\/css\/style.css","checksum":"2a76427a50cd3c56362da64234d81c19"},{"path":"\/them\/css\/yun.css","checksum":"8db9ec78561a2d961e25db31df7298ca"},{"path":"\/them\/font-awesome\/font-awesome.min.css","checksum":"899bda4466d284aceb8e0740329348d5"},{"path":"\/them\/font-awesome\/fonts\/fontawesome-webfont.eot","checksum":"f7c2b4b747b1a225eb8dee034134a1b0"},{"path":"\/them\/font-awesome\/fonts\/fontawesome-webfont.svg","checksum":"2980083682e94d33a66eef2e7d612519"},{"path":"\/them\/font-awesome\/fonts\/fontawesome-webfont.ttf","checksum":"706450d7bba6374ca02fe167d86685cb"},{"path":"\/them\/font-awesome\/fonts\/fontawesome-webfont.woff","checksum":"d9ee23d59d0e0e727b51368b458a0bff"},{"path":"\/them\/font-awesome\/fonts\/fontawesome-webfont.woff2","checksum":"97493d3f11c0a3bd5cbd959f5d19b699"},{"path":"\/them\/font-awesome\/fonts\/FontAwesome.otf","checksum":"0b462f5cc07779cab3bef252c0271f2b"},{"path":"\/them\/images\/back_disabled.png","checksum":"574c1fdbe98e07b336aeee94514cba7f"},{"path":"\/them\/images\/back_enabled.png","checksum":"2998e23d43af7c7857149b0e725ccad6"},{"path":"\/them\/images\/back_enabled_hover.png","checksum":"9d29134dd5e1c2192916ef9104dd877e"},{"path":"\/them\/images\/forward_disabled.png","checksum":"72ead25432b5a84031b8333aa5fbf259"},{"path":"\/them\/images\/forward_enabled.png","checksum":"a8c664b8219ffde978db3d8308713975"},{"path":"\/them\/images\/forward_enabled_hover.png","checksum":"9be5f327f16bcad317c8ad0ae92635d8"},{"path":"\/them\/images\/loading.gif","checksum":"d0c07738ec6d3a2e304c9d91224cc0a3"},{"path":"\/them\/js\/.jshintrc","checksum":"229045ea1777aed1a6f14ebe5225166d"},{"path":"\/them\/js\/custom.js","checksum":"c3f8e75d76492e1d339bd6501250f26a"},{"path":"\/them\/js\/custom.min.js","checksum":"1990db466abb5bf89498747dc8c2be3e"},{"path":"\/them\/js\/fastclick.min.js","checksum":"c7a74ff94dd9b01f0b40fbddc0220b93"},{"path":"\/them\/js\/jquery-ui.min.js","checksum":"e8c0e7e7d0b849c1fbd62cd9a3cb2efa"},{"path":"\/them\/js\/jquery.min.js","checksum":"f44180198bd204d9e1d0ba8000a04df3"},{"path":"\/them\/js\/jquery.zeroclipboard.js","checksum":"2fa1be2c5aaa27299d986823bbc926c4"},{"path":"\/them\/js\/validate.min.js","checksum":"1c98a3ba12b34b2d9f17b122022b3a0e"},{"path":"\/them\/js\/ZeroClipboard.swf","checksum":"8b5c117b88fe37e32fd34a70fdf60026"},{"path":"\/them\/js\/zresize.js","checksum":"33ba4922170e28401b8dc670e0998d09"},{"path":"\/them\/mobile\/css\/reset.css","checksum":"e146d6e85a836e6ff8d7817bbd41c508"},{"path":"\/them\/mobile\/css\/style.css","checksum":"b506e745beee6182a9ddaad8692f8f4e"},{"path":"\/them\/mobile\/uploadfile\/images\/20180903085806.jpg","checksum":"a9eeaeb1be7bb3eb1bf8b1a6974ced17"},{"path":"\/them\/mobile\/uploadfile\/images\/Banner-d.jpg","checksum":"040982499390bf2c2d9fe29a9248e529"},{"path":"\/them\/mobile\/uploadfile\/images\/baseqr.png","checksum":"1095271c0e643b42f4a9a38814c08bd6"},{"path":"\/them\/mobile\/uploadfile\/images\/IMG_8799ps.jpg","checksum":"703b58c83cfab6885563e0b1d281bb42"},{"path":"\/them\/mobile\/uploadfile\/images\/index_img01.jpg","checksum":"592f2890fe882d98329330c21e515469"},{"path":"\/them\/mobile\/uploadfile\/images\/index_img02.jpg","checksum":"0bf17eb58e7ffc9a682f36ccb7c3294a"},{"path":"\/them\/mobile\/uploadfile\/images\/index_img03.jpg","checksum":"d16e1242709dd22f92a4be0444425377"},{"path":"\/them\/mobile\/uploadfile\/images\/index_img04.jpg","checksum":"22d8170aac0c969d9acb833321799c13"},{"path":"\/them\/mobile\/uploadfile\/images\/index_img05.jpg","checksum":"f5484579dfafa729fe309ce40165d2bd"},{"path":"\/them\/mobile\/uploadfile\/images\/index_img06.jpg","checksum":"dd4d2a3e176f2a65df3405c8796145e1"},{"path":"\/them\/mobile\/uploadfile\/images\/index_img07.jpg","checksum":"abd87099fc643e3f861e14bd75084199"},{"path":"\/them\/mobile\/uploadfile\/images\/index_img08.jpg","checksum":"9753fdebfb7f562076a54dc4dda71968"},{"path":"\/them\/mobile\/uploadfile\/images\/mmexport1536043817298.jpg","checksum":"dd1b5b7b53c0a0ddf132b0cc6e001d3a"},{"path":"\/them\/mobile\/uploadfile\/images\/mmexport1536043830297.jpg","checksum":"ea2a746f6003e39d56fdab58958fb758"},{"path":"\/them\/mobile\/uploadfile\/images\/show_img01.jpg","checksum":"b15c08bc04c86fbc68aa9e1fb875f916"},{"path":"\/them\/mobile\/uploadfile\/images\/show_img02.jpg","checksum":"4596766012376addc39848406a8c1ec1"},{"path":"\/them\/mobile\/uploadfile\/images\/show_img03.jpg","checksum":"33acdd5dba965c117162fed0caeb88d4"},{"path":"\/them\/mobile\/uploadfile\/images\/show_img04.jpg","checksum":"ef479b83e595b6d64bd600f64c176962"},{"path":"\/them\/mobile\/uploadfile\/images\/video.jpg","checksum":"1da2b3e9bb37b512dfbc134a9887dee2"},{"path":"\/them\/nprogress\/nprogress.min.css","checksum":"b56eecc7424d9754f2848d5df85fda0b"},{"path":"\/them\/nprogress\/nprogress.min.js","checksum":"3ebe57444473610be7a9f51e422a9542"},{"path":"\/them\/select2\/select2-bootstrap.min.css","checksum":"7955193acf51593456edd85d7941618e"},{"path":"\/them\/select2\/select2.min.css","checksum":"0dc49e61cf583c65330f9142d3d82dc5"},{"path":"\/them\/select2\/select2.min.js","checksum":"16165681d1b785337e3d1ddf358f0da5"},{"path":"\/them\/select2\/zh-CN.js","checksum":"6405d2d384a422ab560611ba09db1d40"},{"path":"\/them\/sweetalert2\/sweetalert2.min.css","checksum":"efe8b367650896225a019bb0ea417b4e"},{"path":"\/them\/sweetalert2\/sweetalert2.min.js","checksum":"f6724c347a8ab44dbd42688711856083"},{"path":"\/them\/switchery\/switchery.min.css","checksum":"3d5c5f2d195cad6c3658bec52095df6b"},{"path":"\/them\/switchery\/switchery.min.js","checksum":"e3ac21065f1329f5079b34bc5ffd381b"},{"path":"\/them\/toast\/toast.min.css","checksum":"be8a6c1b1899c2ce48fdfb2d46784d30"},{"path":"\/them\/toast\/toast.min.js","checksum":"dce795e37cd3369cf5b9aba407be6c6e"},{"path":"\/common\/function.php","checksum":"7be035156d96e8af6aaa840b49c96061"},{"path":"\/common\/notify.php","checksum":"5d5960e2817917cb4ec25c069ea0a172"},{"path":"\/common\/site\/function.php","checksum":"80cb9cbbc92d0bd12ece3ee285254339"},{"path":"\/common\/wxapp\/function.php","checksum":"0a218521e7e8cd7fd62dff42c633f0cf"},{"path":"\/core\/wxapp\/config_xc.class.php","checksum":"3feb94e0e63426b970a24b65581d23e8"},{"path":"\/core\/wxapp\/member_xc.class.php","checksum":"dce9c4ac4e9865629a206f24415f07e3"},{"path":"\/core\/wxapp\/sys_xc.class.php","checksum":"ddeaaa5798e9b9e241d42b287ae1bfef"},{"path":"\/inc\/mobile\/index.inc.php","checksum":"ca077ed7f0591d7fc117121e15d2d9c3"},{"path":"\/inc\/mobile\/online.inc.php","checksum":"99078aaa6358d769f5c99f8fdc10c0c6"},{"path":"\/inc\/mobile\/sysasyn.inc.php","checksum":"9f678513ea7f0a89e3468f4473ebd0dc"},{"path":"\/inc\/mobile\/web.inc.php","checksum":"d07049840def0702fc8c650770e7bdaa"},{"path":"\/inc\/web\/active.inc.php","checksum":"7517ccf06e698b18e0c570b7d79df476"},{"path":"\/inc\/web\/apply.inc.php","checksum":"85115d7932c9ca88e5aa1796dfe9601e"},{"path":"\/inc\/web\/apply2.inc.php","checksum":"ac0fc5630b0e330cb0c730d6ce6e0999"},{"path":"\/inc\/web\/apply_class.inc.php","checksum":"507ee1e41ec93118c6f4377f93e9865a"},{"path":"\/inc\/web\/article.inc.php","checksum":"83e756b1b82966e646be5a6a0893e5c4"},{"path":"\/inc\/web\/banner.inc.php","checksum":"b45b71e2131e3f9637c3e1a00e079ab5"},{"path":"\/inc\/web\/cf.inc.php","checksum":"ab3a7b8ebbb6742f8507fd8906dcbd18"},{"path":"\/inc\/web\/cf_order.inc.php","checksum":"e3415931185b2498b5c7e93e1800d8e4"},{"path":"\/inc\/web\/count.inc.php","checksum":"338495a483774b887beb685a7ee4bb5a"},{"path":"\/inc\/web\/coupon.inc.php","checksum":"7d628d6e90f31c067790597c09f246b6"},{"path":"\/inc\/web\/discuss.inc.php","checksum":"44325bbd62b5f9d1d653cacbeea9b981"},{"path":"\/inc\/web\/fen.inc.php","checksum":"c69dfc9b5d372e979de2b794b9b560ed"},{"path":"\/inc\/web\/fen2.inc.php","checksum":"f09c7dbb28abd0f17c502028cf2e160f"},{"path":"\/inc\/web\/land.inc.php","checksum":"64eb488cfb21711d77617ec48e50ceee"},{"path":"\/inc\/web\/live.inc.php","checksum":"7cbab255f4aedbc8d67667f5a846dde0"},{"path":"\/inc\/web\/live_class.inc.php","checksum":"6942591facdb3e2366e04d9dc4c4026a"},{"path":"\/inc\/web\/login.inc.php","checksum":"1a75acf101005c286be1c97d63113057"},{"path":"\/inc\/web\/nav.inc.php","checksum":"db54b3498935a793eda026a873ec996b"},{"path":"\/inc\/web\/news.inc.php","checksum":"1a71e352d5d9e9df9c95de85315a85c9"},{"path":"\/inc\/web\/online.inc.php","checksum":"58bff693e13aeb9df2a5ee51c746ce0d"},{"path":"\/inc\/web\/order.inc.php","checksum":"fb0c42c8849eb757c21468935e502c8e"},{"path":"\/inc\/web\/partner.inc.php","checksum":"abc1fa89c19f773440533869252fe689"},{"path":"\/inc\/web\/pin.inc.php","checksum":"e935b67150b540d5c104ef6a5016781a"},{"path":"\/inc\/web\/pin_group.inc.php","checksum":"7241583d2af0bf45b148a67c97d8f2c6"},{"path":"\/inc\/web\/pin_order.inc.php","checksum":"19e85e2ae19e37c4ce15b41421da2c4b"},{"path":"\/inc\/web\/plant_order.inc.php","checksum":"789271dd1aefdb3d0ff725c6d066815b"},{"path":"\/inc\/web\/seed.inc.php","checksum":"d01560622a575d7626b7cf8ddeb8e918"},{"path":"\/inc\/web\/service.inc.php","checksum":"926cca5b016f9842d301fc00c399149d"},{"path":"\/inc\/web\/service_class.inc.php","checksum":"acd21465313b5d4d54491857405a5fcb"},{"path":"\/inc\/web\/sign.inc.php","checksum":"d0f8b64904914db23a060421423d6ce7"},{"path":"\/inc\/web\/topic.inc.php","checksum":"45c3a3a614ac14f102b60e8442cb0c55"},{"path":"\/inc\/web\/trace.inc.php","checksum":"eb288a94424053e1d1d6e34bbf558bf0"},{"path":"\/inc\/web\/upsql.inc.php","checksum":"9f3c1eb7955f4c921f38fb2f87f2fb49"},{"path":"\/inc\/web\/user.inc.php","checksum":"e8d43c95c6beb59ab80c3fc202f57ee5"},{"path":"\/inc\/web\/webconfig.inc.php","checksum":"cd3bad84ad9a231f14ac2abbad2f643e"},{"path":"\/inc\/web\/webhome.inc.php","checksum":"2417df245e848f748c2995b4808d8474"},{"path":"\/inc\/web\/webnav.inc.php","checksum":"61578386468c243290ddfc2f3c6fdb1e"},{"path":"\/inc\/web\/website.inc.php","checksum":"0ab1d16517e7ba9b391374257923e466"},{"path":"\/inc\/web\/withdraw.inc.php","checksum":"69d54dd8d80a49ac59e0a333b0d04d43"},{"path":"\/inc\/web\/yun_class.inc.php","checksum":"6fc27457ade1ea7bec6467fc06949af2"},{"path":"\/inc\/web\/yun_market.inc.php","checksum":"da33b08ae9694f9120cf00f52bcfe960"},{"path":"\/inc\/web\/yun_member_service.inc.php","checksum":"2b8227877edb6fd2631f256001fe6c8d"},{"path":"\/inc\/web\/yun_service.inc.php","checksum":"affa87b251ecdd07881ed5ee3e1d7fee"},{"path":"\/inc\/web\/yun_user.inc.php","checksum":"076a21e6c24e8b3dd0034e1298a15a3c"},{"path":"\/inc\/wxapp\/devtools\/index.inc.php","checksum":"cb35295baf5fb13be56271aafbd0a98d"},{"path":"\/inc\/wxapp\/devtools\/manage.inc.php","checksum":"b0f33ce43d13a410789df7af4bf414cf"},{"path":"\/inc\/wxapp\/devtools\/order.inc.php","checksum":"01d5489bac0e26329d02d61a2a5c0dd8"},{"path":"\/inc\/wxapp\/devtools\/service.inc.php","checksum":"5a51623632fd65c2b12fbdf755c61d6a"},{"path":"\/inc\/wxapp\/devtools\/user.inc.php","checksum":"5a0af2aaa29774ebd03c7a781f1bf51b"},{"path":"\/module.php","checksum":"3f4a6b71c50cbb9eea72c0dbbf034422"},{"path":"\/resource\/HttpClient.class.php","checksum":"67d9a7576243aefb120e0252192786b6"},{"path":"\/resource\/sms\/sendSms.php","checksum":"faa2467f2120d257ebe3007836f21787"},{"path":"\/resource\/sms\/SignatureHelper.php","checksum":"8e269136c040305a1b38d1eec5a0a0f8"},{"path":"\/resource\/sms\/sms.php","checksum":"2a55fcadc8504dccd6273eca287e5e5a"},{"path":"\/site.php","checksum":"a83d90111a33f868903f2e6962c78548"},{"path":"\/wxapp.php","checksum":"45497b700499d3128ec70d8fc044798c"}]