<?xml version="1.0" encoding="utf-8"?>
<manifest xmlns="http://www.we7.cc" versionCode="0.6">
	<application setting="true">
		<name><![CDATA[新-微信淘宝客]]></name>
		<identifie><![CDATA[tiger_newhu]]></identifie>
		<version><![CDATA[5.93.22]]></version>
		<type><![CDATA[activity]]></type>
		<ability><![CDATA[新-微信淘宝客]]></ability>
		<description><![CDATA[新-微信淘宝客]]></description>
		<author><![CDATA[老虎]]></author>
		<url><![CDATA[http://bbs.we7.cc/]]></url>
	</application>
	<platform>
		<subscribes>
			<message type="subscribe" />
			<message type="unsubscribe" />
		</subscribes>
		<handles>
			<message type="image" />
			<message type="voice" />
			<message type="video" />
			<message type="shortvideo" />
			<message type="location" />
			<message type="link" />
			<message type="subscribe" />
			<message type="qr" />
			<message type="trace" />
			<message type="click" />
			<message type="merchant_order" />
			<message type="text" />
		</handles>
		<rule embed="true" />
		<card embed="false" />
		<supports>
		   <item type="app"/>
		</supports>
	</platform>
	<bindings>
		<cover>
		    <entry title="直播入口" do="live" state="" direct="false" />
			<entry title="积分排行榜" do="Ranking" state="" direct="false" />
			<entry title="我的积分" do="Records" state="" direct="false" />
			<entry title="积分商城" do="Goods" state="" direct="false" />
			<entry title="兑吧积分商城" do="Duibagoods" state="" direct="false" />
			<entry title="淘客商城" do="index" state="" direct="false" />
			<entry title="会员中心" do="member" state="" direct="false" />
			<entry title="晒单广场" do="sdindex" state="" direct="false" />	
		</cover>
		<menu>
		    <entry title="后台入口" do="index" state="" direct="false" />
		</menu>
	</bindings>
	<install><![CDATA[
	CREATE TABLE IF NOT EXISTS `ims_tiger_newhu_set` (
	  `id` int(11) NOT NULL AUTO_INCREMENT,
	  `weid` int(11) DEFAULT '0',
	  `hbsum` int(1) DEFAULT NULL COMMENT  '红包总金额',
	  `hbtext` varchar(200) DEFAULT NULL COMMENT  '红包兑换结束提示',
		
	  PRIMARY KEY (`id`),
	  KEY `idx_weid` (`weid`)
	) ENGINE=MyISAM  DEFAULT CHARSET=utf8 AUTO_INCREMENT=1 ;

	 CREATE TABLE IF NOT EXISTS `ims_tiger_newhu_poster` (
		   `id` int(11) NOT NULL AUTO_INCREMENT,
		   `weid` int(11) DEFAULT NULL,
		   `title` varchar(100) DEFAULT NULL,
		   `type` int(1) DEFAULT NULL,
		   `data` text DEFAULT NULL,
		   `createtime` varchar(12) DEFAULT NULL,
		   `bg` varchar(200) DEFAULT NULL,
		   `tzurl` varchar(250) DEFAULT NULL,
		   `city` varchar(200) DEFAULT NULL,
		   `doneurl` varchar(200) DEFAULT NULL,
		   `tipsurl` varchar(200) DEFAULT NULL,
		   `score` int(11) DEFAULT '0',
		   `score2` int(11) DEFAULT '0',
		   `cscore` int(11) DEFAULT '0',
		   `cscore2` int(11) DEFAULT '0',
		   `pscore` int(11) DEFAULT '0',
		   `pscore2` int(11) DEFAULT '0',
		   `scorehb` float(11) DEFAULT '0',
		   `cscorehb` float(11) DEFAULT '0',
		   `pscorehb` float(11) DEFAULT '0',
		   `mbfont` varchar(50) DEFAULT NULL,
		   `gid` int(11) DEFAULT '0',
		   `kdtype` tinyint(1) NOT NULL DEFAULT '0',
		   `kword` varchar(20) DEFAULT NULL,
		   `mtips` varchar(200) DEFAULT NULL,
		   `sliders` text,
		   `slideH` int(11) DEFAULT '0',		   
		   `credit` int(1) DEFAULT '0',
		   `winfo1` varchar(200) DEFAULT NULL,
		   `winfo2` varchar(200) DEFAULT NULL,
		   `winfo3` varchar(200) DEFAULT NULL,
		   `sharekg` int(11) DEFAULT '0',
		   `sharetitle` varchar(200) DEFAULT NULL,
		   `sharegzurl` varchar(200) DEFAULT NULL,
		   `sharedesc` varchar(200) DEFAULT NULL,
		   `sharethumb` varchar(200) DEFAULT NULL,
		   `stitle` text,
		   `sthumb` text,
		   `sdesc` text,
		   `surl` text,
		   `questions` text,
		    `rid` int(11) DEFAULT '0',
		    `rtype` int(1) DEFAULT '0',
		    `ftips` text,
		    `utips` text,
		    `utips2` text,
		    `wtips` text,
		    `starttime` varchar(12) DEFAULT NULL,
		    `endtime` varchar(12) DEFAULT NULL,
			`mbstyle` varchar(50) DEFAULT NULL,
			`mbcolor` varchar(50) DEFAULT NULL,
		    `nostarttips` text,
		    `endtips` text,
		    `grouptips` text,
			`tztype` tinyint(1) NOT NULL DEFAULT '0',
		    `groups` text,
		    `rscore` int(11) DEFAULT '0',
		    `rtips` text,
		   PRIMARY KEY (`id`)
	 ) ENGINE=MyISAM DEFAULT CHARSET=utf8;
	 
	 CREATE TABLE IF NOT EXISTS `ims_tiger_newhu_share` (
		   `id` int(11) NOT NULL AUTO_INCREMENT,
		   `weid` int(11) DEFAULT 0,
			 `tztype` int(11) DEFAULT 0 COMMENT '1为团长',
			 `tzpaytime` varchar(50) COMMENT '团长支付时间',
			 `tztime` varchar(50) COMMENT '团长申请时间',
			 `tzendtime` varchar(50) COMMENT '团长到期时间',
		   `openid` varchar(50) DEFAULT 0,
		   `tel` varchar(15) DEFAULT NULL,
		   `type` varchar(15) DEFAULT 0,
		   `credit1` decimal(10,2) unsigned NOT NULL COMMENT '积分',
 		   `credit2` decimal(10,2) unsigned NOT NULL COMMENT '余额',
		   `cqtype` varchar(10) NOT NULL COMMENT '0 不能查询  1 能查询',
		   `dltype` varchar(10) NOT NULL COMMENT '0 不是代理  1 是代理',
		   `dlsh` varchar(10) NOT NULL COMMENT '0 审核中 1通过',
		   `dlbl` varchar(110) NOT NULL COMMENT '代理佣金比例-一级自购',
		   `dlbl2` varchar(110) NOT NULL COMMENT '代理佣金比例-二级自购',
		   `dlbl3` varchar(110) NOT NULL COMMENT '代理佣金比例-三级自购',
		   `tgwid` varchar(250) NOT NULL COMMENT '渠道推广位ID',
		   `dlqqpid` varchar(110) NOT NULL COMMENT '代理鹊桥PID',
		   `dlptpid` varchar(110) NOT NULL COMMENT '代理普通',
		   `pddpid` varchar(110) NOT NULL COMMENT '拼多多PID',
		   `jdpid` varchar(110) NOT NULL COMMENT '京东PID',
		   `apppid` varchar(110) NOT NULL COMMENT 'APP PID',
		   `apptgw` varchar(110) NOT NULL COMMENT 'APP 推广位',
		   `dlmsg` varchar(250) NOT NULL COMMENT '代理申请理由',
		   `zfbuid` varchar(250) NOT NULL COMMENT '支付宝帐号',
		   `tname` varchar(50) NOT NULL COMMENT '姓名',
		   `qunname` varchar(100) NOT NULL COMMENT '群名称',
           
		   `pclogo` varchar(250) NOT NULL COMMENT 'PCLOGO',
		   `pctitle` varchar(250) NOT NULL COMMENT 'PC网站标题',
		   `pckeywords` varchar(250) NOT NULL COMMENT 'PC网站关键词',
		   `pcdescription` varchar(250) NOT NULL COMMENT 'PC网站描述',
		   `pcsearchkey` varchar(250) NOT NULL COMMENT 'PC网站搜索框下面关键词',
		   `pcewm1` varchar(250) NOT NULL COMMENT 'PC二维码1',
		   `pcewm2` varchar(250) NOT NULL COMMENT 'PC二维码2',
		   `pcbottom1` varchar(250) NOT NULL COMMENT 'PC网站底部1',
		   `pcbottom2` varchar(250) NOT NULL COMMENT 'PC网站底部2',
		   `pcuser` varchar(250) NOT NULL COMMENT '登录帐号',
		   `pcpasswords` varchar(250) NOT NULL COMMENT '登录密码',
		   `pcurl` varchar(250) NOT NULL COMMENT '代理独立域名',
		   `lytype` int(3) DEFAULT '0' COMMENT '0 公众号 1APP',
		   `dytype` int(3) DEFAULT '0' COMMENT '0已经订阅  1取消订阅',
		   
		   `qdid` int(10) DEFAULT '0' COMMENT '渠道关系ID',
		   `hyid` int(10) DEFAULT '0' COMMENT '会员运营ID',
		   `qdname` varchar(50) DEFAULT '0' COMMENT '渠道名称',
	
		   `weixin` varchar(100) DEFAULT NULL,
		   `from_user` varchar(100) NOT NULL,
		   `xcxopenid` varchar(100) NOT NULL,
		   `pcopenid` varchar(100) NOT NULL,
		   `appopenid` varchar(100) NOT NULL,
		   `unionid` varchar(100) NOT NULL,
		   `jqfrom_user` varchar(100) NOT NULL,
		   `nickname` varchar(50) DEFAULT 0,
		   `avatar` varchar(200) DEFAULT NULL,
		   
		   `tbnickname` varchar(50) DEFAULT 0,
		   `tbavatar` varchar(500) DEFAULT NULL,
		   `tbopenid` varchar(100) NOT NULL,
		   `tbunionid` varchar(100) NOT NULL,		   
		   `score` int(11) DEFAULT '0',
		   `cscore` int(11) DEFAULT '0',
		   `pscore` int(11) DEFAULT '0',
		   `pid` int(11) DEFAULT 0,
		   `sceneid` int(11) DEFAULT 0,
		   `ticketid` varchar(200) DEFAULT NULL,
		   `url` varchar(200) DEFAULT NULL,
		   `parentid` int(11) DEFAULT 0,
		   `helpid` int(11) DEFAULT 0,	
		   `follow` tinyint(1) NOT NULL DEFAULT '0',
		   `status` int(1) DEFAULT 0,
		   `hasdel` int(1) DEFAULT 0,
		   `createtime` varchar(50),
		   `updatetime` varchar(50) DEFAULT '0',
		   `province` varchar(50),
		   `city` varchar(50),
		   `tbsbuid6` varchar(10),
		   `yaoqingma` varchar(10),		
			 `tbkpidtype` int(11)  DEFAULT '0' COMMENT '1已经绑定tbuid 0未绑定',
			 `tbuid` varchar(20) DEFAULT '0',	
		   PRIMARY KEY (`id`),
		   KEY `helpid` (`helpid`),
		   KEY `weid` (`weid`),
		   KEY `dltype` (`dltype`),
		   KEY `tgwid` (`tgwid`),
		   KEY `pcuser` (`pcuser`),
		   KEY `from_user` (`from_user`),
		   KEY `unionid` (`unionid`),
		   KEY `tbunionid` (`tbunionid`),
		   UNIQUE KEY `weid_fromuser` (`weid`,`from_user`),
		   KEY `pid` (`pid`)
	 ) ENGINE=MyISAM DEFAULT CHARSET=utf8;
	 
	 CREATE TABLE IF NOT EXISTS `ims_tiger_newhu_record` (
		   `id` int(11) NOT NULL AUTO_INCREMENT,
		   `weid` int(11) DEFAULT NULL,
		   `pid` int(11) DEFAULT NULL,
		   `openid` varchar(200) DEFAULT NULL,
		   `score` int(11) DEFAULT '0',
		   `surplus` int(11) DEFAULT '0',
		   `createtime` varchar(20) DEFAULT NULL,
		   PRIMARY KEY (`id`)
	 ) ENGINE=MyISAM DEFAULT CHARSET=utf8;

CREATE TABLE IF NOT EXISTS `ims_tiger_newhu_request` (
  `id` int(10) unsigned NOT NULL AUTO_INCREMENT,
  `weid` int(10) unsigned NOT NULL,
  `uid` int(11) NOT NULL DEFAULT '0',
  `from_user_realname` varchar(50) NOT NULL,
  `from_user` varchar(50) NOT NULL,
  `openid` varchar(50) NOT NULL,
  `image` varchar(300) DEFAULT 0,
  `realname` varchar(200) NOT NULL,
  `mobile` varchar(200) NOT NULL,
  `residedist` varchar(200) NOT NULL,
  `alipay` varchar(200) NOT NULL,
  `note` varchar(200) NOT NULL,
  `tborder` varchar(200) NOT NULL,
  `goods_id` int(10) unsigned NOT NULL,
  `createtime` int(10) unsigned NOT NULL DEFAULT '0',
  `cost` Decimal(10,2) NOT NULL DEFAULT '0',
  `price` Decimal(10,2) NOT NULL DEFAULT '0',
  `fxprice` Decimal(10,2) NOT NULL DEFAULT '0',
  `status` varchar(20) NOT NULL,
  `type` int(5) DEFAULT '0',
  `kuaidi` varchar(200) NOT NULL,
  PRIMARY KEY (`id`)
) ENGINE=MyISAM  DEFAULT CHARSET=utf8 AUTO_INCREMENT = 1;

CREATE TABLE IF NOT EXISTS `ims_tiger_newhu_goods` (
  `goods_id` int(10) unsigned NOT NULL AUTO_INCREMENT,
  `weid` int(10) unsigned NOT NULL,
  `px` int(10) NOT NULL DEFAULT '0',
	`ordrsum` int(5) NOT NULL DEFAULT '0',
	`ordermsg` varchar(200) NOT NULL,
  `shtype` int(2) NOT NULL DEFAULT '0',
  `title` varchar(50) NOT NULL,
  `hot` varchar(50) NOT NULL,
  `hotcolor` varchar(50) NOT NULL,
  `leibei` varchar(10) NOT NULL,
  `logo` varchar(255) NOT NULL,
  `appurl` varchar(300) DEFAULT 0,
  `amount` int(11) NOT NULL DEFAULT '0',
  `day_sum` int(11) NOT NULL DEFAULT '0',
  `cardid` varchar(200) NOT NULL,
  `taokouling` varchar(200) NOT NULL,
  `deadline` datetime NOT NULL,
  `per_user_limit` int(11) NOT NULL DEFAULT 0,
  `starttime` varchar(12) DEFAULT NULL,
  `endtime` varchar(12) DEFAULT NULL,
  `cost` int(11) NOT NULL DEFAULT '0',
  `cost_type` int(11) NOT NULL DEFAULT 1 COMMENT '1系统积分 2会员积分 4,8等留作扩展',
  `price` decimal(10,2) NOT NULL DEFAULT '0.1' COMMENT '商品价格',
  `fxprice` decimal(10,2) NOT NULL DEFAULT '0' COMMENT '返现',
  `vip_require` int(10) NOT NULL DEFAULT '0' COMMENT '兑换最低VIP级别',
  `content` text NOT NULL,
  `type` int(11) NOT NULL DEFAULT 0 COMMENT  '是否需要填写收货地址,1,实物需要填写地址,0虚拟物品不需要填写地址',
  `dj_link` varchar(255) NOT NULL,
  `wl_link` varchar(255) NOT NULL,
  `createtime` int(10) NOT NULL,
  PRIMARY KEY (`goods_id`)
) ENGINE=MyISAM  DEFAULT CHARSET=utf8 AUTO_INCREMENT=1;


CREATE TABLE IF NOT EXISTS `ims_tiger_newhu_tbgoods` (
  `id` int(10) unsigned NOT NULL AUTO_INCREMENT,
  `weid` int(10) unsigned NOT NULL,
  `px` int(10) NOT NULL DEFAULT '0',
  `zy` int(10) NOT NULL DEFAULT '0' COMMENT '1 大淘客  2互力 3鹊桥库',
  `tj` int(10) NOT NULL DEFAULT '0' COMMENT '秒杀 1  人气2',
  `zt` int(10) NOT NULL DEFAULT '0' COMMENT '专题',
  `zd` int(10) NOT NULL DEFAULT '0' COMMENT '0不置顶  1置顶',
  `qf` int(10) NOT NULL DEFAULT '0' COMMENT '0不群发  1群发库',
  `type` int(2) NOT NULL DEFAULT '0' COMMENT '分类',
  `lxtype` int(2) NOT NULL DEFAULT '0' COMMENT '佣金类别0普通  1定向  2鹊桥 用这个',
  `dxtime` int(13) NOT NULL COMMENT '定向申请时间',
  `yjtype` int(2) NOT NULL DEFAULT '0' COMMENT '佣金类别0普通  1定向  2鹊桥',
  `show_type` int(2) NOT NULL DEFAULT '0' COMMENT '前台是否展示 0 展示  1不展示',
  `title` varchar(250) NOT NULL COMMENT '商品名称',  
  `videoid` varchar(50) NOT NULL COMMENT '视频ID', 

  `istmall` varchar(5) NOT NULL COMMENT '0不是  1是天猫',
  `dsr` varchar(20) NOT NULL COMMENT 'dsr评分',  
  `quan_id` varchar(100) NOT NULL COMMENT '优惠券ID',  
  `quan_condition` varchar(200) NOT NULL COMMENT '优惠券使用条件',  
  `org_price` varchar(50) NOT NULL COMMENT '商品原价', 
  `dingxianurl` varchar(300) NOT NULL COMMENT '定向计划链接', 

  `num_iid` varchar(50) NOT NULL COMMENT '商品ID',
  `pic_url` varchar(250) NOT NULL COMMENT '商品主图',
  `small_images` varchar(1000) NOT NULL COMMENT '商品多个小图',
  `item_url` varchar(250) NOT NULL COMMENT '商品详情页链接地址',
  `shop_title` varchar(250) NOT NULL COMMENT '店铺名称',
  `yprice` decimal(10,2) NOT NULL DEFAULT '0' COMMENT '商品原价格',
  `price` decimal(10,2) NOT NULL DEFAULT '0' COMMENT '商品价格',
  `tk_rate` decimal(10,2) NOT NULL DEFAULT '0' COMMENT '收入比率%',
  `yongjin` decimal(10,2) NOT NULL DEFAULT '0' COMMENT '佣金',
  `goods_sale` varchar(100) NOT NULL COMMENT '商品月销售',
  `nick` varchar(50) NOT NULL COMMENT '卖家旺旺',
  `tk_durl` varchar(250) NOT NULL COMMENT '淘宝客短链接300天',
  `click_url` varchar(250) NOT NULL COMMENT '淘宝客长链接',
  `taokouling` varchar(100) NOT NULL COMMENT '淘口令 300天有效',
  `coupons_total` varchar(50) NOT NULL COMMENT '优惠券总量',
  `coupons_take` varchar(50) NOT NULL COMMENT '优惠券乘余',
  `coupons_price` varchar(100) NOT NULL COMMENT '优惠券面额',
  `coupons_start` varchar(50) NOT NULL COMMENT '优惠券开始时间',
  `coupons_end` varchar(50) NOT NULL COMMENT '优惠券结束时间',
  `coupons_url` varchar(500) NOT NULL COMMENT '优惠券链接',
  `coupons_tkl` varchar(150) NOT NULL COMMENT '优惠券淘口令',
  `provcity` varchar(100) NOT NULL COMMENT '广东 广州',
  `tjcontent` varchar(250) NOT NULL COMMENT '推荐内容',
  `event_end_time` varchar(100) NOT NULL COMMENT '活动结束时间',
  `event_start_time` varchar(100) NOT NULL COMMENT '活动开始时间',

  `event_zt` varchar(50) NOT NULL COMMENT '活动状态 推广中',
  `event_yjbl` varchar(50) NOT NULL COMMENT '活动佣金比例',
  `event_yj` varchar(50) NOT NULL COMMENT '活动佣金',
  `uptime` varchar(100) NOT NULL COMMENT '更新时间',
  `hot` varchar(50) NOT NULL,
  `hit` varchar(50) NOT NULL,  
  `hotcolor` varchar(50) NOT NULL,
  `starttime` varchar(12) DEFAULT NULL,
  `endtime` varchar(12) DEFAULT NULL,
  `status` varchar(20) NOT NULL,
  `createtime` int(10) NOT NULL,
   KEY `indx_weid` (`weid`),
   UNIQUE KEY `indx_num_iid` (`weid`,`num_iid`),
   KEY `title` (`title`),
   KEY `num_iid` (`num_iid`),
   KEY `indx_tj` (`tj`),
   KEY `indx_status` (`status`),
   KEY `indx_type` (`type`),
  PRIMARY KEY (`id`)
) ENGINE=MyISAM  DEFAULT CHARSET=utf8 AUTO_INCREMENT=1;


CREATE TABLE `ims_tiger_newhu_newtbgoods` (
  `id` int(10) unsigned NOT NULL AUTO_INCREMENT,
  `weid` int(10) NOT NULL DEFAULT '0' COMMENT 'weid',
  `zy` int(10) NOT NULL DEFAULT '0' COMMENT '1 大淘客  2互力 3鹊桥库',
  `itemid` varchar(50) NOT NULL COMMENT '宝贝ID ',
  `itemtitle` varchar(250) NOT NULL COMMENT '宝贝标题',
  `itemshorttitle` varchar(250) NOT NULL COMMENT '宝贝短标题',
  `itemdesc` varchar(250) NOT NULL COMMENT '宝贝推荐语',
  `itemprice` decimal(10,2) NOT NULL DEFAULT '0.00' COMMENT '在售价 原价',
  `itemsale` int(20) NOT NULL DEFAULT '0' COMMENT '宝贝销量',
  `itemsale2` int(20) NOT NULL DEFAULT '0' COMMENT '宝贝最近2小时销量',
  `conversion_ratio` decimal(10,2) NOT NULL DEFAULT '0.00' COMMENT '优惠券转化率',
  `itempic` varchar(250) NOT NULL COMMENT '宝贝主图原始图像',
  `fqcat` int(3) NOT NULL DEFAULT '0' COMMENT '商品类目',
  `itemendprice` decimal(10,2) NOT NULL DEFAULT '0.00' COMMENT '宝贝最后价格 减去优惠券 券后价',
  `shoptype` varchar(10) NOT NULL COMMENT '店铺类型 天猫(B) C店(C) 企业店铺',
  `userid` varchar(50) NOT NULL COMMENT '店主的userid',
  `sellernick` varchar(100) NOT NULL COMMENT '店铺掌柜名',
  `tktype` varchar(100) NOT NULL COMMENT '佣金方式(鹊桥活动 定向计划 通用计划 隐藏计划 营销计划）',
  `tkrates` decimal(10,2) NOT NULL DEFAULT '0.00' COMMENT '佣金比例',
  `ctrates` decimal(10,2) NOT NULL DEFAULT '0.00' COMMENT '村淘佣金比例',
  `cuntao` int(10) NOT NULL DEFAULT '0' COMMENT '是否村淘（1是）',
  `tkmoney` decimal(10,2) NOT NULL DEFAULT '0.00' COMMENT '预计可得(宝贝价格*佣金比率/100) ',
  `tkurl` varchar(250) NOT NULL COMMENT '定向计划链接',
  `couponurl` varchar(250) NOT NULL COMMENT '优惠券链接',
  `planlink` varchar(250) NOT NULL COMMENT '营销计划链接',
  `couponmoney` varchar(50) NOT NULL COMMENT '优惠券面额',
  `couponsurplus` int(20) NOT NULL DEFAULT '0' COMMENT '优惠券剩余数量',
  `couponreceive` int(20) NOT NULL DEFAULT '0' COMMENT '优惠券领取数量',
  `couponreceive2` int(20) NOT NULL DEFAULT '0' COMMENT '2小时内优惠券领取量',
  `couponnum` int(20) NOT NULL DEFAULT '0' COMMENT '优惠券总数量',
  `couponexplain` varchar(100) NOT NULL COMMENT '优惠券说明 使用条件',
  `couponstarttime` varchar(100) NOT NULL COMMENT '优惠券开始时间',
  `couponendtime` varchar(100) NOT NULL COMMENT '优惠券结束时间',
  `starttime` varchar(100) NOT NULL COMMENT '发布时间',
  `isquality` int(10) NOT NULL DEFAULT '0' COMMENT '是否优选 1为是',
  `item_status` int(10) NOT NULL DEFAULT '0' COMMENT '产品状态：0为正常',
  `report_status` int(10) NOT NULL DEFAULT '0' COMMENT '举报处理情况(1为待处理；2为忽略；3为下架)',
  `is_brand` int(10) NOT NULL DEFAULT '0' COMMENT '是否为品牌产品：1为是',
  `is_live` int(10) NOT NULL DEFAULT '0' COMMENT '是否为直播产品：1为是',
  `videoid` varchar(100) NOT NULL COMMENT '商品视频id',
  `activity_type` varchar(50) NOT NULL COMMENT '活动类型（普通活动、聚划算、淘抢购）',
  `createtime` int(10) NOT NULL,
  `quan_id` varchar(100) DEFAULT NULL COMMENT '优惠券ID',
  `tj` int(11) DEFAULT NULL COMMENT '1 秒杀 2 叮咚抢 ',
  `zt` int(10) NOT NULL DEFAULT '0' COMMENT '专题',
  `zd` int(10) NOT NULL DEFAULT '0' COMMENT '0不置顶  1置顶',
  `qf` int(10) NOT NULL DEFAULT '0' COMMENT '0不群发  1群发库',
  PRIMARY KEY (`id`),
  UNIQUE KEY `weid_num_iid` (`weid`,`itemid`),
  KEY `indx_weid` (`weid`),
  KEY `itemtitle` (`itemtitle`),
  KEY `itemid` (`itemid`),
  KEY `itemendprice` (`itemendprice`),
  KEY `is_brand` (`is_brand`),
  KEY `is_live` (`is_live`),
  KEY `fqcat` (`fqcat`),
  KEY `tj` (`tj`)
) ENGINE=MyISAM  DEFAULT CHARSET=utf8 AUTO_INCREMENT=1;


CREATE TABLE IF NOT EXISTS `ims_tiger_newhu_tbgoodsqf` (
  `id` int(10) unsigned NOT NULL AUTO_INCREMENT,
  `weid` int(10) unsigned NOT NULL,
  `qf` int(10) NOT NULL DEFAULT '0' COMMENT '0不群发  1群发库',  
  `lxtype` int(2) NOT NULL DEFAULT '0' COMMENT '佣金类别0普通  1定向  2鹊桥 用这个', 
  `title` varchar(250) NOT NULL COMMENT '商品名称',  
  `videoid` varchar(50) NOT NULL COMMENT '视频ID', 
  `quan_id` varchar(100) NOT NULL COMMENT '优惠券ID',  
  `quan_condition` varchar(200) NOT NULL COMMENT '优惠券使用条件',  
  `org_price` varchar(50) NOT NULL COMMENT '商品原价', 
  `dingxianurl` varchar(300) NOT NULL COMMENT '定向计划链接', 
  `num_iid` varchar(50) NOT NULL COMMENT '商品ID',
  `pic_url` varchar(250) NOT NULL COMMENT '商品主图',
  `item_url` varchar(250) NOT NULL COMMENT '商品详情页链接地址',
  `price` decimal(10,2) NOT NULL DEFAULT '0' COMMENT '商品价格',
  `tk_rate` decimal(10,2) NOT NULL DEFAULT '0' COMMENT '收入比率%',
  `yongjin` decimal(10,2) NOT NULL DEFAULT '0' COMMENT '佣金',
  `goods_sale` varchar(100) NOT NULL COMMENT '商品月销售',
  `coupons_take` varchar(50) NOT NULL COMMENT '优惠券乘余',
  `coupons_price` varchar(100) NOT NULL COMMENT '优惠券面额',
  `coupons_start` varchar(50) NOT NULL COMMENT '优惠券开始时间',
  `coupons_end` varchar(50) NOT NULL COMMENT '优惠券结束时间',
  `coupons_url` varchar(500) NOT NULL COMMENT '优惠券链接',
  `tjcontent` varchar(250) NOT NULL COMMENT '推荐内容',
  `uptime` varchar(100) NOT NULL COMMENT '更新时间',
  `weiqun` varchar(50) NOT NULL COMMENT '微信群名称',
  `qqqun` varchar(50) NOT NULL COMMENT 'QQ群名称',
  `qfzt` int(2) NOT NULL DEFAULT '0' COMMENT '0未群发  1已群发',
  `userid` varchar(50) NOT NULL COMMENT 'share表ID',

  `createtime` int(10) NOT NULL,
   KEY `weid` (`weid`),
   UNIQUE KEY `userid_numid` (`userid`,`num_iid`),
   KEY `title` (`title`),
   KEY `weiqun` (`weiqun`),
   KEY `qqqun` (`qqqun`),
   KEY `num_iid` (`num_iid`),
  PRIMARY KEY (`id`)
) ENGINE=MyISAM  DEFAULT CHARSET=utf8 AUTO_INCREMENT=1;

CREATE TABLE IF NOT EXISTS `ims_tiger_newhu_fztype` (
  `id` int(10) unsigned NOT NULL AUTO_INCREMENT,
  `weid` int(10) unsigned NOT NULL,
  `px` int(10) NOT NULL DEFAULT '0',
  `title` varchar(50) NOT NULL,
  `fftype` int(3) NOT NULL DEFAULT '0' COMMENT '分类',
  `dtkcid` varchar(10) NOT NULL COMMENT '大淘客分类',
  `hlcid` varchar(10) NOT NULL COMMENT '互力分类',
	`shztype` varchar(10) NOT NULL COMMENT '实惠猪分类',
	`ysdtype` varchar(10) NOT NULL COMMENT '一手单分类',
	`tkzstype` varchar(10) NOT NULL COMMENT '淘客助手分类',
	`qtktype` varchar(10) NOT NULL COMMENT '轻淘客分类',
	`hpttype` varchar(10) NOT NULL COMMENT '好品推分类',
	`tkjdtype` varchar(10) NOT NULL COMMENT '淘客基地分类',
  `picurl` varchar(255) NOT NULL COMMENT '封面',
  `cid` varchar(10) DEFAULT '0' COMMENT '上级ID',
  `sokey` varchar(100) DEFAULT NULL COMMENT '搜索词',
  `picurl2` varchar(255) NOT NULL COMMENT '搜索界面图标',
  `wlurl` varchar(255) NOT NULL COMMENT '外链',
  `tag` varchar(250) NOT NULL COMMENT '男装 衬衫|男装 裤',
  `createtime` int(10) NOT NULL,
   PRIMARY KEY (`id`),
   KEY `weid` (`weid`),
   KEY `cid` (`cid`),
   KEY `fftype` (`fftype`)
) ENGINE=MyISAM  DEFAULT CHARSET=utf8 AUTO_INCREMENT=2;

CREATE TABLE IF NOT EXISTS `ims_tiger_newhu_fztype2` (
  `id` int(10) unsigned NOT NULL AUTO_INCREMENT,
  `weid` int(10) unsigned NOT NULL,
  `px` int(10) NOT NULL DEFAULT '0',
  `title` varchar(50) NOT NULL COMMENT '二级分类名称', 
  `cid` int(5) NOT NULL DEFAULT '0' COMMENT '上级分类ID', 
  `picurl` varchar(255) NOT NULL COMMENT '封面',
  `wlurl` varchar(255) NOT NULL COMMENT '外链',
  `sokey` varchar(250) NOT NULL COMMENT '搜索关键词',
  `createtime` int(10) NOT NULL,
   PRIMARY KEY (`id`),
   KEY `weid` (`weid`),
   KEY `cid` (`cid`)
) ENGINE=MyISAM  DEFAULT CHARSET=utf8 AUTO_INCREMENT=2;

CREATE TABLE IF NOT EXISTS `ims_tiger_newhu_cdtype` (
  `id` int(10) unsigned NOT NULL AUTO_INCREMENT,
  `weid` int(10) unsigned NOT NULL,
  `px` int(10) NOT NULL DEFAULT '0',
  `title` varchar(50) NOT NULL,
  `fftype` int(3) NOT NULL DEFAULT '0' COMMENT '分类',
  `picurl` varchar(255) NOT NULL COMMENT '封面',
  `wlurl` varchar(255) NOT NULL COMMENT '外链',
  `createtime` int(10) NOT NULL,
  PRIMARY KEY (`id`),
   KEY `weid` (`weid`),
   KEY `fftype` (`fftype`)
) ENGINE=MyISAM  DEFAULT CHARSET=utf8 AUTO_INCREMENT=2;

CREATE TABLE IF NOT EXISTS `ims_tiger_newhu_dianyuan` (
   `id` int(11) NOT NULL AUTO_INCREMENT,
   `weid` int(11) DEFAULT 0,
   `openid` varchar(50) DEFAULT 0,
   `nickname` varchar(50) DEFAULT 0,
   `ename` varchar(50) DEFAULT 0,
   `tel` varchar(50) DEFAULT 0,
   `password` varchar(50) DEFAULT 0,
   `companyname` varchar(200) DEFAULT 0,	
   `createtime` int(10) NOT NULL,
   PRIMARY KEY (`id`)
) ENGINE=MyISAM DEFAULT CHARSET=utf8;

CREATE TABLE IF NOT EXISTS `ims_tiger_newhu_hexiao` (
   `id` int(11) NOT NULL AUTO_INCREMENT,
   `weid` int(11) DEFAULT 0,
   `dianyanid` int(11) DEFAULT 0,
   `openid` varchar(50) DEFAULT 0,
   `nickname` varchar(50) DEFAULT 0,
   `ename` varchar(50) DEFAULT 0,
   `companyname` varchar(200) DEFAULT 0,	
   `goodname` varchar(200) DEFAULT 0,
   `goodid` int(11) DEFAULT 0, 
   `createtime` int(10) NOT NULL,
   PRIMARY KEY (`id`)
) ENGINE=MyISAM DEFAULT CHARSET=utf8;

CREATE TABLE IF NOT EXISTS `ims_tiger_newhu_member` (
  `id` int(11) NOT NULL AUTO_INCREMENT,
  `weid` int(11) NOT NULL,
  `from_user` varchar(100) NOT NULL,
  `openid` varchar(100) NOT NULL,
  `helpid` int(11) NOT NULL,
  `unionid` varchar(100) NOT NULL,
  `nickname` varchar(100) NOT NULL,
  `sex` tinyint(1) NOT NULL DEFAULT '0',
  `follow` tinyint(1) NOT NULL DEFAULT '0',
  `headimgurl` varchar(255) NOT NULL,
  `city` varchar(100) NOT NULL,
  `province` varchar(100) NOT NULL,
  `country` varchar(100) NOT NULL,
  `time` int(13) DEFAULT NULL,
  `enable` tinyint(1) NOT NULL DEFAULT '0',
  PRIMARY KEY (`id`)
) ENGINE=MyISAM  DEFAULT CHARSET=utf8 ;

CREATE TABLE IF NOT EXISTS `ims_tiger_newhu_paylog` (
  `id` int(11) unsigned NOT NULL AUTO_INCREMENT,
  `uniacid` int(11) DEFAULT NULL,
  `dwnick` varchar(255) DEFAULT NULL COMMENT '微信用户昵称',
  `dopenid` varchar(255) DEFAULT NULL COMMENT '微信用户openid',
  `dtime` int(11) DEFAULT NULL COMMENT '打款时间',
  `dcredit` int(11) DEFAULT NULL COMMENT '消耗积分',
  `dtotal_amount` int(11) DEFAULT NULL COMMENT '金额，分为单位',
  `dmch_billno` varchar(50) DEFAULT NULL COMMENT '生成的商户订单号',
  `dissuccess` tinyint(1) DEFAULT NULL COMMENT '是否打款成功',
  `dresult` varchar(255) DEFAULT NULL COMMENT '失败提示',
  PRIMARY KEY (`id`)
) ENGINE=MyISAM  DEFAULT CHARSET=utf8 AUTO_INCREMENT=4 ;

CREATE TABLE IF NOT EXISTS `ims_tiger_newhu_tixianlog` (
  `id` int(11) unsigned NOT NULL AUTO_INCREMENT,
  `uniacid` int(11) DEFAULT NULL,
  `dwnick` varchar(255) DEFAULT NULL COMMENT '微信用户昵称',
  `dopenid` varchar(255) DEFAULT NULL COMMENT '微信用户openid',
  `dtime` int(11) DEFAULT NULL COMMENT '打款时间',
  `dcredit` int(11) DEFAULT NULL COMMENT '消耗积分',
  `dtotal_amount` int(11) DEFAULT NULL COMMENT '金额，分为单位',
  `dmch_billno` varchar(50) DEFAULT NULL COMMENT '生成的商户订单号',
  `zfbuid` varchar(100) DEFAULT NULL COMMENT '支付宝帐号',
  `dissuccess` tinyint(1) DEFAULT NULL COMMENT '是否打款成功',
  `dresult` varchar(255) DEFAULT NULL COMMENT '失败提示',
  PRIMARY KEY (`id`)
) ENGINE=MyISAM  DEFAULT CHARSET=utf8 AUTO_INCREMENT=4 ;

CREATE TABLE IF NOT EXISTS `ims_tiger_newhu_ad` (
   `id` int(11) NOT NULL AUTO_INCREMENT,
   `weid` int(11) DEFAULT 0,
   `type` varchar(250) DEFAULT 0,
   `title` varchar(250) DEFAULT 0,
   `pic` varchar(250) DEFAULT 0,
   `pidtype` varchar(10) DEFAULT 0 COMMENT '链接是否带PID',
   `url` varchar(1000) DEFAULT 0,	
   `createtime` int(10) NOT NULL,
   PRIMARY KEY (`id`)
) ENGINE=MyISAM DEFAULT CHARSET=utf8;

CREATE TABLE IF NOT EXISTS `ims_tiger_newhu_dbrecord` (
  `id` int(10) unsigned NOT NULL AUTO_INCREMENT,
  `weid` int(11) DEFAULT 0,
  `uid` int(11) DEFAULT 0,
  `nickname` varchar(200) NOT NULL,
  `openid` varchar(50) NOT NULL,
  `orderNum` varchar(200) NOT NULL,
  `credits` varchar(200) NOT NULL,
  `params` varchar(255) NOT NULL,
  `type` varchar(200) NOT NULL,
  `ip` varchar(200) NOT NULL,
  `sign` varchar(255) NOT NULL,
  `timestamp` int(11) DEFAULT 0,
  `waitAudit` varchar(255) NOT NULL,
  `actualPrice` varchar(255) NOT NULL,
  `description` varchar(255) NOT NULL,
  `paramsTest4` varchar(255) NOT NULL,
  `facePrice` varchar(255) NOT NULL,
  `appKey` varchar(255) NOT NULL,
  `status` int(11) DEFAULT 0,
  PRIMARY KEY (`id`)
) ENGINE=MyISAM  DEFAULT CHARSET=utf8 AUTO_INCREMENT = 1;


CREATE TABLE `ims_tiger_newhu_dborder` (
  `id` int(10) unsigned NOT NULL AUTO_INCREMENT,
  `uniacid` int(11) DEFAULT '0',
  `uid` int(10) NOT NULL COMMENT '用户ID',
  `bizId` varchar(30) NOT NULL COMMENT '订单号',
  `orderNum` varchar(255) NOT NULL COMMENT '兑吧订单号',
  `credits` int(20) NOT NULL COMMENT '积分',
  `params` varchar(255) NOT NULL,
  `type` varchar(50) NOT NULL,
  `ip` varchar(15) NOT NULL COMMENT '客户端ip',
  `starttimestamp` int(10) DEFAULT NULL COMMENT '下单时间',
  `endtimestamp` int(10) DEFAULT NULL COMMENT '成功时间',
  `waitAudit` int(8) DEFAULT '0' COMMENT '是否审核',
  `Audit` int(1) DEFAULT '0' COMMENT '审核状态',
  `actualPrice` int(11) DEFAULT '0' COMMENT '扣除费用',
  `description` varchar(255) NOT NULL COMMENT '描述',
  `facePrice` int(11) DEFAULT '0' COMMENT '市场价值',
  `itemCode` varchar(255) NOT NULL COMMENT '商品编码',
  `Audituser` varchar(255) NOT NULL COMMENT '审核员',
  `status` int(1) DEFAULT '0' COMMENT '订单状态',
  `createtime` int(10) DEFAULT '0' COMMENT '时间',
  PRIMARY KEY (`id`),
  KEY `indx_uniacid` (`uniacid`),
  KEY `indx_bizId` (`bizId`)
) ENGINE=MyISAM  DEFAULT CHARSET=utf8;

CREATE TABLE IF NOT EXISTS `ims_tiger_newhu_ticket` (
   `id` int(11) NOT NULL AUTO_INCREMENT,
   `weid` int(11) DEFAULT 0,
   `ticket` varchar(255) DEFAULT 0,	
   `createtime` int(10) NOT NULL,
   PRIMARY KEY (`id`)
) ENGINE=MyISAM DEFAULT CHARSET=utf8;

CREATE TABLE IF NOT EXISTS `ims_tiger_newhu_sdorder` (
  `id` int(10) unsigned NOT NULL AUTO_INCREMENT,
  `weid` int(10) unsigned NOT NULL,
  `nickname` varchar(100) NOT NULL,
  `from_user` varchar(50) NOT NULL,
  `avatar` varchar(200) NOT NULL,  
  `openid` varchar(50) NOT NULL,
  `image` varchar(300) DEFAULT 0,
  `order` varchar(100) NOT NULL,
  `price` Decimal(10,2) NOT NULL DEFAULT '0',
  `createtime` int(10) unsigned NOT NULL DEFAULT '0',
  `evaluation` varchar(250) NOT NULL,
  `pf` varchar(50) NOT NULL,
  `status` varchar(20) NOT NULL,
  `jljf` varchar(200) NOT NULL,
  `sjjl` varchar(200) NOT NULL,
  PRIMARY KEY (`id`)
) ENGINE=MyISAM  DEFAULT CHARSET=utf8 AUTO_INCREMENT = 1;

CREATE TABLE IF NOT EXISTS `ims_tiger_newhu_tkorder` (
   `id` int(11) NOT NULL AUTO_INCREMENT,
   `weid` int(11) DEFAULT 0,
   `addtime` varchar(100) DEFAULT 0 COMMENT '创建时间',
   `orderid` varchar(100) DEFAULT 0 COMMENT '父订单编号,',
	 `forderid` varchar(100) DEFAULT 0 COMMENT '父订单编号,和联盟后台一样,多个商品,父订单号一样',
	 `zorderid` varchar(100) DEFAULT 0 COMMENT '子订单编号,多个商品,订单号不一样,子订单和父订单号不一样,用户看到的只有父订单号',
   `numid` varchar(100) DEFAULT 0 COMMENT '商品ID',
   `shopname` varchar(255) DEFAULT 0 COMMENT '店铺名称',
   `title` varchar(255) DEFAULT 0 COMMENT '商品标题',
   `orderzt` varchar(255) DEFAULT 0 COMMENT '订单状态',
   `srbl` varchar(255) DEFAULT 0 COMMENT '收入比例',
   `fcbl` varchar(255) DEFAULT 0 COMMENT '分成比例',
   `fkprice` varchar(255) DEFAULT 0 COMMENT '付款金额',
   `xgyg` varchar(255) DEFAULT 0 COMMENT '效果预估',
   `jstime` varchar(255) DEFAULT 0 COMMENT '结算时间',
   `pt` varchar(255) DEFAULT 0 COMMENT '平台',
   `type` varchar(20) DEFAULT 0 COMMENT '状态 0未奖励 1已奖励',
   `mtid` varchar(150) DEFAULT 0 COMMENT '媒体ID',
   `mttitle` varchar(150) DEFAULT 0 COMMENT '媒体名称',
   `tgwid` varchar(150) DEFAULT 0 COMMENT '推广ID',
   `tgwtitle` varchar(150) DEFAULT 0 COMMENT '推广位名称',
   `wq` varchar(10) DEFAULT 0 COMMENT '维权订单 1 维权订单',
	 `ly` varchar(10) DEFAULT 0 COMMENT '来源0联盟表格 1 联盟API',
	
	`relation_id` int(10) DEFAULT 0 COMMENT '渠道ID',
	`special_id` int(10) DEFAULT 0 COMMENT '会员运营ID',
	`click_time` varchar(50) DEFAULT 0 COMMENT '来源0联盟表格 1 联盟API', 
	
   `createtime` varchar(255) NOT NULL,
   `tbsbuid6` varchar(10),
   `zdgd` int(10) DEFAULT 0,
     UNIQUE KEY `orderid` (`weid`,`orderid`,`numid`),
     KEY `indx_weid` (`weid`),
	 KEY `addtime` (`addtime`),
	 KEY `jstime` (`jstime`),
	 KEY `tgwid` (`tgwid`),
     KEY `indx_orderid` (`orderid`),
   PRIMARY KEY (`id`)
) ENGINE=MyISAM DEFAULT CHARSET=utf8;

CREATE TABLE IF NOT EXISTS `ims_tiger_newhu_order` (
   `id` int(11) NOT NULL AUTO_INCREMENT,
   `weid` int(11) DEFAULT 0,
   `openid` varchar(255) DEFAULT 0 COMMENT '',
   `nickname` varchar(255) DEFAULT 0 COMMENT '',
   `avatar` varchar(255) DEFAULT 0 COMMENT '',
   `jluid` varchar(255) DEFAULT 0 COMMENT '订单所有人ID',
   `jlnickname` varchar(255) DEFAULT 0 COMMENT '订单所有人',
   `jlavatar` varchar(255) DEFAULT 0 COMMENT '订单所有人',
   `memberid` varchar(255) DEFAULT 0 COMMENT '微擎会员编号',
   `uid` varchar(20) DEFAULT NULL COMMENT '用户UID share表',
   `orderid` varchar(255) DEFAULT 0 COMMENT '订单编号',
   `price` varchar(255) DEFAULT 0 COMMENT '奖励金额',
   `yongjin` varchar(255) DEFAULT 0 COMMENT '佣金',
   `type` varchar(255) DEFAULT 0 COMMENT '类型 0 自有  1级奖励 2级奖励',  
   `sh` varchar(255) DEFAULT 0 COMMENT '是否审核 0  1待返 2已返 3审核 4失效',  
   `msg` varchar(255) DEFAULT 0 COMMENT '留言', 
   `itemid` varchar(100) DEFAULT 0 COMMENT '商品ID',
   `jl` varchar(20) DEFAULT 0 COMMENT '奖励金额或是积分',  
   `jltype` int(10)  DEFAULT '0' COMMENT '0积分 1余额', 
   `createtime` varchar(255) NOT NULL,
   `cjdd` int(10) DEFAULT 0,
     KEY `indx_weid` (`weid`),
     KEY `itemid` (`itemid`),
     KEY `indx_orderid` (`orderid`),
	 KEY `indx_openid` (`openid`),
   PRIMARY KEY (`id`)
) ENGINE=MyISAM DEFAULT CHARSET=utf8;

CREATE TABLE IF NOT EXISTS `ims_tiger_newhu_txlog` (
  `id` int(11) unsigned NOT NULL AUTO_INCREMENT,
  `weid` int(11) DEFAULT NULL,
  `uid` varchar(255) DEFAULT NULL COMMENT '用户UID share表',
  `nickname` varchar(255) DEFAULT NULL COMMENT '微信用户昵称',
  `openid` varchar(255) DEFAULT NULL COMMENT '微信用户openid',
  `avatar` varchar(255) DEFAULT 0 COMMENT '',
  `addtime` int(11) DEFAULT NULL COMMENT '打款时间',
  `credit1` int(11) DEFAULT NULL COMMENT '消耗积分',
  `credit2` varchar(100) DEFAULT NULL COMMENT '金额，分为单位',
  `zfbuid` varchar(100) DEFAULT NULL COMMENT '支付宝帐号',
  `dmch_billno` varchar(50) DEFAULT NULL COMMENT '生成的商户订单号',
  `sh` tinyint(1) DEFAULT NULL COMMENT '是否打款成功',
  `dresult` varchar(255) DEFAULT NULL COMMENT '失败提示',
  `createtime` varchar(255) NOT NULL,
  PRIMARY KEY (`id`)
) ENGINE=MyISAM  DEFAULT CHARSET=utf8 AUTO_INCREMENT=4 ;

CREATE TABLE IF NOT EXISTS `ims_tiger_newhu_msg` (
  `id` int(10) unsigned NOT NULL AUTO_INCREMENT,
  `weid` int(10) unsigned NOT NULL,
  `title` varchar(50) NOT NULL,
  `content` varchar(200) NOT NULL,
  `picurl` varchar(255) NOT NULL COMMENT '封面',
  `createtime` int(10) NOT NULL,
   PRIMARY KEY (`id`),
   KEY `weid` (`weid`)
) ENGINE=MyISAM  DEFAULT CHARSET=utf8 AUTO_INCREMENT=2;


   CREATE TABLE IF NOT EXISTS `ims_tiger_newhu_ck` (
	  `id` int(11) NOT NULL AUTO_INCREMENT,
	  `weid` int(11) DEFAULT '0',
	  `data` text DEFAULT NULL,
	  `taodata` text DEFAULT NULL,
	  `createtime` varchar(255) NOT NULL,
	  PRIMARY KEY (`id`),
	  KEY `idx_weid` (`weid`)
	) ENGINE=MyISAM  DEFAULT CHARSET=utf8 AUTO_INCREMENT=1 ;

CREATE TABLE IF NOT EXISTS `ims_tiger_newhu_gfhuodong` (
  `id` int(10) unsigned NOT NULL AUTO_INCREMENT,
  `weid` int(10) unsigned NOT NULL,
  `px` int(10) NOT NULL DEFAULT '0',
  `title` varchar(50) NOT NULL,
  `type` int(3) NOT NULL DEFAULT '0' COMMENT '分类',
  `picurl` varchar(255) NOT NULL COMMENT '图片',
  `turl` varchar(255) NOT NULL COMMENT '外链',
  `kouling` varchar(255) NOT NULL COMMENT '口令',
  `createtime` int(10) NOT NULL,
  PRIMARY KEY (`id`),
   KEY `weid` (`weid`),
   KEY `type` (`type`)
) ENGINE=MyISAM  DEFAULT CHARSET=utf8 AUTO_INCREMENT=2;

CREATE TABLE IF NOT EXISTS `ims_tiger_newhu_qtzlist` (
  `id` int(10) unsigned NOT NULL AUTO_INCREMENT,
  `weid` int(10) unsigned NOT NULL,
  `px` int(10) NOT NULL DEFAULT '0',
  `title` varchar(50) NOT NULL,
  `type` int(3) NOT NULL DEFAULT '0' COMMENT '分类',
  `cate` varchar(100) NOT NULL COMMENT '124|154| 子栏目',
  `picurl` varchar(255) NOT NULL COMMENT '图片',
  `cateid` varchar(100) NOT NULL COMMENT '擎天 活动ID',
  `createtime` int(10) NOT NULL,
  PRIMARY KEY (`id`),
   KEY `weid` (`weid`)
) ENGINE=MyISAM  DEFAULT CHARSET=utf8 AUTO_INCREMENT=2;

CREATE TABLE IF NOT EXISTS `ims_tiger_newhu_shoucang` (
   `id` int(11) NOT NULL AUTO_INCREMENT,
   `weid` int(11) DEFAULT 0,
   `title` varchar(150) DEFAULT 0,
   `goodsid` varchar(50) DEFAULT 0,
   `picurl` varchar(250) DEFAULT 0,
   `openid` varchar(50) DEFAULT 0,
   `itemendprice` varchar(50) DEFAULT 0,
   `itemprice` varchar(50) DEFAULT 0,
   `itemsale` varchar(50) DEFAULT 0,
   `couponmoney` varchar(50) DEFAULT 0,
   `rate` varchar(50) DEFAULT 0,
   `tkl` varchar(200) DEFAULT 0,
   `uid` varchar(50) DEFAULT 0,   
   `createtime` int(10) NOT NULL,
   PRIMARY KEY (`id`)
) ENGINE=MyISAM DEFAULT CHARSET=utf8;

CREATE TABLE IF NOT EXISTS `ims_tiger_newhu_mobanmsg` (
   `id` int(11) NOT NULL AUTO_INCREMENT,
   `weid` int(11) DEFAULT 0,
   `title` varchar(250) DEFAULT NULL COMMENT '模版标题',
   `mbid` varchar(250) DEFAULT NULL COMMENT '模版ID',
   `first` varchar(250) DEFAULT NULL COMMENT '头部内容',
   `firstcolor` varchar(100) DEFAULT NULL COMMENT '头部颜色',
   `zjvalue` text COMMENT '中间内容',
   `zjcolor` text COMMENT '中间颜色',
   `remark` varchar(250) DEFAULT NULL COMMENT '尾部内容',
   `remarkcolor` varchar(100) DEFAULT NULL COMMENT '尾部颜色',
   `turl` varchar(250) DEFAULT NULL NULL COMMENT '模版链接',
   `createtime` int(10) NOT NULL,
   KEY `weid` (`weid`),
   PRIMARY KEY (`id`)
) ENGINE=MyISAM DEFAULT CHARSET=utf8;

CREATE TABLE IF NOT EXISTS `ims_tiger_newhu_xcxmobanmsg` (
   `id` int(11) NOT NULL AUTO_INCREMENT,
   `weid` int(11) DEFAULT 0,
   `title` varchar(250) DEFAULT NULL COMMENT '模版标题',
   `mbid` varchar(250) DEFAULT NULL COMMENT '模版ID',
   `first` varchar(250) DEFAULT NULL COMMENT '头部内容',
   `firstcolor` varchar(100) DEFAULT NULL COMMENT '头部颜色',
   `zjvalue` text COMMENT '中间内容',
   `zjcolor` text COMMENT '中间颜色',
   `remark` varchar(250) DEFAULT NULL COMMENT '尾部内容',
   `remarkcolor` varchar(100) DEFAULT NULL COMMENT '尾部颜色',   
   `turl` varchar(250) DEFAULT NULL NULL COMMENT '模版链接',
   `emphasis_keyword` varchar(100) DEFAULT NULL COMMENT '哪个放大',
   `createtime` int(10) NOT NULL,
   KEY `weid` (`weid`),
   PRIMARY KEY (`id`)
) ENGINE=MyISAM DEFAULT CHARSET=utf8;

CREATE TABLE IF NOT EXISTS `ims_tiger_newhu_tksign` (
   `id` int(11) NOT NULL AUTO_INCREMENT,
   `weid` int(11) DEFAULT 0,
   `tbuid` varchar(50) DEFAULT NULL,
	 `tbnickname` varchar(200) DEFAULT NULL,
   `sign` varchar(100) DEFAULT NULL,
   `endtime` varchar(30) DEFAULT NULL COMMENT  '结束时间',
	 `siteid` varchar(100) DEFAULT '0',
	 `memberid` varchar(100) DEFAULT '0',
	  `qdtgurl` varchar(500) DEFAULT '0',
   `createtime` int(10) NOT NULL,
   KEY `weid` (`weid`),
   KEY `tbuid` (`tbuid`),
   PRIMARY KEY (`id`)
) ENGINE=MyISAM DEFAULT CHARSET=utf8;

CREATE TABLE IF NOT EXISTS `ims_tiger_newhu_qudaosign` (
   `id` int(11) NOT NULL AUTO_INCREMENT,
   `weid` int(11) DEFAULT 0,
    `uid` int(11) DEFAULT 0 COMMENT  '授权代理用户ID',
    `openid` varchar(50) DEFAULT NULL COMMENT  'openid',
    `sate` varchar(1000) DEFAULT NULL COMMENT  '',
   `tbuid` varchar(50) DEFAULT NULL,
   `tbnickname` varchar(200) DEFAULT NULL,
   `sign` varchar(100) DEFAULT NULL,
   `endtime` varchar(30) DEFAULT NULL COMMENT  '结束时间',
   `createtime` int(10) NOT NULL,
   KEY `weid` (`weid`),
   KEY `uid` (`uid`),
   KEY `openid` (`openid`),
   KEY `tbuid` (`tbuid`),
   PRIMARY KEY (`id`)
) ENGINE=MyISAM DEFAULT CHARSET=utf8;

CREATE TABLE IF NOT EXISTS `ims_tiger_newhu_zttype` (
  `id` int(10) unsigned NOT NULL AUTO_INCREMENT,
  `weid` int(10) unsigned NOT NULL,
  `px` int(10) NOT NULL DEFAULT '0',
  `title` varchar(50) NOT NULL,
  `fftype` int(3) NOT NULL DEFAULT '0' COMMENT '分类',
  `picurl` varchar(255) NOT NULL COMMENT '封面',
  `wlurl` varchar(255) NOT NULL COMMENT '外链',
  `createtime` int(10) NOT NULL,
   PRIMARY KEY (`id`),
   KEY `weid` (`weid`),
   KEY `fftype` (`fftype`)
) ENGINE=MyISAM  DEFAULT CHARSET=utf8 AUTO_INCREMENT=2;

CREATE TABLE IF NOT EXISTS `ims_tiger_newhu_dwz` (
  `id` int(10) unsigned NOT NULL AUTO_INCREMENT,
  `weid` int(10) unsigned NOT NULL,
  `url` varchar(1000) NOT NULL COMMENT '网址',
  `durl` varchar(1000) NOT NULL COMMENT '缩短网址',
  `createtime` int(10) NOT NULL,
  PRIMARY KEY (`id`),
  KEY `weid` (`weid`)
) ENGINE=MyISAM  DEFAULT CHARSET=utf8 AUTO_INCREMENT=1;

CREATE TABLE IF NOT EXISTS `ims_tiger_newhu_jl` (
      `id` int(11) NOT NULL AUTO_INCREMENT,
	  `uid` int(10) unsigned NOT NULL,
	  `weid` int(11) NOT NULL,
	  `type` int(11) NOT NULL COMMENT '0 积分  1 余额',
	  `typelx` tinyint(3) unsigned NOT NULL COMMENT '1签到    2关注邀请    3取消关注   4订单奖励',
	  `num` varchar(30) NOT NULL COMMENT '金额和积分 有正负',
	  `createtime` int(10) unsigned NOT NULL COMMENT '创建时间',
	  `remark` varchar(200) NOT NULL COMMENT '如：签到奖励',
	  `orderid` varchar(200) NOT NULL COMMENT '订单号',
	  PRIMARY KEY (`id`),
	  UNIQUE KEY `wuncid` (`weid`,`uid`,`num`,`createtime`),
	  KEY `weid` (`weid`),
	  KEY `type` (`type`),
	  KEY `typelx` (`typelx`),
	  KEY `uid` (`uid`)
) ENGINE=MyISAM  DEFAULT CHARSET=utf8 AUTO_INCREMENT=1;

CREATE TABLE IF NOT EXISTS `ims_tiger_newhu_qiandao` (
  `id` int(11) NOT NULL AUTO_INCREMENT,
  `weid` int(10) unsigned NOT NULL,
  `uid` int(11) NOT NULL COMMENT '用户id',
  `num` int(11) NOT NULL COMMENT '签到次数',
  `formid` varchar(250) DEFAULT 0,
  `xcxopenid` varchar(250) DEFAULT 0,
  `nickname` varchar(250) DEFAULT 0,
  `type` int(11) DEFAULT 0 COMMENT '1小程序',
  `addtime` int(11) NOT NULL COMMENT '签到时间',
  PRIMARY KEY (`id`)
) ENGINE=MyISAM  DEFAULT CHARSET=utf8 AUTO_INCREMENT=1;

CREATE TABLE IF NOT EXISTS `ims_tiger_newhu_qudaolist` (
  `id` int(11) NOT NULL AUTO_INCREMENT,
  `weid` int(10) unsigned NOT NULL,
  `uid` int(11) NOT NULL COMMENT '用户ID',
  `relation_app` varchar(100) DEFAULT 0  COMMENT '渠道备案 - 渠道推广的物料类型',
  `create_date` varchar(100) DEFAULT 0  COMMENT '渠道备案 - 备案日期',
  `account_name` varchar(100) DEFAULT 0  COMMENT '渠道备案 - 渠道昵称',
  `real_name` varchar(100) DEFAULT 0  COMMENT '渠道备案 - 渠道姓名',
  `relation_id` varchar(100) DEFAULT 0  COMMENT '	渠道备案 - 渠道关系ID',
  `offline_scene` varchar(100) DEFAULT 0  COMMENT '渠道备案 - 线下场景信息，1 - 门店，2- 学校，3 - 工厂，4 - 其他',
  `online_scene` varchar(100) DEFAULT 0  COMMENT '渠道备案 - 线上场景信息，1 - 微信群，2- QQ群，3 - 其他',
  `note` varchar(100) DEFAULT 0  COMMENT '	媒体侧渠道备注信息',
  `root_pid` varchar(100) DEFAULT 0  COMMENT '渠道专属pid',
  `rtag` varchar(50) DEFAULT 0  COMMENT '标识渠道原始身份信息',  
  `createtime` int(10) NOT NULL COMMENT '入库时间',
   KEY `weid` (`weid`),
   KEY `rtag` (`rtag`),
  PRIMARY KEY (`id`)
) ENGINE=MyISAM  DEFAULT CHARSET=utf8 AUTO_INCREMENT=1;

CREATE TABLE IF NOT EXISTS `ims_tiger_newhu_xcxdh` (
   `id` int(11) NOT NULL AUTO_INCREMENT,
   `weid` int(11) DEFAULT 0,
   `fztype` int(10) DEFAULT 0 COMMENT '1首页广告   2广告下面菜单  3图标下面4个图片',
   `type` int(10) DEFAULT 0 COMMENT '1.H5链接  2.商品分类  3活动',
   `kfkey` varchar(100) DEFAULT NULL COMMENT '客服关键词',
   `title` varchar(100) DEFAULT 0 COMMENT '名称',
   `ftitle` varchar(100) DEFAULT 0 COMMENT '副名称',
   `hd` varchar(20) DEFAULT 0 COMMENT '1聚划算 2淘抢购  3秒杀  4 叮咚抢  5 视频单  6品牌团 7官方推荐 8好券直播 9小编力荐',
   `fqcat` int(11) DEFAULT 0 COMMENT '商品分类ID',
   `pic` varchar(250) DEFAULT 0,
   `xcxpage` varchar(1000) DEFAULT 0,	
   `url` varchar(1000) DEFAULT 0,	
   `appid` varchar(255) NOT NULL,
   `createtime` int(10) NOT NULL,
   PRIMARY KEY (`id`)
) ENGINE=MyISAM DEFAULT CHARSET=utf8;

CREATE TABLE IF NOT EXISTS `ims_tiger_newhu_xcxsend` (
   `id` int(11) NOT NULL AUTO_INCREMENT,
   `weid` int(11) DEFAULT 0,
   `kfkey` varchar(100) DEFAULT NULL COMMENT '关键词',
   `type` int(10) DEFAULT 0 COMMENT '类型 1 H5链接',
   `title` varchar(100) DEFAULT NULL COMMENT '标题',
   `content` varchar(1000) DEFAULT 0 COMMENT '介绍',
   `url` varchar(1000) DEFAULT 0 COMMENT 'H5链接',
   `picurl` varchar(1000) DEFAULT 0,
   `createtime` int(10) NOT NULL,
   KEY `kfkey` (`kfkey`),
   KEY `weid` (`weid`),
   PRIMARY KEY (`id`)
) ENGINE=MyISAM DEFAULT CHARSET=utf8;

CREATE TABLE IF NOT EXISTS `ims_tiger_newhu_news` (
	   `id` int(11) NOT NULL AUTO_INCREMENT,
	   `weid` int(11) DEFAULT 0,
	   `px` int(11) DEFAULT 0,
	   `pttype` int(4) DEFAULT 0,
	   `type` varchar(250) DEFAULT 0 COMMENT '1 公告  2帮助中心',
	   `title` varchar(250) DEFAULT 0,
	   `content` text NOT NULL,	 
	   `url` varchar(1000) DEFAULT 0,	
	   `createtime` int(10) NOT NULL,
	   PRIMARY KEY (`id`)
	) ENGINE=MyISAM DEFAULT CHARSET=utf8;
	
	CREATE TABLE IF NOT EXISTS `ims_tiger_newhu_faquan` (
	   `id` int(11) NOT NULL AUTO_INCREMENT,
	   `weid` int(11) DEFAULT 0,
	   `type` varchar(250) DEFAULT 0 COMMENT '',
	   `title` varchar(250) DEFAULT 0,
	   `content` text DEFAULT NULL,	 
	   `piclist` text DEFAULT NULL,	
	   `createtime` int(10) NOT NULL,
	   PRIMARY KEY (`id`)
	) ENGINE=MyISAM DEFAULT CHARSET=utf8;
	
	CREATE TABLE IF NOT EXISTS `ims_tiger_newhu_lxorder` (
	   `id` int(11) NOT NULL AUTO_INCREMENT,
	   `weid` int(11) DEFAULT 0,
	   `addtime` varchar(50) DEFAULT NULL,
	   `jhtime` varchar(50) DEFAULT NULL,
	   `sgtime` varchar(50) DEFAULT NULL,
	   `qrshtime` varchar(50) DEFAULT NULL,
	   `newtel` varchar(50) DEFAULT NULL,
	   `xrzt` varchar(100) DEFAULT NULL,	
	   `ddlx` varchar(100) DEFAULT NULL,
	   `fxyh` varchar(100) DEFAULT NULL, 
	   `mtid` varchar(100) DEFAULT NULL, 
	   `mtname` varchar(100) DEFAULT NULL, 
	   `tgwid` varchar(100) DEFAULT NULL, 
	   `tgwname` varchar(100) DEFAULT NULL, 
	   `orderid` varchar(100) DEFAULT NULL, 
	   `createtime` int(10) NOT NULL,
	   KEY `weid` (`weid`),
	   KEY `tgwid` (`tgwid`),
	   KEY `addtime` (`addtime`),
	   KEY `sgtime` (`sgtime`),
	   KEY `xrzt` (`xrzt`),
	   KEY `ddlx` (`ddlx`),
	   PRIMARY KEY (`id`)
	) ENGINE=MyISAM DEFAULT CHARSET=utf8;
	
	CREATE TABLE IF NOT EXISTS `ims_tiger_newhu_pddorder` (
	   `id` int(11) NOT NULL AUTO_INCREMENT,
	   `weid` int(11) DEFAULT 0,
	   `order_sn` varchar(100) DEFAULT 0 COMMENT '',
	   `goods_id` varchar(100) DEFAULT 0 COMMENT '',
	   `goods_name` varchar(100) DEFAULT 0 COMMENT '',
	   `goods_thumbnail_url` varchar(255) DEFAULT 0 COMMENT '',
	   `goods_quantity` varchar(255) DEFAULT 0 COMMENT '',
	   `goods_price` varchar(255) DEFAULT 0 COMMENT '',
	   `order_amount` varchar(255) DEFAULT 0 COMMENT '',
	   `order_create_time` varchar(255) DEFAULT 0 COMMENT '',
	   `order_settle_time` varchar(255) DEFAULT 0 COMMENT '',
	   `order_verify_time` varchar(255) DEFAULT 0 COMMENT '',
	   `order_receive_time` varchar(255) DEFAULT 0 COMMENT '',
	   `order_pay_time` varchar(255) DEFAULT 0 COMMENT '',
	   `promotion_rate` varchar(20) DEFAULT 0 COMMENT '',
	   `promotion_amount` varchar(150) DEFAULT 0 COMMENT '',
	   `batch_no` varchar(150) DEFAULT 0 COMMENT '',
	   `order_status` varchar(150) DEFAULT '' COMMENT '',
	   `order_status_desc` varchar(150) DEFAULT 0 COMMENT '',
	   `verify_time` varchar(100) DEFAULT 0 COMMENT '',	   
	   `order_group_success_time` varchar(100) DEFAULT 0 COMMENT '',
	   `order_modify_at` varchar(100) DEFAULT 0 COMMENT '',
	   `status` varchar(100) DEFAULT 0 COMMENT '',
	   `type` varchar(100) DEFAULT 0 COMMENT '',
	   `group_id` varchar(100) DEFAULT 0 COMMENT '',
	   `auth_duo_id` varchar(100) DEFAULT 0 COMMENT '',
	   `custom_parameters` varchar(100) DEFAULT 0 COMMENT '',
	   `p_id` varchar(100) DEFAULT 0 COMMENT '',	
	   `createtime` varchar(255) NOT NULL,
	   KEY `weid` (`weid`),
		 KEY `order_sn` (`order_sn`),
		 KEY `p_id` (`p_id`),
		 KEY `order_modify_at` (`order_modify_at`),
	   PRIMARY KEY (`id`)
	) ENGINE=MyISAM DEFAULT CHARSET=utf8;
	
	CREATE TABLE IF NOT EXISTS `ims_tiger_newhu_pddtjorder` (
	   `id` int(11) NOT NULL AUTO_INCREMENT,
	   `weid` int(11) DEFAULT 0,
	   `openid` varchar(255) DEFAULT 0 COMMENT '',
	   `nickname` varchar(255) DEFAULT 0 COMMENT '',
	   `avatar` varchar(255) DEFAULT 0 COMMENT '',
	   `jluid` varchar(255) DEFAULT 0 COMMENT '订单所有人ID',
	   `jlnickname` varchar(255) DEFAULT 0 COMMENT '订单所有人',
	   `jlavatar` varchar(255) DEFAULT 0 COMMENT '订单所有人',
	   `memberid` varchar(255) DEFAULT 0 COMMENT '微擎会员编号',
	   `uid` varchar(20) DEFAULT NULL COMMENT '用户UID share表',
	   `orderid` varchar(255) DEFAULT 0 COMMENT '订单编号',
	   `price` varchar(255) DEFAULT 0 COMMENT '奖励金额',
	   `yongjin` varchar(255) DEFAULT 0 COMMENT '佣金',
	   `type` varchar(255) DEFAULT 0 COMMENT '类型 0 自有  1级奖励 2级奖励',  
	   `sh` varchar(255) DEFAULT 0 COMMENT '是否审核 0  1待返 2已返 3审核 4失效',  
	   `msg` varchar(255) DEFAULT 0 COMMENT '留言', 
	   `itemid` varchar(100) DEFAULT 0 COMMENT '商品ID',
	   `jl` varchar(20) DEFAULT 0 COMMENT '奖励金额或是积分',  
	   `jltype` int(10)  DEFAULT '0' COMMENT '0积分 1余额', 
	   `createtime` varchar(255) NOT NULL,
	   `cjdd` int(10) DEFAULT 0,
	     KEY `indx_weid` (`weid`),
	     KEY `itemid` (`itemid`),
	     KEY `indx_orderid` (`orderid`),
		 KEY `indx_openid` (`openid`),
		 KEY `uid` (`uid`),
	   PRIMARY KEY (`id`)
	) ENGINE=MyISAM DEFAULT CHARSET=utf8;
	
	
	CREATE TABLE IF NOT EXISTS `ims_tiger_newhu_jdorder` (
	   `id` int(11) NOT NULL AUTO_INCREMENT,
	   `weid` int(11) DEFAULT 0,
	   `finishTime` varchar(100) DEFAULT 0 COMMENT '订单完成时间',
	   `orderEmt` varchar(100) DEFAULT 0 COMMENT '下单设备(1:PC,2:无线)',
	   `orderId` varchar(100) DEFAULT 0 COMMENT '订单ID',
	   `orderTime` varchar(100) DEFAULT 0 COMMENT '下单时间',
	   `parentId` varchar(255) DEFAULT 0 COMMENT '父单ID（订单拆分后,父单的订单号）',
	   `payMonth` varchar(255) DEFAULT 0 COMMENT '结算日期（yyyyMMdd）',
	   `plus` varchar(255) DEFAULT 0 COMMENT 'plus会员（0：不是，1：是）',
	   `popId` varchar(255) DEFAULT 0 COMMENT '商家ID',
	   `actualCommission` varchar(255) DEFAULT 0 COMMENT '实际佣金',
	   `actualCosPrice` varchar(255) DEFAULT 0 COMMENT '实际计佣金额',
	   `actualFee` varchar(255) DEFAULT 0 COMMENT '站长的实际佣金',
	   `commissionRate` varchar(255) DEFAULT 0 COMMENT '佣金比例',
	   `estimateCommission` varchar(255) DEFAULT 0 COMMENT '预估佣金',
	   `estimateCosPrice` varchar(20) DEFAULT 0 COMMENT '预估计佣金额',
	   `estimateFee` varchar(150) DEFAULT 0 COMMENT '站长的预估佣金',
	   `finalRate` varchar(150) DEFAULT 0 COMMENT '最终比例 (一级分佣比例*二级分佣比例)',
	   `firstLevel` varchar(150) DEFAULT 0 COMMENT '一级类目',
	   `frozenSkuNum` varchar(150) DEFAULT 0 COMMENT '商品售后中数量',
	   `payPrice` varchar(10) DEFAULT 0 COMMENT '实际支付金额',
	   `pid` varchar(50) DEFAULT 0 COMMENT '子站长ID_子站长网站ID_子站长推广位ID',
	   `price` varchar(20) DEFAULT 0 COMMENT '商品单价',
	   `secondLevel` varchar(10) DEFAULT 0 COMMENT '二级类目',
	   `siteId` varchar(20) DEFAULT 0 COMMENT '网站ID',
	   `skuId` varchar(20) DEFAULT 0 COMMENT '商品ID',
	   `skuName` varchar(300) DEFAULT 0 COMMENT '商品名称',
	   `skuNum` varchar(100) DEFAULT 0 COMMENT '商品数量',
	   `skuReturnNum` varchar(10) DEFAULT 0 COMMENT '商品已退货数量',
	   `spId` varchar(50) DEFAULT 0 COMMENT '推广位ID',
	   `subSideRate` varchar(50) DEFAULT 0 COMMENT '分成比例',
	   `subUnionId` varchar(50) DEFAULT 0 COMMENT '子联盟ID',
	   `subsidyRate` varchar(50) DEFAULT 0 COMMENT '补贴比例',
	   `thirdLevel` varchar(50) DEFAULT 0 COMMENT '三级类目',
	   `traceType` varchar(50) DEFAULT 0 COMMENT '2同店 3跨店',
	   `unionAlias` varchar(50) DEFAULT 0 COMMENT '第三方服务来源',
	   `unionTrafficGroup` varchar(50) DEFAULT 0 COMMENT '渠道组（1：1号店，其他：京东）',
	   `unionTag` varchar(50) DEFAULT 0 COMMENT '联盟标签数据',
	   `validCode` varchar(50) DEFAULT 0 COMMENT '有效码（-1：未知,2.无效-拆单,3.无效-取消,4.无效-京东帮帮主订单,5.无效-账号异常,6.无效-赠品类目不返佣,7.无效-校园订单,8.无效-企业订单,9.无效-团购订单,10.无效-开增值税专用发票订单,11.无效-乡村推广员下单,12.无效-自己推广自己下单,13.无效-违规订单,14.无效-来源与备案网址不符,15.待付款,16.已付款,17.已完成,18.已结算）',
	   `unionId` varchar(50) DEFAULT 0 COMMENT '站长ID',
	   `unionUserName` varchar(50) DEFAULT 0 COMMENT '扩展信息',	  	   
	   `createtime` varchar(20) NOT NULL,
	     UNIQUE KEY `ord_w_id` (`weid`,`orderId`,`skuId`),
	     KEY `weid` (`weid`),
		 KEY `orderTime` (`orderTime`),
		 KEY `finishTime` (`finishTime`),
		 KEY `spId` (`spId`),
	     KEY `orderId` (`orderId`),
	   PRIMARY KEY (`id`)
	) ENGINE=MyISAM DEFAULT CHARSET=utf8;
	
	
	CREATE TABLE IF NOT EXISTS `ims_tiger_newhu_jdtjorder` (
	   `id` int(11) NOT NULL AUTO_INCREMENT,
	   `weid` int(11) DEFAULT 0,
	   `openid` varchar(255) DEFAULT 0 COMMENT '',
	   `nickname` varchar(255) DEFAULT 0 COMMENT '',
	   `avatar` varchar(255) DEFAULT 0 COMMENT '',
	   `jluid` varchar(255) DEFAULT 0 COMMENT '订单所有人ID',
	   `jlnickname` varchar(255) DEFAULT 0 COMMENT '订单所有人',
	   `jlavatar` varchar(255) DEFAULT 0 COMMENT '订单所有人',
	   `memberid` varchar(255) DEFAULT 0 COMMENT '微擎会员编号',
	   `uid` varchar(20) DEFAULT NULL COMMENT '用户UID share表',
	   `orderid` varchar(255) DEFAULT 0 COMMENT '订单编号',
	   `price` varchar(255) DEFAULT 0 COMMENT '奖励金额',
	   `yongjin` varchar(255) DEFAULT 0 COMMENT '佣金',
	   `type` varchar(255) DEFAULT 0 COMMENT '类型 0 自有  1级奖励 2级奖励',  
	   `sh` varchar(255) DEFAULT 0 COMMENT '是否审核 0  1待返 2已返 3审核 4失效',  
	   `msg` varchar(255) DEFAULT 0 COMMENT '留言', 
	   `itemid` varchar(100) DEFAULT 0 COMMENT '商品ID',
	   `jl` varchar(20) DEFAULT 0 COMMENT '奖励金额或是积分',  
	   `jltype` int(10)  DEFAULT '0' COMMENT '0积分 1余额', 
	   `createtime` varchar(255) NOT NULL,
	   `cjdd` int(10) DEFAULT 0,
	     KEY `indx_weid` (`weid`),
	     KEY `itemid` (`itemid`),
	     KEY `indx_orderid` (`orderid`),
		 KEY `indx_openid` (`openid`),
		 KEY `uid` (`uid`),
	   PRIMARY KEY (`id`)
	) ENGINE=MyISAM DEFAULT CHARSET=utf8;
	
	CREATE TABLE IF NOT EXISTS `ims_tiger_newhu_appdh` (
		`id` int(11) NOT NULL AUTO_INCREMENT,
		`weid` int(11) DEFAULT 0,
		`px` int(10) DEFAULT 0,
		`fztype` int(10) DEFAULT 0 COMMENT '1首页广告   2广告下面菜单  3图标下面图片 4底部菜单  5会员中心下方图标',
		`type` int(10) DEFAULT 0 COMMENT '1.H5链接  2.商品分类  3活动',
		`showtype` int(10) DEFAULT 0 COMMENT '菜单是否显示 1.显示 ',
		`xz` int(10) DEFAULT 0 COMMENT '是否要登录显示 1.需要登录 ',
		`title` varchar(100) DEFAULT 0 COMMENT '名称',
		`ftitle` varchar(100) DEFAULT 0 COMMENT '副名称',
		`hd` varchar(20) DEFAULT 0 COMMENT '1聚划算 2淘抢购  3秒杀  4 叮咚抢  5 视频单  6品牌团 7官方推荐 8好券直播 9小编力荐',
		`fqcat` int(11) DEFAULT 0 COMMENT '商品分类ID',
		`flname` varchar(100) DEFAULT 0 COMMENT '分类名称',
		`itemid` varchar(100) DEFAULT 0 COMMENT '商品ID',
		`headcolorleft` varchar(100) DEFAULT 0 COMMENT '头背景颜色1',
		`headcolorright` varchar(100) DEFAULT 0 COMMENT '头背景颜色2',
		`pic` varchar(250) DEFAULT 0,
		`pic1` varchar(250) DEFAULT 0 COMMENT '底部菜单按下去图片',
		`apppage1` varchar(1000) DEFAULT NULL,
		`apppage2` varchar(1000) DEFAULT 0,
		`url` varchar(1000) DEFAULT 0,	
		`h5title` varchar(100) DEFAULT 0 COMMENT '网页标题',
		`createtime` int(10) NOT NULL,
		PRIMARY KEY (`id`),
		KEY `weid` (`weid`),
		KEY `px` (`px`)
	) ENGINE=MyISAM DEFAULT CHARSET=utf8;
	
	CREATE TABLE IF NOT EXISTS `ims_tiger_newhu_appset` (
		`id` int(11) NOT NULL AUTO_INCREMENT,
		`weid` int(11) DEFAULT '0',
		`tuanzhangtype` int(11) DEFAULT '0' COMMENT  '1开启团长',
		`appid` varchar(200) DEFAULT NULL COMMENT  'APP的APPID',
		`mchid` varchar(200) DEFAULT NULL COMMENT  '商户号',
		`appkey` varchar(200) DEFAULT NULL COMMENT  '秘钥',
		`jiamistr` varchar(200) DEFAULT NULL COMMENT  '加密字符',
		`appzfip` varchar(200) DEFAULT NULL COMMENT  'IP',
		`appfximg` varchar(200) DEFAULT NULL COMMENT  '分享图标',
		`appfxtitle` varchar(200) DEFAULT NULL COMMENT  '分享标题',
		`appfxcontent` varchar(200) DEFAULT NULL COMMENT  '分享介绍',
		`iossh` varchar(10) DEFAULT 0 COMMENT  'IOS审核状态 1审核中',
		`sjztype` int(5) DEFAULT 0 COMMENT  '升级赚显示 1显示',
		`headclorleft` varchar(50) DEFAULT 0 COMMENT  '头部颜色左',
		`headclorright` varchar(50) DEFAULT 0 COMMENT  '头部颜色右',
		`smskeyid` varchar(100) DEFAULT NULL COMMENT  '',
		`smssecret` varchar(100) DEFAULT NULL COMMENT  '',
		`smsname` varchar(100) DEFAULT NULL COMMENT  '',
		`smscode` varchar(100) DEFAULT NULL COMMENT  '',
		PRIMARY KEY (`id`),
		KEY `weid` (`weid`)
	) ENGINE=MyISAM  DEFAULT CHARSET=utf8 AUTO_INCREMENT=1 ;
	
	CREATE TABLE IF NOT EXISTS `ims_tiger_app_hb` (
		`id` int(11) NOT NULL AUTO_INCREMENT,
		`weid` int(11) DEFAULT 0,
		`type` varchar(250) DEFAULT 0,
		`title` varchar(250) DEFAULT 0,
		`pic` varchar(250) DEFAULT 0,
		`url` varchar(1000) DEFAULT 0,	
		`createtime` int(10) NOT NULL,
		PRIMARY KEY (`id`)
	) ENGINE=MyISAM DEFAULT CHARSET=utf8;
	
	CREATE TABLE IF NOT EXISTS `ims_tiger_app_mobsend` (
				`tel` bigint(11) unsigned NOT NULL COMMENT '手机号',
			`weid` int(11) DEFAULT 0,
			`value` char(6) NOT NULL DEFAULT '' COMMENT '验证码',
			`total` smallint(5) unsigned NOT NULL DEFAULT '1' COMMENT '发送次数',
			`add_time` int(10) unsigned NOT NULL DEFAULT '0' COMMENT '添加时间',
			PRIMARY KEY (`tel`)
	) ENGINE=MyISAM DEFAULT CHARSET=utf8;
	
	CREATE TABLE IF NOT EXISTS `ims_tiger_app_tuanzhangset` (
		`id` int(11) NOT NULL AUTO_INCREMENT,
		`weid` int(11) DEFAULT 0,
		`title` varchar(100) DEFAULT 0,
		`px` int(10) DEFAULT 0,
		`sjtype` int(10) DEFAULT 0,
		`jl` varchar(50) DEFAULT 0,
		`rmb` varchar(50) DEFAULT 0,	
		`fsm` varchar(50) DEFAULT 0,
		`text` varchar(1000) DEFAULT 0,	
		`ordermsum` varchar(50) DEFAULT 0,
		`createtime` int(10) NOT NULL,
		PRIMARY KEY (`id`)
	) ENGINE=MyISAM DEFAULT CHARSET=utf8;


	]]></install>
	<uninstall><![CDATA[
	DROP TABLE IF EXISTS `ims_tiger_newhu_appset`;
	DROP TABLE IF EXISTS `ims_tiger_newhu_appdh`;
	DROP TABLE IF EXISTS `ims_tiger_newhu_jdtjorder`;
	DROP TABLE IF EXISTS `ims_tiger_newhu_jdorder`;
	DROP TABLE IF EXISTS `ims_tiger_newhu_pddtjorder`;
	DROP TABLE IF EXISTS `ims_tiger_newhu_pddorder`;
	DROP TABLE IF EXISTS `ims_tiger_newhu_lxorder`;
	DROP TABLE IF EXISTS `ims_tiger_newhu_news`;
	DROP TABLE IF EXISTS `ims_tiger_newhu_xcxdh`;
    DROP TABLE IF EXISTS `ims_tiger_newhu_qiandao`;
	DROP TABLE IF EXISTS `ims_tiger_newhu_jl`;
	DROP TABLE IF EXISTS `ims_tiger_newhu_zttype`;
	DROP TABLE IF EXISTS `ims_tiger_newhu_poster`;
	DROP TABLE IF EXISTS `ims_tiger_newhu_share`;
	DROP TABLE IF EXISTS `ims_tiger_newhu_record`;
	DROP TABLE IF EXISTS `ims_tiger_newhu_request`;
	DROP TABLE IF EXISTS `ims_tiger_newhu_goods`;
	DROP TABLE IF EXISTS `ims_tiger_newhu_dianyuan`;
	DROP TABLE IF EXISTS `ims_tiger_newhu_hexiao`;
	DROP TABLE IF EXISTS `ims_tiger_newhu_member`;
	DROP TABLE IF EXISTS `ims_tiger_newhu_paylog`;
	DROP TABLE IF EXISTS `ims_tiger_newhu_ad`;
    DROP TABLE IF EXISTS `ims_tiger_newhu_tixianlog`;
	DROP TABLE IF EXISTS `ims_tiger_newhu_dbrecord`;
	DROP TABLE IF EXISTS `ims_tiger_newhu_ticket`;
	DROP TABLE IF EXISTS `ims_tiger_newhu_dborder`;
	DROP TABLE IF EXISTS `ims_tiger_newhu_tbgoods`;
	DROP TABLE IF EXISTS `ims_tiger_newhu_newtbgoods`;
	DROP TABLE IF EXISTS `ims_tiger_newhu_fztype`;
	DROP TABLE IF EXISTS `ims_tiger_newhu_fztype2`;
	DROP TABLE IF EXISTS `ims_tiger_newhu_cdtype`;
	DROP TABLE IF EXISTS `ims_tiger_newhu_sdorder`;
	DROP TABLE IF EXISTS `ims_tiger_newhu_tkorder`;
	DROP TABLE IF EXISTS `ims_tiger_newhu_order`;
	DROP TABLE IF EXISTS `ims_tiger_newhu_txlog`;
	DROP TABLE IF EXISTS `ims_tiger_newhu_msg`;
	DROP TABLE IF EXISTS `ims_tiger_newhu_ck`;
	DROP TABLE IF EXISTS `ims_tiger_newhu_gfhuodong`;
	DROP TABLE IF EXISTS `ims_tiger_newhu_shoucang`;
	DROP TABLE IF EXISTS `ims_tiger_newhu_mobanmsg`;
	DROP TABLE IF EXISTS `ims_tiger_newhu_xcxmobanmsg`;
	DROP TABLE IF EXISTS `ims_tiger_newhu_tksign`;
	DROP TABLE IF EXISTS `ims_tiger_newhu_dwz`;
	]]></uninstall>
	<upgrade><![CDATA[upgrade.php]]></upgrade>
</manifest>