<?xml version="1.0" encoding="utf-8"?>
<manifest xmlns="http://www.lanrenzhijia.com" versionCode="0.8,1.0">
	<application setting="false">
		<name><![CDATA[智能挪车商业版]]></name>
		<identifie><![CDATA[beta_car]]></identifie>
		<version><![CDATA[1.9.4]]></version>
		<type><![CDATA[activity]]></type>
		<ability><![CDATA[智能挪车商业版]]></ability>
		<description><![CDATA[智能挪车商业版，挪车即代理，移动ATM机，隐私通话，微信通知,合作商家]]></description>
		<author><![CDATA[懒人源码]]></author>
		<url><![CDATA[http://www.lanrenzhijia.com/]]></url>
	</application>

	<platform>
		<subscribes>
			<message type="subscribe" />
			<message type="qr" />
		</subscribes>

		<handles>
			<message type="text" />
			<message type="image" />
			<message type="voice" />
			<message type="location" />
			<message type="subscribe" />
			<message type="qr" />
			<message type="trace" />
			<message type="click" />
		</handles>

		<rule embed="false" />
		<card embed="false" />
		
		<supports>
			<item type="app" />
		</supports>
        <plugins>
			<item name="beta_car_plugin_seller"/></plugins> 
        <plugin-main name="" />

	</platform>

	<bindings>
		<menu>
			<entry title="首页" do="index" state="index" direct="false"/>
		</menu>

	</bindings>

	<permissions>
	</permissions>

	<install><![CDATA[
CREATE TABLE IF NOT EXISTS `ims_beta_car_ad` (
  `id` int(11) NOT NULL AUTO_INCREMENT,
  `uniacid` int(11) unsigned NOT NULL DEFAULT '0',
  `title` varchar(255) DEFAULT NULL,
  `link` varchar(255) DEFAULT NULL,
  `img` varchar(255) DEFAULT NULL,
  `q_id` int(11) DEFAULT NULL,
  PRIMARY KEY (`id`)
) ENGINE=MyISAM AUTO_INCREMENT=2 DEFAULT CHARSET=utf8;


CREATE TABLE IF NOT EXISTS `ims_beta_car_alicall_log` (
  `id` int(11) NOT NULL AUTO_INCREMENT,
  `phone_no` varchar(11) DEFAULT NULL,
  `peer_no` varchar(32) DEFAULT NULL,
  `sub_id` varchar(32) DEFAULT '0' COMMENT '0收入1支出',
  `call_time` varchar(32) DEFAULT '0',
  `release_time` varchar(32) DEFAULT NULL,
  `yinsi_type` int(1) DEFAULT NULL,
  `taocan_name` varchar(255) DEFAULT NULL,
  `time` varchar(255) DEFAULT NULL,
  `user_id` int(11) DEFAULT NULL,
  `type` int(1) DEFAULT NULL,
  `taocan_time` int(11) DEFAULT NULL,
  `uniacid` int(11) DEFAULT NULL,
  PRIMARY KEY (`id`)
) ENGINE=MyISAM DEFAULT CHARSET=utf8;


CREATE TABLE IF NOT EXISTS `ims_beta_car_axnbind` (
  `id` int(11) NOT NULL AUTO_INCREMENT,
  `uniacid` int(11) DEFAULT NULL,
  `user_id` int(11) DEFAULT NULL,
  `sub_id` varchar(50) DEFAULT NULL,
  `time` int(11) DEFAULT NULL,
  `bind_status` int(1) DEFAULT '0',
  `type` int(1) DEFAULT NULL,
  PRIMARY KEY (`id`)
) ENGINE=MyISAM DEFAULT CHARSET=utf8;


CREATE TABLE IF NOT EXISTS `ims_beta_car_car` (
  `id` int(11) NOT NULL AUTO_INCREMENT,
  `uniacid` int(11) NOT NULL,
  `car` varchar(8) NOT NULL,
  `mobile` varchar(11) NOT NULL,
  `openid` varchar(100) NOT NULL,
  `time` int(11) NOT NULL,
  `sn` varchar(32) NOT NULL,
  `qrcode` varchar(255) DEFAULT NULL,
  `engineno` varchar(255) DEFAULT NULL,
  `classno` varchar(255) DEFAULT NULL,
  `city` varchar(255) DEFAULT NULL,
  PRIMARY KEY (`id`)
) ENGINE=InnoDB DEFAULT CHARSET=utf8 ROW_FORMAT=REDUNDANT;


CREATE TABLE IF NOT EXISTS `ims_beta_car_car_axnbind` (
  `id` int(11) NOT NULL AUTO_INCREMENT,
  `uniacid` int(11) DEFAULT NULL,
  `user_id` int(11) DEFAULT NULL,
  `sub_id` varchar(50) DEFAULT NULL,
  `time` int(11) DEFAULT NULL,
  PRIMARY KEY (`id`)
) ENGINE=MyISAM DEFAULT CHARSET=utf8;


CREATE TABLE IF NOT EXISTS `ims_beta_car_cash_log` (
  `id` int(11) NOT NULL AUTO_INCREMENT,
  `userid` int(11) DEFAULT NULL,
  `tid` varchar(50) DEFAULT NULL,
  `uniacid` int(11) DEFAULT NULL,
  `cash` float(9,2) DEFAULT '0.00',
  `type` int(1) DEFAULT '0' COMMENT '0申请，1同意，2拒绝',
  `note` varchar(255) DEFAULT NULL,
  `time` int(11) DEFAULT NULL,
  PRIMARY KEY (`id`)
) ENGINE=MyISAM DEFAULT CHARSET=utf8;


CREATE TABLE IF NOT EXISTS `ims_beta_car_hexiao_log` (
  `id` int(11) NOT NULL AUTO_INCREMENT,
  `uniacid` int(11) DEFAULT NULL,
  `s_id` int(11) DEFAULT NULL,
  `user_id` int(11) DEFAULT NULL,
  `card_id` int(11) DEFAULT NULL,
  `time` int(11) DEFAULT NULL,
  PRIMARY KEY (`id`)
) ENGINE=MyISAM DEFAULT CHARSET=utf8;


CREATE TABLE IF NOT EXISTS `ims_beta_car_nullqrcode` (
  `id` int(11) NOT NULL AUTO_INCREMENT,
  `uniacid` int(11) DEFAULT NULL,
  `sn` varchar(255) DEFAULT NULL,
  `url` varchar(255) DEFAULT NULL,
  `tid` varchar(255) DEFAULT NULL,
  `status` int(1) DEFAULT '0',
  `q_id` int(11) DEFAULT NULL,
  `note` varchar(255) DEFAULT NULL,
  PRIMARY KEY (`id`)
) ENGINE=MyISAM AUTO_INCREMENT=501 DEFAULT CHARSET=utf8 ROW_FORMAT=DYNAMIC;


CREATE TABLE IF NOT EXISTS `ims_beta_car_nullqrcode_log` (
  `id` int(11) NOT NULL AUTO_INCREMENT,
  `uniacid` int(11) DEFAULT NULL,
  `tid` varchar(255) DEFAULT NULL,
  `count` varchar(255) DEFAULT NULL,
  `time` int(11) DEFAULT NULL,
  `q_id` int(11) DEFAULT NULL,
  `note` varchar(255) DEFAULT NULL,
  PRIMARY KEY (`id`)
) ENGINE=MyISAM AUTO_INCREMENT=2 DEFAULT CHARSET=utf8 ROW_FORMAT=DYNAMIC;


CREATE TABLE IF NOT EXISTS `ims_beta_car_order` (
  `id` int(11) NOT NULL AUTO_INCREMENT,
  `order_id` varchar(255) DEFAULT NULL,
  `uniacid` int(11) DEFAULT NULL,
  `userid` int(11) DEFAULT NULL,
  `userName` varchar(20) DEFAULT NULL,
  `telNumber` varchar(20) DEFAULT NULL,
  `address` varchar(255) DEFAULT NULL,
  `addtime` int(11) DEFAULT NULL,
  `expresn` varchar(30) DEFAULT NULL COMMENT '快递编号',
  `exprename` varchar(30) DEFAULT NULL COMMENT '快递公司',
  `status` int(1) DEFAULT '0' COMMENT '0待支付1支付成功2已发货',
  PRIMARY KEY (`id`)
) ENGINE=MyISAM DEFAULT CHARSET=utf8;


CREATE TABLE IF NOT EXISTS `ims_beta_car_pay` (
  `id` int(11) NOT NULL AUTO_INCREMENT,
  `user_id` int(11) DEFAULT NULL,
  `uniacid` int(11) DEFAULT NULL,
  `order_id` varchar(255) DEFAULT NULL,
  `type` varchar(255) DEFAULT NULL,
  `sn` varchar(255) DEFAULT NULL,
  PRIMARY KEY (`id`)
) ENGINE=MyISAM DEFAULT CHARSET=utf8 ROW_FORMAT=DYNAMIC;


CREATE TABLE IF NOT EXISTS `ims_beta_car_qudao` (
  `id` int(11) NOT NULL AUTO_INCREMENT,
  `uniacid` int(11) DEFAULT NULL,
  `name` varchar(255) DEFAULT NULL,
  PRIMARY KEY (`id`)
) ENGINE=MyISAM AUTO_INCREMENT=2 DEFAULT CHARSET=utf8;


CREATE TABLE IF NOT EXISTS `ims_beta_car_seller` (
  `id` int(11) NOT NULL AUTO_INCREMENT,
  `uniacid` int(11) DEFAULT NULL,
  `data` longtext,
  `user_id` int(11) DEFAULT NULL,
  PRIMARY KEY (`id`)
) ENGINE=MyISAM DEFAULT CHARSET=utf8;


CREATE TABLE IF NOT EXISTS `ims_beta_car_seller_add` (
  `id` int(11) NOT NULL AUTO_INCREMENT,
  `uniacid` int(11) DEFAULT NULL,
  `name` varchar(30) DEFAULT NULL,
  `tel` varchar(20) DEFAULT NULL,
  PRIMARY KEY (`id`)
) ENGINE=MyISAM DEFAULT CHARSET=utf8;


CREATE TABLE IF NOT EXISTS `ims_beta_car_seller_card` (
  `id` int(11) NOT NULL AUTO_INCREMENT,
  `uniacid` int(11) DEFAULT NULL,
  `s_id` int(11) DEFAULT NULL,
  `name` varchar(255) DEFAULT NULL,
  `money` float(9,0) DEFAULT NULL,
  `desc` text,
  `time` int(11) DEFAULT NULL,
  PRIMARY KEY (`id`)
) ENGINE=MyISAM DEFAULT CHARSET=utf8;


CREATE TABLE IF NOT EXISTS `ims_beta_car_setting` (
  `id` int(11) NOT NULL AUTO_INCREMENT,
  `uniacid` int(11) NOT NULL,
  `site_name` varchar(255) DEFAULT NULL,
  `template_id` varchar(255) DEFAULT NULL,
  `img` varchar(255) DEFAULT NULL,
  `car_set` int(1) DEFAULT '0',
  `user_set` int(1) DEFAULT '0',
  `shop` float(9,2) DEFAULT '0.00',
  `yinhao_set` int(1) DEFAULT '0',
  `accessKey_id` varchar(255) DEFAULT NULL,
  `accessKey_secret` varchar(255) DEFAULT NULL,
  `fckey` varchar(255) DEFAULT NULL,
  `wx_header` varchar(255) DEFAULT '亲爱的智能挪车用户，您收到一条挪车请求，请尽快查看车辆，谢谢！',
  `wx_footer` varchar(255) DEFAULT '感谢您使用智能挪车，谢谢',
  `fenxiang_title` varchar(255) DEFAULT NULL,
  `fenxiang_dec` varchar(255) DEFAULT NULL,
  `fenxiang_img` varchar(255) DEFAULT NULL,
  `wx_time` int(11) DEFAULT '60',
  `tel_time` int(11) DEFAULT '10',
  `shop_img` varchar(255) DEFAULT NULL,
  `sms_set` int(1) DEFAULT '0',
  `sms_sid` varchar(32) DEFAULT NULL,
  `sms_token` varchar(32) DEFAULT NULL,
  `sms_appid` varchar(32) DEFAULT NULL,
  `sms_templateid` int(11) DEFAULT NULL,
  `seller_set` int(1) DEFAULT '1',
  `qrcode_set` int(1) DEFAULT '1',
  `mapkey` varchar(255) DEFAULT NULL,
  `yinsi_type` int(1) DEFAULT NULL,
  `yinsi_des` text,
  `sms_type` int(1) DEFAULT '1',
  `smssignname` varchar(50) DEFAULT NULL,
  `ali_templateid` varchar(50) DEFAULT NULL,
  `yinsi` int(1) DEFAULT '0',
  `hwappkey` varchar(100) DEFAULT NULL,
  `hwappsecret` varchar(100) DEFAULT NULL,
  `hwstoptime` int(3) DEFAULT '0',
  `audio` varchar(50) DEFAULT NULL,
  `carhead` varchar(10) DEFAULT NULL,
  PRIMARY KEY (`id`)
) ENGINE=MyISAM AUTO_INCREMENT=2 DEFAULT CHARSET=utf8;


CREATE TABLE IF NOT EXISTS `ims_beta_car_unisetting` (
  `id` int(11) NOT NULL AUTO_INCREMENT,
  `uniacid` int(11) DEFAULT NULL,
  `cash` int(3) DEFAULT '50',
  `tixian` float(9,2) DEFAULT '0.00',
  `time` int(11) DEFAULT NULL,
  `fw_set` int(1) DEFAULT '1',
  PRIMARY KEY (`id`)
) ENGINE=MyISAM DEFAULT CHARSET=utf8;


CREATE TABLE IF NOT EXISTS `ims_beta_car_url` (
  `id` int(11) NOT NULL AUTO_INCREMENT,
  `uniacid` int(11) DEFAULT NULL,
  `data` longtext,
  PRIMARY KEY (`id`)
) ENGINE=MyISAM DEFAULT CHARSET=utf8;


CREATE TABLE IF NOT EXISTS `ims_beta_car_user` (
  `id` int(11) NOT NULL AUTO_INCREMENT,
  `uniacid` int(11) DEFAULT NULL,
  `openid` varchar(255) DEFAULT NULL,
  `nickname` varchar(255) DEFAULT NULL,
  `headimg` varchar(255) DEFAULT NULL,
  `wx_set` int(1) DEFAULT '1',
  `phone_set` int(1) DEFAULT '1',
  `wx_img` varchar(255) DEFAULT NULL,
  `cash` float(9,2) DEFAULT '0.00',
  `re_cash` float(9,2) DEFAULT '0.00',
  `reid` int(11) DEFAULT NULL,
  `bindtime` int(11) DEFAULT NULL,
  `bindnum` varchar(30) DEFAULT NULL,
  `remain_time` int(11) NOT NULL DEFAULT '0',
  PRIMARY KEY (`id`)
) ENGINE=MyISAM AUTO_INCREMENT=2 DEFAULT CHARSET=utf8 ROW_FORMAT=DYNAMIC;


CREATE TABLE IF NOT EXISTS `ims_beta_car_user_card` (
  `id` int(11) NOT NULL AUTO_INCREMENT,
  `uniacid` int(11) DEFAULT NULL,
  `user_id` int(11) DEFAULT NULL,
  `card_id` int(11) DEFAULT NULL,
  `time` int(1) DEFAULT NULL,
  `status` int(1) DEFAULT NULL,
  `hexiao_time` int(11) DEFAULT NULL,
  PRIMARY KEY (`id`)
) ENGINE=MyISAM DEFAULT CHARSET=utf8;


CREATE TABLE IF NOT EXISTS `ims_beta_car_user_log` (
  `id` int(11) NOT NULL AUTO_INCREMENT,
  `userid` int(11) DEFAULT NULL,
  `uniacid` int(11) DEFAULT NULL,
  `type` int(1) DEFAULT '0' COMMENT '0收入1支出',
  `money` float(9,2) DEFAULT '0.00',
  `note` varchar(255) DEFAULT NULL,
  `time` int(11) DEFAULT NULL,
  PRIMARY KEY (`id`)
) ENGINE=MyISAM DEFAULT CHARSET=utf8;


CREATE TABLE IF NOT EXISTS `ims_beta_car_wzcode` (
  `id` int(11) NOT NULL AUTO_INCREMENT,
  `uniacid` int(11) DEFAULT NULL,
  `code` varchar(32) DEFAULT NULL,
  `tid` varchar(255) DEFAULT NULL,
  `status` int(1) DEFAULT '0',
  PRIMARY KEY (`id`)
) ENGINE=MyISAM AUTO_INCREMENT=502 DEFAULT CHARSET=utf8 ROW_FORMAT=DYNAMIC;


CREATE TABLE IF NOT EXISTS `ims_beta_car_wzcode_log` (
  `id` int(11) NOT NULL AUTO_INCREMENT,
  `uniacid` int(11) DEFAULT NULL,
  `tid` varchar(255) DEFAULT NULL,
  `count` varchar(255) DEFAULT NULL,
  `time` int(11) DEFAULT NULL,
  PRIMARY KEY (`id`)
) ENGINE=MyISAM AUTO_INCREMENT=3 DEFAULT CHARSET=utf8 ROW_FORMAT=DYNAMIC;


CREATE TABLE IF NOT EXISTS `ims_beta_car_wzlog` (
  `id` int(11) NOT NULL AUTO_INCREMENT,
  `uniacid` int(11) DEFAULT NULL,
  `sn` varchar(255) DEFAULT NULL,
  `data` longtext,
  `archiveno` varchar(255) DEFAULT NULL,
  `status` int(1) DEFAULT '0' COMMENT '是否推送',
  `wztime` int(1) DEFAULT NULL,
  PRIMARY KEY (`id`)
) ENGINE=MyISAM DEFAULT CHARSET=utf8;


CREATE TABLE IF NOT EXISTS `ims_beta_car_wzts` (
  `id` int(11) NOT NULL AUTO_INCREMENT,
  `order_id` varchar(255) DEFAULT NULL,
  `uniacid` int(11) DEFAULT NULL,
  `user_id` int(11) DEFAULT NULL,
  `sn` varchar(255) DEFAULT NULL,
  `paytime` int(11) DEFAULT NULL,
  `endtime` int(11) DEFAULT NULL,
  `status` int(1) DEFAULT '0' COMMENT '0：未支付 1支付成功 2过期',
  `next_time` int(11) DEFAULT NULL,
  PRIMARY KEY (`id`)
) ENGINE=MyISAM DEFAULT CHARSET=utf8;


CREATE TABLE IF NOT EXISTS `ims_beta_car_yinsi_shop` (
  `id` int(11) NOT NULL AUTO_INCREMENT,
  `uniacid` int(11) DEFAULT NULL,
  `name` varchar(50) DEFAULT NULL,
  `remain_time` int(11) DEFAULT NULL,
  `money` float(11,2) DEFAULT NULL,
  `time` int(11) DEFAULT NULL,
  PRIMARY KEY (`id`)
) ENGINE=MyISAM DEFAULT CHARSET=utf8;


CREATE TABLE IF NOT EXISTS `ims_beta_car_zengzhi` (
  `id` int(11) NOT NULL AUTO_INCREMENT,
  `uniacid` int(11) DEFAULT NULL,
  `weizhang` longtext,
  PRIMARY KEY (`id`)
) ENGINE=MyISAM AUTO_INCREMENT=3 DEFAULT CHARSET=utf8 ROW_FORMAT=DYNAMIC;

]]></install>
	<uninstall><![CDATA[DROP TABLE IF EXISTS `ims_beta_car_ad`;
DROP TABLE IF EXISTS `ims_beta_car_alicall_log`;
DROP TABLE IF EXISTS `ims_beta_car_axnbind`;
DROP TABLE IF EXISTS `ims_beta_car_car`;
DROP TABLE IF EXISTS `ims_beta_car_car_axnbind`;
DROP TABLE IF EXISTS `ims_beta_car_cash_log`;
DROP TABLE IF EXISTS `ims_beta_car_hexiao_log`;
DROP TABLE IF EXISTS `ims_beta_car_nullqrcode`;
DROP TABLE IF EXISTS `ims_beta_car_nullqrcode_log`;
DROP TABLE IF EXISTS `ims_beta_car_order`;
DROP TABLE IF EXISTS `ims_beta_car_pay`;
DROP TABLE IF EXISTS `ims_beta_car_qudao`;
DROP TABLE IF EXISTS `ims_beta_car_seller`;
DROP TABLE IF EXISTS `ims_beta_car_seller_add`;
DROP TABLE IF EXISTS `ims_beta_car_seller_card`;
DROP TABLE IF EXISTS `ims_beta_car_setting`;
DROP TABLE IF EXISTS `ims_beta_car_unisetting`;
DROP TABLE IF EXISTS `ims_beta_car_url`;
DROP TABLE IF EXISTS `ims_beta_car_user`;
DROP TABLE IF EXISTS `ims_beta_car_user_card`;
DROP TABLE IF EXISTS `ims_beta_car_user_log`;
DROP TABLE IF EXISTS `ims_beta_car_wzcode`;
DROP TABLE IF EXISTS `ims_beta_car_wzcode_log`;
DROP TABLE IF EXISTS `ims_beta_car_wzlog`;
DROP TABLE IF EXISTS `ims_beta_car_wzts`;
DROP TABLE IF EXISTS `ims_beta_car_yinsi_shop`;
DROP TABLE IF EXISTS `ims_beta_car_zengzhi`;
]]></uninstall>
	<upgrade><![CDATA[upgrade.php]]></upgrade>

</manifest>
