[{"path":"\/data\/qrcode\/20190622\/62e4b76dd76a276a23f893720e5319b2.png","checksum":"7068a45c2482a78c0ad79cfe5433965c"},{"path":"\/data\/qrcode\/car.png","checksum":"cc7a591bf03f5faee76ca1821ab50a54"},{"path":"\/data\/qrcode\/font.ttf","checksum":"f80465e9d8cea2b48da01f5aba236b59"},{"path":"\/icon.jpg","checksum":"736c05a9ec2122e28970556509f4916c"},{"path":"\/inc\/web\/user\/index.html","checksum":"7f527764a4070ff13d78f7bb7faf23ed"},{"path":"\/inc\/web\/user\/list.html","checksum":"958d81bdda68aee5cc199a90233dfdff"},{"path":"\/inc\/web\/user\/query_user.html","checksum":"c7a34acf9a84ebcbdb2f88bb80769a27"},{"path":"\/install.php","checksum":"5d46882ad928ce7ea21379189d72f7e9"},{"path":"\/module.php","checksum":"b0d7379699f8fc7df9b7a062674d9b9c"},{"path":"\/phoneapp.php","checksum":"b53b6e289a5a51944597cd02072af89b"},{"path":"\/plugin\/alisdk\/dypls\/SignatureHelper.php","checksum":"03ad72698b7fee9eb278d0847e495811"},{"path":"\/plugin\/alisdk\/dysms\/sendsms.php","checksum":"2c6d302ade7dda91bc8982a68d8baaad"},{"path":"\/plugin\/alisdk\/dysms\/SignatureHelper.php","checksum":"4ce6d450410b8f51f15252e0877731b5"},{"path":"\/preview.jpg","checksum":"fee9458c29cdccf10af7ec01155dc7f0"},{"path":"\/processor.php","checksum":"3654cbd8a4afc1d94427cc519388d36c"},{"path":"\/receiver.php","checksum":"847e40f5d7757248203a6497ee53a955"},{"path":"\/site.php","checksum":"5e909d992dc2eee752060610d67ddefd"},{"path":"\/static\/css\/addcar.css","checksum":"240c5e39c227aa3684682c976f15115e"},{"path":"\/static\/css\/foot.css","checksum":"74c077757e75198897a2fce6a084d9cf"},{"path":"\/static\/css\/movecar.css","checksum":"cc888ed165be43df1af387e721715fdd"},{"path":"\/static\/css\/seller_info.css","checksum":"f3102dc48f55f6f0975489cc39bfa416"},{"path":"\/static\/css\/style.css","checksum":"668d7ffa0f1b807c223b2a7a4d914088"},{"path":"\/static\/css\/swiper.min.css","checksum":"9097e7972b059ecae0f5bb78a0186f71"},{"path":"\/static\/img\/bind.png","checksum":"35b559edc549c7bcad647205cb6f73a8"},{"path":"\/static\/img\/carmsg.png","checksum":"e8fe8812936a307fe1b5bcb2122a862d"},{"path":"\/static\/img\/che.png","checksum":"5c34da6e75bc67cee0294accc8b01916"},{"path":"\/static\/img\/che2.png","checksum":"7133e245557bcdd659894eccb9c6124e"},{"path":"\/static\/img\/head-bj.png","checksum":"dc61a7f02a7dd7435edf343a8ad95608"},{"path":"\/static\/img\/lingquan.png","checksum":"14b5d572e89b7a5392c64f2359eb0309"},{"path":"\/static\/img\/movecar_tips.png","checksum":"4d142286e0c59537a64cd50fa04bd7e4"},{"path":"\/static\/img\/nocar.png","checksum":"a3dc4476fd409dc25d7d61baec8123ae"},{"path":"\/static\/img\/nullorder.png","checksum":"cac5adcba736125a4658d6a4b9cad75a"},{"path":"\/static\/img\/order.png","checksum":"e719ea0e3cb158d111e4d5eff20d57a8"},{"path":"\/static\/img\/qrcode.png","checksum":"433dbd99d39b620e45c7cf26810e1833"},{"path":"\/static\/img\/qrlistsetting.png","checksum":"35d6e6c6ca18f6ce5313494abc365208"},{"path":"\/static\/img\/quan.png","checksum":"a0dd583037e0dfcabe561f97cacac41f"},{"path":"\/static\/img\/user_code.png","checksum":"4e99deed112e901c52a04fb167a40de5"},{"path":"\/static\/img\/user_daili.png","checksum":"179e364f8fe676f2266591fcbc23cb14"},{"path":"\/static\/img\/user_phone.png","checksum":"c36d5e42fbee26e6af36d3d11fffe3c4"},{"path":"\/static\/img\/user_setting.png","checksum":"243b51dfacf9bfbcec5f0f94b2df18e9"},{"path":"\/static\/img\/user_weixin.png","checksum":"17cb00fb39af06050df8693852fcd122"},{"path":"\/static\/img\/wave.gif","checksum":"cbde6f5e83388a096d28fab7339d56fd"},{"path":"\/static\/img\/wxmsg.png","checksum":"23133e044d486bee37cb94949b468d1c"},{"path":"\/static\/img\/yinsi.png","checksum":"8db2b154dbc425c1a14579c0dc06183d"},{"path":"\/static\/js\/jquery.min.js","checksum":"24f2e59beae1680f19632d9c1b89d730"},{"path":"\/static\/js\/layer_mobile\/layer.js","checksum":"79b7829af0bbfea5760aa606bf1a02c7"},{"path":"\/static\/js\/layer_mobile\/need\/layer.css","checksum":"633915e62d14a714594b95b974ee0836"},{"path":"\/static\/js\/swiper.min.js","checksum":"53fc0155c6c3cb55f34b749325ebb370"},{"path":"\/static\/mobile\/1.html","checksum":"002d3aea9be2fd4e5d99c9c12ebc696d"},{"path":"\/static\/mobile\/css\/charge_info.css","checksum":"6749b9e436e0fc42857d925eb0b27623"},{"path":"\/static\/mobile\/css\/order.css","checksum":"d5fccea55b58d3a9f9ec14e0243ea5f4"},{"path":"\/static\/mobile\/css\/seller.css","checksum":"fb79336fd03afc2ba9a1135f4cc82ecc"},{"path":"\/static\/mobile\/css\/style.css","checksum":"bfe3453e3ae86624c7377856fa858844"},{"path":"\/static\/mobile\/duijiang.html","checksum":"4c3b4eddc620134615b26ef7d929ddea"},{"path":"\/static\/mobile\/duijiangoffline.html","checksum":"1182c8acb0126e2390ad03081b9cf06b"},{"path":"\/static\/mobile\/duijiangonline.html","checksum":"dcacf63291b090c3721a4a04313a1e9c"},{"path":"\/static\/mobile\/img\/bn.jpg","checksum":"2a9a2ce72a26b21c60b02a0052ebdf46"},{"path":"\/static\/mobile\/img\/dianchi.png","checksum":"ac3429d8bc9dc54c9daf71785ffaf14a"},{"path":"\/static\/mobile\/img\/head-bj.png","checksum":"dc61a7f02a7dd7435edf343a8ad95608"},{"path":"\/static\/mobile\/img\/icon-wx.png","checksum":"b422373d989000be5ebf3f1885fee708"},{"path":"\/static\/mobile\/img\/nullorder.png","checksum":"cac5adcba736125a4658d6a4b9cad75a"},{"path":"\/static\/mobile\/img\/order.png","checksum":"e719ea0e3cb158d111e4d5eff20d57a8"},{"path":"\/static\/mobile\/img\/suo.png","checksum":"9b04f9e34424688a499c0480810d87f4"},{"path":"\/static\/mobile\/img\/user.png","checksum":"87646807381b1e353ab179893d6c2d9f"},{"path":"\/static\/mobile\/img\/user_setting.png","checksum":"606d7a3626c9f7ebdcc17dd211c69336"},{"path":"\/static\/mobile\/img\/yaoshi.png","checksum":"55985c2ef6d49ef3d8bd99b7b0cb7b01"},{"path":"\/static\/mobile\/js\/chart.js","checksum":"ffdac731979fb255fab87663831b0228"},{"path":"\/static\/mobile\/js\/layer_mobile\/layer.js","checksum":"79b7829af0bbfea5760aa606bf1a02c7"},{"path":"\/static\/mobile\/js\/layer_mobile\/need\/layer.css","checksum":"633915e62d14a714594b95b974ee0836"},{"path":"\/static\/mobile\/js\/main.js","checksum":"b7d95d7d9451413393bb06acf559ee3b"},{"path":"\/template\/mobile\/addcar.html","checksum":"77933a5e55b9cc554f396caa584ecf05"},{"path":"\/template\/mobile\/alicall_log.html","checksum":"a17bf544e52d61f794bb63dfeac3569f"},{"path":"\/template\/mobile\/bind.html","checksum":"abc413a135f64ca71e66315c592dc842"},{"path":"\/template\/mobile\/carlist.html","checksum":"18f341c138cf581be1011597a6a4a9ce"},{"path":"\/template\/mobile\/car_location.html","checksum":"26185cc78498eb28f446f675601871ba"},{"path":"\/template\/mobile\/edit_car.html","checksum":"cd7c62d924b6c530bfdcdf74d353f4c3"},{"path":"\/template\/mobile\/footer.html","checksum":"de8f5a443cfee6c1777d7a6d619574d2"},{"path":"\/template\/mobile\/g_seller\/cardadd.html","checksum":"150dcabb50cc250bf993ba676961ec74"},{"path":"\/template\/mobile\/g_seller\/cardlist.html","checksum":"23eed2a8828a548738b5b679d4a716ef"},{"path":"\/template\/mobile\/g_seller\/hexiao_log.html","checksum":"0e14d7549a9b0c731827ffdd490279b3"},{"path":"\/template\/mobile\/g_seller\/seller.html","checksum":"8d89d21365e461a2c107317bbbc33218"},{"path":"\/template\/mobile\/header.html","checksum":"e8da490f14033f39beaf98f760de451b"},{"path":"\/template\/mobile\/index.html","checksum":"fcf3e88002c02b7dec7eac2f2def3182"},{"path":"\/template\/mobile\/jssdk.html","checksum":"f73cc8e0fc3b6748ac02fc457a6c5603"},{"path":"\/template\/mobile\/movecar.html","checksum":"baf5e3d23aec3e2edcfcc3c38d3ee359"},{"path":"\/template\/mobile\/myteam.html","checksum":"0066b401bf83243d089d6dea4b3b15ad"},{"path":"\/template\/mobile\/newheader.html","checksum":"e0da8b7c226a599c571d359ab25b26e1"},{"path":"\/template\/mobile\/orderlist.html","checksum":"b5f506482ee4b375423dbbd28c6e1f3c"},{"path":"\/template\/mobile\/qrlist.html","checksum":"00a1141beef86e7a4098d2544a4fa5da"},{"path":"\/template\/mobile\/select_qrcode.html","checksum":"973df984178025ae8338301152975355"},{"path":"\/template\/mobile\/seller.html","checksum":"01b8e5a89c3283f4fe4aec699542562a"},{"path":"\/template\/mobile\/seller_add.html","checksum":"b393738d7174694d8ae8ff92e3259fde"},{"path":"\/template\/mobile\/seller_info.html","checksum":"efb48bfeefbc1661b38d5271a25f0461"},{"path":"\/template\/mobile\/shop.html","checksum":"5bd5740b45bd63b66185c0cdd70ddbf1"},{"path":"\/template\/mobile\/show.html","checksum":"4d917da73b8bbc5519942a3455a2feb2"},{"path":"\/template\/mobile\/teamlist.html","checksum":"c62c5bdd51e120f2bbf17fb253f28876"},{"path":"\/template\/mobile\/user.html","checksum":"fc424773d2fa51e77666188218eecaae"},{"path":"\/template\/mobile\/usercard.html","checksum":"c99bdba91b8ee38988e277fb522bd2a4"},{"path":"\/template\/mobile\/user_bak.html","checksum":"860b04afedaeea4e4fb31a3fe4319ee7"},{"path":"\/template\/mobile\/user_log.html","checksum":"4e82f1303adedf4647d49981bd326540"},{"path":"\/template\/mobile\/u_setting.html","checksum":"abb6fe615c069f3c7151810f282e6257"},{"path":"\/template\/mobile\/weixin.html","checksum":"98625a089d1d12f7dec37b82e3aaab7a"},{"path":"\/template\/mobile\/weizhang.html","checksum":"9db96d527f10bf4dcfaf72bdc843ca72"},{"path":"\/template\/mobile\/weizhang_log.html","checksum":"3f5cecf987116a4124bef472c0a1e1e9"},{"path":"\/template\/mobile\/wxconfig.html","checksum":"f89a8c337430a5a9f2120f8e41290c7c"},{"path":"\/template\/mobile\/yinsi.html","checksum":"01a5c5debefb03fca36165f755b52b1c"},{"path":"\/template\/mobile\/yinsi_info.html","checksum":"b096164cbed1ad91786e6ff6d3439b7f"},{"path":"\/template\/mobile\/zengzhi.html","checksum":"d75bb1a7cde76da72c42fede96f4376a"},{"path":"\/template\/res\/css\/index.css","checksum":"bf71f0e9b9b60db8539fed50ac4ec350"},{"path":"\/template\/res\/css\/user.css","checksum":"98fea9afd62320372d0774c281da6bd0"},{"path":"\/template\/res\/css\/usercard.css","checksum":"6cb7a61b15afa1ba63e340b32f1f8614"},{"path":"\/template\/res\/img\/background.png","checksum":"14db78e0975d6dcacad12529a8153960"},{"path":"\/template\/res\/img\/goumai.png","checksum":"1b0c0f7b24451c4a26d8442f60fc5a03"},{"path":"\/template\/res\/img\/mapshangjia.png","checksum":"1cb51e3d584434b1781da531f6cd9598"},{"path":"\/template\/res\/img\/mapshangjia1.png","checksum":"cf772d45105f4760076fef2dd3d1b252"},{"path":"\/template\/res\/img\/qrcode.png","checksum":"71c884294628f44c44284135ae30b087"},{"path":"\/template\/res\/img\/saorao.png","checksum":"1e6645426ac9cdbd3cf6261d22335806"},{"path":"\/template\/res\/img\/shangjia.png","checksum":"e95c553adc5be960255e35ad2aa39d34"},{"path":"\/template\/res\/img\/tuijian.png","checksum":"ed66617b951ba93b94573b4b28b46dd1"},{"path":"\/template\/res\/img\/vip.png","checksum":"5985175cb6c65460243f3d02db5a10fe"},{"path":"\/template\/res\/img\/weizhi.png","checksum":"56f5844e32a4c7a1a27eb0be53fdb945"},{"path":"\/template\/res\/img\/yinsi_shop.gif","checksum":"bc0d5a6ae86bc83cbc2652137d8c95d8"},{"path":"\/template\/res\/img\/zaixian.png","checksum":"f7469eb5fe23fecac049948662965a5f"},{"path":"\/template\/res\/js\/tab.js","checksum":"a5265c9d8aea51ecb13def055da75198"},{"path":"\/template\/shop\/css\/coupon-new.css","checksum":"ff46994a3241d2a43cc37754f17e9cec"},{"path":"\/template\/shop\/css\/coupon.css","checksum":"2b94f35b94daf04c35fc819ae34f1317"},{"path":"\/template\/shop\/css\/font_82607_e93d131lklr6n7b9.css","checksum":"a3d772cb180b3a6f30150fe7ea72b833"},{"path":"\/template\/shop\/css\/foxui.min.css","checksum":"1f9797f56dd96edca27b62288a69a419"},{"path":"\/template\/shop\/css\/iconfont.css","checksum":"f7c810f1b1698e375fca02b35445ee56"},{"path":"\/template\/shop\/css\/order.css","checksum":"1261af4dca2bb42eb1937981b29f61fc"},{"path":"\/template\/shop\/css\/style.css","checksum":"32d9cc7846c82ce92e690bf546af0589"},{"path":"\/template\/shop\/images\/arrow.png","checksum":"0ded52605b254cb6f799d06e0cf21e23"},{"path":"\/template\/shop\/images\/coupon_bg_blue.png","checksum":"46f90daf0366fae045d4e3dce7315c92"},{"path":"\/template\/shop\/images\/coupon_bg_gray.png","checksum":"101b27fd3493e3a40ac586576866b6dd"},{"path":"\/template\/shop\/images\/coupon_bg_green.png","checksum":"f49d6d7a8414cd0aa6ab8340d411d5e7"},{"path":"\/template\/shop\/images\/coupon_bg_orange.png","checksum":"9b6c19b5a13d134ce62f1e19d3c96f51"},{"path":"\/template\/shop\/images\/coupon_bg_purple.png","checksum":"7c6112d118d9ee64602bbe4dd6f07b99"},{"path":"\/template\/shop\/images\/coupon_bg_red.png","checksum":"a446246631a64c541023340d161f1c82"},{"path":"\/template\/shop\/images\/coupon_bg_white.png","checksum":"a0a1a56b0f9aa9fbd51b405f50098243"},{"path":"\/template\/shop\/images\/coupon_stamp_01.png","checksum":"4da00f6c91f398eed48dc1864631da95"},{"path":"\/template\/shop\/images\/coupon_stamp_02.png","checksum":"688041323c5fc6d4a06d5abd63f57e16"},{"path":"\/template\/shop\/images\/coupon_stamp_03.png","checksum":"54e0af30b1f030a9d54de2e33d61f594"},{"path":"\/template\/shop\/images\/coupon_stamp_04.png","checksum":"aaa642610dd2b7dda8ac3dccb3950342"},{"path":"\/template\/shop\/images\/coupon_stamp_05.png","checksum":"b65f2f169cc62a377d11bfae415c1956"},{"path":"\/template\/shop\/images\/coupon_stamp_06.png","checksum":"5be057970d93f72e0682c497e07b5220"},{"path":"\/template\/shop\/images\/gold.png","checksum":"2b753f2cda9e82274643df5511a2faf6"},{"path":"\/template\/shop\/images\/icon_audio_reading_1.png","checksum":"f3039278c4a791178f2c6391816f048a"},{"path":"\/template\/shop\/images\/icon_audio_reading_2.png","checksum":"ed682633e0f4f4e2c9ca660c2f30437b"},{"path":"\/template\/shop\/images\/icon_audio_reading_3.png","checksum":"e87492f7ed9173415d98ad72560cfab5"},{"path":"\/template\/shop\/images\/icon_audio_reading_gray_1.png","checksum":"15719bd38edf1256f786c59564cd7af8"},{"path":"\/template\/shop\/images\/icon_audio_reading_gray_2.png","checksum":"b3dcaa03ed7dbbe912a62ca1f8f0517d"},{"path":"\/template\/shop\/images\/icon_audio_reading_gray_3.png","checksum":"aae45a58b39defd546e8369a41e9dd13"},{"path":"\/template\/shop\/images\/icon_audio_reading_green_1.png","checksum":"474e2e897079b386ce7450f906fe464f"},{"path":"\/template\/shop\/images\/icon_audio_reading_green_2.png","checksum":"c63b359ed4d9935d02753dfb5206f5ba"},{"path":"\/template\/shop\/images\/icon_audio_reading_green_3.png","checksum":"a4e2b0c8814828349b227b4aa07676b2"},{"path":"\/template\/shop\/images\/label1.png","checksum":"d209dc986edddfead1922ad7aaaecd5c"},{"path":"\/template\/shop\/images\/label2.png","checksum":"6e6f28a05a54784526a2754b1257f5ed"},{"path":"\/template\/shop\/images\/order_line.png","checksum":"43d638e1d0fa55f18f1bc882ab2c3218"},{"path":"\/template\/shop\/images\/qrcode.jpg","checksum":"b86b67042599b7920602482fdffac414"},{"path":"\/template\/shop\/images\/tip-icon.jpg","checksum":"184375de63b4e89a60dd1e3c409dfb0c"},{"path":"\/template\/shop\/js\/layer_mobile\/layer.js","checksum":"79b7829af0bbfea5760aa606bf1a02c7"},{"path":"\/template\/shop\/js\/layer_mobile\/need\/layer.css","checksum":"633915e62d14a714594b95b974ee0836"},{"path":"\/template\/static\/addcar\/static\/css\/common_mobile.css","checksum":"6b2128a6b75db0c11ccc12568448766b"},{"path":"\/template\/static\/addcar\/static\/css\/index.css","checksum":"40ba8639cf4d0a76aba6579c7575c388"},{"path":"\/template\/static\/addcar\/static\/images\/icom2.png","checksum":"961973da2068e103ced8c0b1dd42dd59"},{"path":"\/template\/static\/addcar\/static\/images\/panel.png","checksum":"e608fe2e680c77492d29e2b0892aa5ca"},{"path":"\/template\/static\/addcar\/static\/js\/jquery.min.js","checksum":"24f2e59beae1680f19632d9c1b89d730"},{"path":"\/template\/static\/addcar\/static\/picture\/banner.jpg","checksum":"9a637b02a7c964d441d8f3c1f2e25ab7"},{"path":"\/template\/static\/assets\/css\/bootstrap.min.css","checksum":"5269b4dc95857c1c8efcb1d66ee01e88"},{"path":"\/template\/static\/assets\/css\/demo.css","checksum":"84769f876af4a59324c1a03e524d84ee"},{"path":"\/template\/static\/assets\/css\/ready.css","checksum":"5a6604937bd5ae8465be5c16c0b5933f"},{"path":"\/template\/static\/assets\/css\/ready.css.map","checksum":"c6a1b48612c4b9901f0fc87020892695"},{"path":"\/template\/static\/assets\/css\/ready.min.css","checksum":"a6736af11edae669996af5d97d07a254"},{"path":"\/template\/static\/assets\/fonts\/line-awesome.eot","checksum":"3f85d8035b4ccd91d2a1808dd22b7684"},{"path":"\/template\/static\/assets\/fonts\/line-awesome.svg","checksum":"131b7f1e91a652791f08f5ccfe702645"},{"path":"\/template\/static\/assets\/fonts\/line-awesome.ttf","checksum":"4d42f5f0c62a8f51e876c14575354a6e"},{"path":"\/template\/static\/assets\/fonts\/line-awesome.woff","checksum":"8b1290595e57e1d49d95ff3fa1129ecc"},{"path":"\/template\/static\/assets\/fonts\/line-awesome.woff2","checksum":"452a5b42cb4819f09d35bcf6cbdb24c1"},{"path":"\/template\/static\/assets\/img\/menu.png","checksum":"518c57e5d26f3d48a89202a4ef72ae20"},{"path":"\/template\/static\/assets\/img\/menu2.png","checksum":"7ba3d78cea022c6644e56f9e0bcce19e"},{"path":"\/template\/static\/assets\/img\/profile.jpg","checksum":"f68ab22373bd266f393f302a695702ad"},{"path":"\/template\/static\/assets\/img\/profile2.jpg","checksum":"ad6cb792700238b2a2b4fb5fa8dc3b9c"},{"path":"\/template\/static\/assets\/js\/core\/bootstrap.min.js","checksum":"14d449eb8876fa55e1ef3c2cc52b0c17"},{"path":"\/template\/static\/assets\/js\/core\/jquery.3.2.1.min.js","checksum":"c9f5aeeca3ad37bf2aa006139b935f0a"},{"path":"\/template\/static\/assets\/js\/core\/popper.min.js","checksum":"3621381129597bf34d48a9e2623e05c9"},{"path":"\/template\/static\/assets\/js\/demo.js","checksum":"5516b250317a3fede9cac6ee4710a252"},{"path":"\/template\/static\/assets\/js\/plugin\/bootstrap-notify\/bootstrap-notify.min.js","checksum":"b8b5397c883f2ee4f9db9045d512bafb"},{"path":"\/template\/static\/assets\/js\/plugin\/bootstrap-toggle\/bootstrap-toggle.min.js","checksum":"4f3a8e499de27e992b7f0e0f92de3491"},{"path":"\/template\/static\/assets\/js\/plugin\/chart-circle\/circles.min.js","checksum":"99ead66300a59766160d0f32fd9942ca"},{"path":"\/template\/static\/assets\/js\/plugin\/chartist\/chartist.min.js","checksum":"cf9d912db488847b9ee2c7993eaf5e27"},{"path":"\/template\/static\/assets\/js\/plugin\/chartist\/plugin\/chartist-plugin-tooltip.min.js","checksum":"b15e614a69cb08ec8a3a41b866f1d6b5"},{"path":"\/template\/static\/assets\/js\/plugin\/jquery-mapael\/jquery.mapael.min.js","checksum":"4015779a5c170febcc2e07834bce7d46"},{"path":"\/template\/static\/assets\/js\/plugin\/jquery-mapael\/maps\/france_departments.js","checksum":"79e4b8187ad4c1b70ed077c7599da56a"},{"path":"\/template\/static\/assets\/js\/plugin\/jquery-mapael\/maps\/france_departments.min.js","checksum":"fc6ebda2520e82e31daf2f6e91c87e27"},{"path":"\/template\/static\/assets\/js\/plugin\/jquery-mapael\/maps\/README.txt","checksum":"5c206f044f481990a984352731db95fb"},{"path":"\/template\/static\/assets\/js\/plugin\/jquery-mapael\/maps\/usa_states.js","checksum":"57b1461b95d5eb09441615c0b9d4d0c7"},{"path":"\/template\/static\/assets\/js\/plugin\/jquery-mapael\/maps\/usa_states.min.js","checksum":"6dbede3937a43c3d9bb295a544429d2a"},{"path":"\/template\/static\/assets\/js\/plugin\/jquery-mapael\/maps\/world_countries.js","checksum":"c9cdb1c2403585b5131cbea82d0b4cab"},{"path":"\/template\/static\/assets\/js\/plugin\/jquery-mapael\/maps\/world_countries.min.js","checksum":"70872235b2a463bf9945dad32f9aa1b2"},{"path":"\/template\/static\/assets\/js\/plugin\/jquery-mapael\/maps\/world_countries_mercator.js","checksum":"bf4a6349d89eb70608af4d2bfd5d7326"},{"path":"\/template\/static\/assets\/js\/plugin\/jquery-mapael\/maps\/world_countries_mercator.min.js","checksum":"0abfe22a45b0144d8d362a42f443c951"},{"path":"\/template\/static\/assets\/js\/plugin\/jquery-mapael\/maps\/world_countries_miller.js","checksum":"0ebadb9caa41876413504777c3e9fe22"},{"path":"\/template\/static\/assets\/js\/plugin\/jquery-mapael\/maps\/world_countries_miller.min.js","checksum":"e9c87047f0c3323087ca65bdf039b7bf"},{"path":"\/template\/static\/assets\/js\/plugin\/jquery-scrollbar\/jquery.scrollbar.min.js","checksum":"ab7d0adf08cbb85348bce7ef9f48ee68"},{"path":"\/template\/static\/assets\/js\/plugin\/jquery-ui-1.12.1.custom\/jquery-ui.min.js","checksum":"cf0f8d397e6f71224d7cf214eab1036a"},{"path":"\/template\/static\/assets\/js\/ready.js","checksum":"46585bd2f4c6d812564dc45b99e23449"},{"path":"\/template\/static\/assets\/js\/ready.min.js","checksum":"49f1f5e5a7a2957ae92f3960b8052395"},{"path":"\/template\/static\/assets\/sass\/ready.scss","checksum":"f8ad762a1c7b79026ccc9536c0d73c9e"},{"path":"\/template\/static\/assets\/sass\/ready1\/components\/_alerts.scss","checksum":"1f6523951d461f59a3de42591b8db56f"},{"path":"\/template\/static\/assets\/sass\/ready1\/components\/_badges.scss","checksum":"aeb5546a81b7e3a2bc387f49bcb117a7"},{"path":"\/template\/static\/assets\/sass\/ready1\/components\/_buttons.scss","checksum":"06be8a6cd27a800e96784401ccd5c890"},{"path":"\/template\/static\/assets\/sass\/ready1\/components\/_cards.scss","checksum":"c5fce399ed7ee0788c34b957f691b623"},{"path":"\/template\/static\/assets\/sass\/ready1\/components\/_charts.scss","checksum":"c109746d3d0f59285d0a3fd6f102ea18"},{"path":"\/template\/static\/assets\/sass\/ready1\/components\/_dropdowns.scss","checksum":"b79dbd77df8827866a71b9ab5d8470fb"},{"path":"\/template\/static\/assets\/sass\/ready1\/components\/_inputs.scss","checksum":"425582d3b0ee61ecb04411f3602b0350"},{"path":"\/template\/static\/assets\/sass\/ready1\/components\/_maps.scss","checksum":"09522118e2180176e79c97b19ad1b01e"},{"path":"\/template\/static\/assets\/sass\/ready1\/components\/_modals.scss","checksum":"172cb5ed9705c64dccaab588ca5befd2"},{"path":"\/template\/static\/assets\/sass\/ready1\/components\/_navbars.scss","checksum":"fd7c2b1b9c8e15cb7d42b045886dd0d9"},{"path":"\/template\/static\/assets\/sass\/ready1\/components\/_navpills.scss","checksum":"8301c7606c94f1e22ca5444d7faa9fee"},{"path":"\/template\/static\/assets\/sass\/ready1\/components\/_navsearch.scss","checksum":"98710f5573855e22187736a43d09a8d4"},{"path":"\/template\/static\/assets\/sass\/ready1\/components\/_paginations.scss","checksum":"9f20f5725d61fef9befc65ecbd29be16"},{"path":"\/template\/static\/assets\/sass\/ready1\/components\/_sliders.scss","checksum":"8dd109bb114bd085b0340cd65470dc53"},{"path":"\/template\/static\/assets\/sass\/ready1\/components\/_tables.scss","checksum":"57d71cc9e0f3c7db73c5caf9b328bdc8"},{"path":"\/template\/static\/assets\/sass\/ready1\/plugins\/_chartist.scss","checksum":"30963fcb84b7fb7f6089fb3a17743b4a"},{"path":"\/template\/static\/assets\/sass\/ready1\/plugins\/_jqueryscrollbar.scss","checksum":"718b24ceab44ad526f82b0f4309210d6"},{"path":"\/template\/static\/assets\/sass\/ready1\/plugins\/_jqueryui.scss","checksum":"95d7e49958365e505dc7fabd4b747aa5"},{"path":"\/template\/static\/assets\/sass\/ready1\/plugins\/_toggle.scss","checksum":"dd2b3ad335699255e55f4e8b3c56288d"},{"path":"\/template\/static\/assets\/sass\/ready1\/_background.scss","checksum":"d2c77ba1e7b4dbc51b4d3707e6b11637"},{"path":"\/template\/static\/assets\/sass\/ready1\/_components.scss","checksum":"53e39bdc181ef0278809b53e424975d5"},{"path":"\/template\/static\/assets\/sass\/ready1\/_layouts.scss","checksum":"86916f198fa805f51694c6bb889e2ced"},{"path":"\/template\/static\/assets\/sass\/ready1\/_line-awesome.scss","checksum":"c585607fc39a72829de34792c8892ef2"},{"path":"\/template\/static\/assets\/sass\/ready1\/_outlinefocus.scss","checksum":"1445923b3d4e0c8dba75ad264bcb38f3"},{"path":"\/template\/static\/assets\/sass\/ready1\/_plugins.scss","checksum":"3d627cbd4829804c5988ed82f5e9a0ff"},{"path":"\/template\/static\/assets\/sass\/ready1\/_responsive111.scss","checksum":"0fb2738ff3ec8ae35f493836b2b7a5ae"},{"path":"\/template\/static\/assets\/sass\/ready1\/_typography.scss","checksum":"0749514c1380a920472e5cb5cd3b50df"},{"path":"\/template\/static\/assets\/sass\/ready1\/_variables.scss","checksum":"2aa337874bd8864440290dddf50db18f"},{"path":"\/template\/static\/css\/qrcode.css","checksum":"4882b80d135c58bab9a5653b8795461c"},{"path":"\/template\/static\/css\/style.css","checksum":"63995ade8ca17c138eb63136619005fa"},{"path":"\/template\/static\/img\/dlbanner.png","checksum":"57ad972171e6837b9aee7cb55df38483"},{"path":"\/template\/static\/img\/logo.jpg","checksum":"39a5c48a294006607fd82ae4344034e9"},{"path":"\/template\/static\/js\/layer\/layer.js","checksum":"6e80f0cff749c82653b9cdde9eeab937"},{"path":"\/template\/static\/js\/layer\/mobile\/layer.js","checksum":"2028e407c22ee7a12b05a35ee9c71882"},{"path":"\/template\/static\/js\/layer\/mobile\/need\/layer.css","checksum":"633915e62d14a714594b95b974ee0836"},{"path":"\/template\/static\/js\/layer\/theme\/default\/icon-ext.png","checksum":"ba81b24c06e2e0eac1e219405b33766b"},{"path":"\/template\/static\/js\/layer\/theme\/default\/icon.png","checksum":"551539f873d9ebe0792b120a9867d399"},{"path":"\/template\/static\/js\/layer\/theme\/default\/layer.css","checksum":"3d2e0d91c5c0b96abb8dbdc2234aba77"},{"path":"\/template\/static\/js\/layer\/theme\/default\/loading-0.gif","checksum":"a72011ccdc2bcd23ba440f104c416193"},{"path":"\/template\/static\/js\/layer\/theme\/default\/loading-1.gif","checksum":"1140bc5c7863f8e54a3c2b179e640758"},{"path":"\/template\/static\/js\/layer\/theme\/default\/loading-2.gif","checksum":"50c5e3e79b276c92df6cc52caeb464f0"},{"path":"\/template\/static\/js\/layer_mobile\/layer.js","checksum":"79b7829af0bbfea5760aa606bf1a02c7"},{"path":"\/template\/static\/js\/layer_mobile\/need\/layer.css","checksum":"633915e62d14a714594b95b974ee0836"},{"path":"\/template\/static\/newui\/index\/img\/dingwei.png","checksum":"8226379f925f3152f96fe051b29cb239"},{"path":"\/template\/static\/newui\/index\/img\/footer_img.png","checksum":"aafdd5007a4a167e44af5bd00369a46c"},{"path":"\/template\/static\/newui\/index\/img\/index_ad.png","checksum":"2d4b2c63fa31e8547845b992c5f5ec3a"},{"path":"\/template\/static\/newui\/index\/img\/kefu.png","checksum":"8622f475ac7a51223f54dc6b3b3a4542"},{"path":"\/template\/static\/newui\/index\/img\/scan.png","checksum":"06c499d669e487265e30d8f48edaefa6"},{"path":"\/template\/static\/newui\/index\/img\/user.png","checksum":"87646807381b1e353ab179893d6c2d9f"},{"path":"\/template\/static\/newui\/index\/img\/zengzhi.png","checksum":"692211ff1abc3d7be0e24ef929dfa718"},{"path":"\/template\/static\/new\/css\/ui.css","checksum":"23bb7e1c64fb12dcbafed65bf9427a83"},{"path":"\/template\/static\/new\/images\/icon-home\/me-15.png","checksum":"20f8da814c7d17ed90802ec654ddf640"},{"path":"\/template\/static\/new\/images\/icon-home\/me-16.png","checksum":"eaa47f57acb8cfce9c78ef4335552f99"},{"path":"\/template\/static\/new\/images\/icon-home\/me-17.png","checksum":"4e99deed112e901c52a04fb167a40de5"},{"path":"\/template\/static\/new\/images\/icon-home\/me-18.png","checksum":"d703eb340d8e7c891ac29f28419898ac"},{"path":"\/template\/static\/new\/images\/icon-home\/me-19.png","checksum":"606d7a3626c9f7ebdcc17dd211c69336"},{"path":"\/template\/static\/new\/images\/icon-home\/me-20.png","checksum":"8a18fb81b7847c04ca8faab6d7ad5f18"},{"path":"\/template\/static\/new\/images\/icon-re-06.png","checksum":"75f03164650f726aa34590e2bedad2d8"},{"path":"\/template\/static\/new\/images\/icon-re-07.png","checksum":"1f0e8e62acfe604aab3348173a467547"},{"path":"\/template\/static\/new\/images\/icon-re-08.png","checksum":"38276d07598c07ec6a7543eec40eb7b0"},{"path":"\/template\/static\/new\/images\/icon-re-09.png","checksum":"3b520ab0fef19a240691c4d6f282e073"},{"path":"\/template\/static\/new\/images\/timg.jpg","checksum":"0d58571df02a91bd4a02af575228c446"},{"path":"\/template\/static\/new\/images\/weizhangad.png","checksum":"e91ab60c6f9c2aa36acb841ee4b6f90d"},{"path":"\/template\/static\/new\/images\/zengzhiad.png","checksum":"e514ce8602eb4352ff5a435cf42b0442"},{"path":"\/template\/static\/new\/js\/pd\/aui-touchSlide.js","checksum":"744c1b2ab59a6dc7bf3ce3006036e689"},{"path":"\/template\/static\/shangjia\/css\/style.css","checksum":"4c5b8734e39c1e96d3a503ee3fa6e982"},{"path":"\/template\/static\/shangjia\/images\/seller_add.png","checksum":"b2586f203cd74c59e62dcdc842a87320"},{"path":"\/template\/static\/shangjia\/images\/shangjia.png","checksum":"20a36da23d9c01fe6e520e8b9517c952"},{"path":"\/template\/web\/ad.html","checksum":"91c4eff6a36ebcc72f85ce7f489e7351"},{"path":"\/template\/web\/car_list.html","checksum":"8f3f2a1c1a9c70246e4aa4252bb458d3"},{"path":"\/template\/web\/car_location.html","checksum":"1c2fcb9326a577b12b4104a60344d617"},{"path":"\/template\/web\/cash.html","checksum":"6f8dfcfb74eba3494ae51d38b7bdc74d"},{"path":"\/template\/web\/dashboard.html","checksum":"2d8e1f276c65a2c16f58e0007a482db8"},{"path":"\/template\/web\/data.html","checksum":"a15069bbbd936c012f0a79c98ec5e2fd"},{"path":"\/template\/web\/footer.html","checksum":"45507b9f7efc24a3540762a83538acfc"},{"path":"\/template\/web\/newheader.html","checksum":"14f06da956b47ff503f31f84164be224"},{"path":"\/template\/web\/nullqrcode.html","checksum":"f7fdbc160846b28456863d3ae8e0b142"},{"path":"\/template\/web\/nullqrcodeinfo.html","checksum":"9684b017a17cff0b152fee1414f8bc46"},{"path":"\/template\/web\/order.html","checksum":"d7eb0134196d5de371be62cb1540564d"},{"path":"\/template\/web\/qudao.html","checksum":"7da1c6d433bd8ba30ef7fa5775844eff"},{"path":"\/template\/web\/seller.html","checksum":"902204fea60002f4c81679beb8ea1001"},{"path":"\/template\/web\/seller_add.html","checksum":"7eec45dfd621eeec2dc3b04ea7d6a163"},{"path":"\/template\/web\/setting.html","checksum":"fd6b98d62583a846fd261a449091da84"},{"path":"\/template\/web\/site.html","checksum":"2517edf7522e92ff7c66ce4bf0d1375b"},{"path":"\/template\/web\/unisetting.html","checksum":"f02004ade01bbb01a306b3bf8faa5ea4"},{"path":"\/template\/web\/uni_tixian.html","checksum":"ae2acee86e66e82ccefee2f49f8f1a57"},{"path":"\/template\/web\/url.html","checksum":"7397fd3a718a2cc612f5a7011e67b2a9"},{"path":"\/template\/web\/user\/index.html","checksum":"7f527764a4070ff13d78f7bb7faf23ed"},{"path":"\/template\/web\/user\/list.html","checksum":"958d81bdda68aee5cc199a90233dfdff"},{"path":"\/template\/web\/user\/query_user.html","checksum":"c7a34acf9a84ebcbdb2f88bb80769a27"},{"path":"\/template\/web\/user_list.html","checksum":"efcd15bbdf32022b9f3e4ba96c37b1c3"},{"path":"\/template\/web\/wzcode.html","checksum":"b1eb7cbd3aebe148f6d00b149002aacb"},{"path":"\/template\/web\/yinsi.html","checksum":"31cd829179bb3fa5a0a4aab73cae82ef"},{"path":"\/template\/web\/yinsi_taocan.html","checksum":"0d575018b5630bb034a0af359ff29448"},{"path":"\/template\/web\/zengzhi.html","checksum":"8f5ad4bef78ecbab1f2cfb97f5e0cd49"},{"path":"\/template\/web\/zengzhi_url.html","checksum":"f9ec348076127f738a86ed95d7fdce11"},{"path":"\/uninstall.php","checksum":"f84214fc43f665c79b92dc7a092b364f"},{"path":"\/upgrade.php","checksum":"c86095683c49b9970d0fa442e1393fdc"},{"path":"\/waitting.zip","checksum":"109973e81911dc748c1221b06081cab9"},{"path":"\/inc\/mobile\/addcar.inc.php","checksum":"36b18b1e9ec67b36f9f26f0568365a6e"},{"path":"\/inc\/mobile\/alicall_log.inc.php","checksum":"6b5b1c926adfd7223bd9365913b3accd"},{"path":"\/inc\/mobile\/bind.inc.php","checksum":"f7efceae0f3d8559253dc0f96064f2f3"},{"path":"\/inc\/mobile\/callback.inc.php","checksum":"149dcc38815e4ee66f23d259b5d27adc"},{"path":"\/inc\/mobile\/car_location.inc.php","checksum":"c1bd3aa4c2629b15883c9e95820cd9de"},{"path":"\/inc\/mobile\/del_car.inc.php","checksum":"af0d5c614d726e18a239cd0d1b44a0c0"},{"path":"\/inc\/mobile\/edit_car.inc.php","checksum":"61f54b2da7d378635f281fff1185e9ac"},{"path":"\/inc\/mobile\/getcode.inc.php","checksum":"2c779f4082d7062f7a935d97149b9936"},{"path":"\/inc\/mobile\/guanzhu.inc.php","checksum":"3c4b5f8c50a06715e83155e6312ae4be"},{"path":"\/inc\/mobile\/g_seller.inc.php","checksum":"352d0e0bac49eee5303ad8285be2ab69"},{"path":"\/inc\/mobile\/index.inc.php","checksum":"ebf09ff657e7f35e26c18bc91d92778e"},{"path":"\/inc\/mobile\/myqrcodelist.inc.php","checksum":"df150b698f3f276387caa722cc65d0f9"},{"path":"\/inc\/mobile\/myteam.inc.php","checksum":"4fa571060f0603fb3a4e07f46dcd3c0c"},{"path":"\/inc\/mobile\/order.inc.php","checksum":"5aaf6c57518dd92a4597083f3180c962"},{"path":"\/inc\/mobile\/orderlist.inc.php","checksum":"18db7df0ba0b1e89e51b0867aafc30c9"},{"path":"\/inc\/mobile\/qr.inc.php","checksum":"076f030364698189f4eca2a211f34263"},{"path":"\/inc\/mobile\/qrcode.inc.php","checksum":"8565880158895e343b61766e7e73b452"},{"path":"\/inc\/mobile\/select_qrcode.inc.php","checksum":"ef47561e1f4cd4b7562602b1e0525092"},{"path":"\/inc\/mobile\/seller.inc.php","checksum":"e6d4ad3638ff20e42d48f60a457ab933"},{"path":"\/inc\/mobile\/sellercard.inc.php","checksum":"c7ccdb686290cf1288322ef1708e87ed"},{"path":"\/inc\/mobile\/seller_add.inc.php","checksum":"a1b8cef690f9d30b11b3a4b7502432d9"},{"path":"\/inc\/mobile\/seller_info.inc.php","checksum":"e7309dce1c01c02b67b20f0f6846f96d"},{"path":"\/inc\/mobile\/shop.inc.php","checksum":"8b3a97ace1d39c0935a7ea919ea049a0"},{"path":"\/inc\/mobile\/show.inc.php","checksum":"71fdba9733120c77735082ce65b8b9eb"},{"path":"\/inc\/mobile\/teamlist.inc.php","checksum":"dd880acb6f86275b0450fa2711624776"},{"path":"\/inc\/mobile\/tel.inc.php","checksum":"d88fd58bad4a768d2574788730d39e54"},{"path":"\/inc\/mobile\/text.inc.php","checksum":"cade539b4cfd7f5968a1127287a6ef8f"},{"path":"\/inc\/mobile\/upload.inc.php","checksum":"102264903a86ee341fb3feb18ef9a2b7"},{"path":"\/inc\/mobile\/user.inc.php","checksum":"29ff9838bd24d897426d52a52caeceeb"},{"path":"\/inc\/mobile\/usercard.inc.php","checksum":"1c2339e519eed0d62474501062c7e0ca"},{"path":"\/inc\/mobile\/userhexiao.inc.php","checksum":"c4e5a154bed7ed262730b5717d894215"},{"path":"\/inc\/mobile\/user_log.inc.php","checksum":"7e545e942236863797258bfb744f39d9"},{"path":"\/inc\/mobile\/user_setting.inc.php","checksum":"2488debc5c213cdf50a4a2f7c16b2fc1"},{"path":"\/inc\/mobile\/u_setting.inc.php","checksum":"2699b5cca0bb6d7bfdb44a01b8aa18df"},{"path":"\/inc\/mobile\/weixin.inc.php","checksum":"ba8c6f827a2adfdd81d82a9f035c3db6"},{"path":"\/inc\/mobile\/weizhang.inc.php","checksum":"c5abfa160ac133e6d2ccb995e645b059"},{"path":"\/inc\/mobile\/weizhang_log.inc.php","checksum":"d1d57a9c29f8e90fd2beddff351bc712"},{"path":"\/inc\/mobile\/wzcode.inc.php","checksum":"6fff2cd834918aaa31c1327f82ee8522"},{"path":"\/inc\/mobile\/wzts.inc.php","checksum":"f35fb86279be4a38503770d05ac791bc"},{"path":"\/inc\/mobile\/yinsi.inc.php","checksum":"612a6272f9c7a0ed0fb280b5f625afd0"},{"path":"\/inc\/mobile\/yinsi_info.inc.php","checksum":"936e243d330956be8542f595fe40b13f"},{"path":"\/inc\/mobile\/zengzhi.inc.php","checksum":"98d49b0dcdaa266eec9d38497910b029"},{"path":"\/inc\/web\/ad.inc.php","checksum":"f728536af22c46e03101f03f93af6bb0"},{"path":"\/inc\/web\/car_list.inc.php","checksum":"71975544d5bcb8dc85995ad6cd653a80"},{"path":"\/inc\/web\/car_location.inc.php","checksum":"33d4cc883e5d84f9d126597b70515562"},{"path":"\/inc\/web\/cash.inc.php","checksum":"c657c818751f6611b2a2de4875f42600"},{"path":"\/inc\/web\/del_car.inc.php","checksum":"7bbb21baacbd114504172e1ce0fac66e"},{"path":"\/inc\/web\/downcar.inc.php","checksum":"8f8264325c334eae9e94825e5f193a6a"},{"path":"\/inc\/web\/downexcel.inc.php","checksum":"dedeb1007174d8f0e5dc3006993b436e"},{"path":"\/inc\/web\/downwzcode.inc.php","checksum":"069e5470c5974bdd983740b545d321f0"},{"path":"\/inc\/web\/index.inc.php","checksum":"6603a4898c01c00bdd7e8697a66ec1c3"},{"path":"\/inc\/web\/nullqrcode.inc.php","checksum":"4ab92548940e81207b61534f6656631e"},{"path":"\/inc\/web\/nullqrcodeinfo.inc.php","checksum":"22e949c3323d864599e6e6e610dd30a1"},{"path":"\/inc\/web\/order.inc.php","checksum":"d5a78575587410bfb7e4aea376c86c40"},{"path":"\/inc\/web\/print.inc.php","checksum":"ec21f5ff9529e712b7de904089ce6852"},{"path":"\/inc\/web\/qrcode.inc.php","checksum":"7cf8053ffed12a45fd2260552932f1b0"},{"path":"\/inc\/web\/qudao.inc.php","checksum":"1237f3fca40030d52237cf41ce755b39"},{"path":"\/inc\/web\/seller.inc.php","checksum":"bd1ab84580878d93270f1c7d41cf9004"},{"path":"\/inc\/web\/setting.inc.php","checksum":"802a1c74d3388afac7f95cdc3137bb21"},{"path":"\/inc\/web\/shopsetting.inc.php","checksum":"a06f80a9e06f3d5fc50ed61e412cef1e"},{"path":"\/inc\/web\/unisetting.inc.php","checksum":"68991240a2fb3c2898a553da07b9aebf"},{"path":"\/inc\/web\/uni_tixian.inc.php","checksum":"f83caafa41655b2042efe9e1f1e6954c"},{"path":"\/inc\/web\/url.inc.php","checksum":"7d083f351b6728164e5ba76c379e2d5d"},{"path":"\/inc\/web\/user.inc.php","checksum":"537939b2ef15b4e53be51dfb83ca465f"},{"path":"\/inc\/web\/user\/user_list.inc.php","checksum":"ed413e24b0b8c3b9dad672599fbb166f"},{"path":"\/inc\/web\/user_list.inc.php","checksum":"42c45bfac120eba85a796c22e9d6cd13"},{"path":"\/inc\/web\/wzcode.inc.php","checksum":"2a7a3693092a7628130e7769971450aa"},{"path":"\/inc\/web\/yinsi.inc.php","checksum":"ce0f5ae7c74c95ba4680a92f540c3cd0"},{"path":"\/inc\/web\/zengzhi.inc.php","checksum":"1df61156fccdb39b03e9c9d7059adbe5"},{"path":"\/plugin\/hwsdk\/axmobile.php","checksum":"480378d9d91c0bee3693eb23a451c9ea"}]