{
  "data": [
    {
      "name":"设置",
      "auth_name":"system",
      "auth":[
        {
          "name":"农场基本设置",
          "value":"about_us",
          "action":[
            {"ac_name":"查看/修改", "ac_auth":"system.about_us"}
          ]
        },{
          "name":"天气设置",
          "value":"weather",
          "action":[
            {"ac_name":"查看/修改", "ac_auth":"system.weather_set"}
          ]
        },{
          "name":"主题颜色设置",
          "value":"nimiapp_nav_color",
          "action":[
            {"ac_name":"查看/修改", "ac_auth":"system.miniapp_nav_color"}
          ]
        },{
          "name":"转发描述设置",
          "value":"share_title_set",
          "action":[
            {"ac_name":"查看/修改", "ac_auth":"system.share_title_set"}
          ]
        },{
          "name":"页面设置",
          "value":"home_set",
          "action":[
            {"ac_name":"查看/修改", "ac_auth":"home.home_set"}
          ]
        },{
          "name":"首页分类",
          "value":"home_type",
          "action":[
            {"ac_name":"查看", "ac_auth":"home.type_list"},
            {"ac_name":"新增/修改", "ac_auth":"home.type_edit"},
            {"ac_name":"删除", "ac_auth":"home.delete"},
            {"ac_name":"导入", "ac_auth":"home.importDefaultData"}
          ]},{
          "name":"底部",
          "value":"home_btm",
          "action":[
            {"ac_name":"查看/修改", "ac_auth":"home.home_btm_set_now"}
          ]
        },{
          "name":"首页布局",
          "value":"custom_home",
          "action":[
            {"ac_name":"查看/修改", "ac_auth":"home.custom_home"}
          ]
        },{
          "name":"个人中心布局",
          "value":"custom_center",
          "action":[
            {"ac_name":"查看/修改", "ac_auth":"home.custom_center"}
          ]
        },{
          "name":"轮播图",
          "value":"slide",
          "action":[
            {"ac_name":"查看", "ac_auth":"slide.index"},
            {"ac_name":"新增/修改", "ac_auth":"slide.edit"},
            {"ac_name":"删除", "ac_auth":"slide.delete"}
          ]
        },{
          "name":"自定义导航",
          "value":"tarbar",
          "action":[
            {"ac_name":"查看", "ac_auth":"system.custom_tarbar"},
            {"ac_name":"新增/修改", "ac_auth":"system.updateTarBar"},
            {"ac_name":"删除", "ac_auth":"system.deleteTarbar"},
            {"ac_name":"加载默认数据", "ac_auth":"system.loadTarBar"}
          ]
        },{
          "name":"短信配置",
          "value":"message",
          "action":[
            {"ac_name":"查看/修改", "ac_auth":"system.sms_set"}
          ]
        },{
          "name":"邮件通知",
          "value":"QQMailSet",
          "action":[
            {"ac_name":"查看/修改", "ac_auth":"system.QQMailSet"}
          ]
        },{
          "name":"模板消息",
          "value":"mini_template_set",
          "action":[
            {"ac_name":"查看/修改", "ac_auth":"system.mini_template_set"}
          ]
        },{
          "name":"物联网设置",
          "value":"webThingSet",
          "action":[
            {"ac_name":"查看/修改", "ac_auth":"webThing.webThingsSet"}
          ]
        },{
          "name":"物联网设备",
          "value":"device",
          "action":[
            {"ac_name":"查看", "ac_auth":"webThing.device_list"},
            {"ac_name":"更新", "ac_auth":"webThing.getDList"}

          ]
        },{
          "name":"微信公众号配置",
          "value":"wx_set",
          "action":[
            {"ac_name":"查看/修改", "ac_auth":"system.wx_set"}
          ]
        },{
          "name":"支付证书上传",
          "value":"upload_cert",
          "action":[
            {"ac_name":"查看/修改", "ac_auth":"system.upload_cert"}
          ]
        },{
          "name":"运费规则",
          "value":"freight",
          "action":[
            {"ac_name":"查看", "ac_auth":"freight.freight_list"},
            {"ac_name":"添加/修改", "ac_auth":"freight.freight_edit"},
            {"ac_name":"删除", "ac_auth":"freight.delete_freight"}
          ]
        },{
          "name":"常见问题",
          "value":"problem",
          "action":[
            {"ac_name":"查看", "ac_auth":"problem.problem_list"},
            {"ac_name":"添加/修改", "ac_auth":"problem.problem_list_edit"},
            {"ac_name":"删除", "ac_auth":"problem.problem_list_delete"}
          ]
        },{
          "name":"常见分类",
          "value":"problem_type",
          "action":[
            {"ac_name":"查看", "ac_auth":"problem.problem_type"},
            {"ac_name":"添加/修改", "ac_auth":"problem.problem_type_edit"},
            {"ac_name":"删除", "ac_auth":"problem.problem_type_delete"}
          ]
        },{
          "name":"资讯列表",
          "value":"article",
          "action":[
            {"ac_name":"查看", "ac_auth":"article.article_list"},
            {"ac_name":"添加/修改", "ac_auth":"article.article_list_edit"},
            {"ac_name":"删除", "ac_auth":"article.article_list_delete"}
          ]
        },{
          "name":"资讯分类",
          "value":"article_type",
          "action":[
            {"ac_name":"查看", "ac_auth":"article.article_type"},
            {"ac_name":"添加/修改", "ac_auth":"article.article_type_edit"},
            {"ac_name":"删除", "ac_auth":"article.article_type_delete"}
          ]
        },{
          "name":"小程序列表",
          "value":"mini_page",
          "action":[
            {"ac_name":"查看/修改", "ac_auth":"system.mini_page"}
          ]
        },{
          "name":"打印机设置",
          "value":"print_set",
          "action":[
            {"ac_name":"查看/修改", "ac_auth":"system.printSet"}
          ]
        },{
          "name":"打印机管理",
          "value":"print",
          "action":[
            {"ac_name":"查看", "ac_auth":"system.printList"},
            {"ac_name":"添加", "ac_auth":"system.printEdit"},
            {"ac_name":"删除", "ac_auth":"system.printDel"},
            {"ac_name":"测试", "ac_auth":"system.printTest"}
          ]
        }
      ]
    },{
      "name":"土地",
      "auth_name":"soil",
      "auth":[
        {
          "name":"土地管理",
          "value":"soilManage",
          "action":[
            {"ac_name":"查看","ac_auth":"soil.soilList"},
            {"ac_name":"添加/修改","ac_auth":"soil.soilEdit"},
            {"ac_name":"删除","ac_auth":"soil.soilDel"}
          ]
        },{
          "name":"分类管理",
          "value":"soliType",
          "action":[
            {"ac_name":"查看","ac_auth":"soil.soilType"},
            {"ac_name":"添加/修改","ac_auth":"soil.soilTypeEdit"},
            {"ac_name":"删除","ac_auth":"soil.soilDel"}
          ]
        },{
          "name":"种子管理",
          "value":"seed",
          "action":[
            {"ac_name":"查看","ac_auth":"soil.seedList"},
            {"ac_name":"添加/修改","ac_auth":"soil.seedEdit"},
            {"ac_name":"删除","ac_auth":"soil.soilDel"}
          ]
        },{
          "name":"种植管理",
          "value":"plant",
          "action":[
            {"ac_name":"查看","ac_auth":"soil.plantList"},
            {"ac_name":"详情","ac_auth":"soil.plantDetail"},
            {"ac_name":"订单操作","ac_auth":"soil.operationOrder"},
            {"ac_name":"种植操作","ac_auth":"soil.plantOperation"}
          ]
        },{
          "name":"状态信息",
          "value":"soilStatus",
          "action":[
            {"ac_name":"查看","ac_auth":"soil.statusList"},
            {"ac_name":"添加/修改","ac_auth":"soil.statusEdit"},
            {"ac_name":"删除","ac_auth":"soil.statusDel"}
          ]
        },{
          "name":"任务订单",
          "value":"opreation",
          "action":[
            {"ac_name":"查看","ac_auth":"soil.operationList"},
            {"ac_name":"操作","ac_auth":"soil.changeStatus"}
          ]
        },{
          "name":"土地设置",
          "value":"soilSet",
          "action":[
            {"ac_name":"查看/编辑","ac_auth":"soil.landSet"}
          ]
        }
      ]
    },{
      "name":"认养",
      "auth_name":"animal",
      "auth":[
        {
          "name":"认养管理",
          "value":"animalManage",
          "action":[
            {"ac_name":"查看","ac_auth":"animal.index"},
            {"ac_name":"添加/修改","ac_auth":"animal.animal_edit"},
            {"ac_name":"删除","ac_auth":"animal.delete"},
            {"ac_name":"上架/推荐","ac_auth":"animal.fastChangeGoods"},
            {"ac_name":"监控设置","ac_auth":"live.setLive"}
          ]
        },{
          "name":"已认养管理",
          "value":"adopt",
          "action":[
            {"ac_name":"查看","ac_auth":"animal.adopt_animal"},
            {"ac_name":"详情","ac_auth":"animal.adopt_edit"},
            {"ac_name":"编号修改","ac_auth":"animal.updateAdoptNumber"},
            {"ac_name":"预计成熟时间","ac_auth":"animal.updatePredictRipe"},
            {"ac_name":"状态更新","ac_auth":"animal.updateStatus"},
            {"ac_name":"发送短信","ac_auth":"send.sendMsg"},
            {"ac_name":"发送模板消息","ac_auth":"animal.sendWxTemplate"}
          ]
        },{
          "name":"状态信息",
          "value":"animalStatus",
          "action":[
            {"ac_name":"查看","ac_auth":"animal.adopt_status_list"},
            {"ac_name":"添加/编辑","ac_auth":"animal.adopt_status_edit"},
            {"ac_name":"删除","ac_auth":"animal.delete_status"}
          ]
        },{
          "name":"认养订单",
          "value":"adoptOrder",
          "action":[
            {"ac_name":"查看","ac_auth":"animal.adopt_order"},
            {"ac_name":"详情","ac_auth":"animal.adopt_order_detail"},
            {"ac_name":"删除","ac_auth":"animal.delete_adopt_order"}
          ]
        },{
          "name":"订单设置",
          "value":"animalOrderSet",
          "action":[
            {"ac_name":"查看/修改","ac_auth":"animal.adopt_set"}
          ]
        }
      ]
    },{
      "name":"商品",
      "auth_name":"goods",
      "auth":[
        {
          "name":"普通商城",
          "value":"goodsShop",
          "action":[
            {"ac_name":"查看","ac_auth":"goods.index"},
            {"ac_name":"添加/修改","ac_auth":"goods.addNewGoods"},
            {"ac_name":"删除","ac_auth":"goods.delete"},
            {"ac_name":"上架/推荐","ac_auth":"goods.fastChangeGoods"},
            {"ac_name":"查看小程序码","ac_auth":"goods.getGoodsQcode"},
            {"ac_name":"监控修改","ac_auth":"live.setLive"}
          ]
        },{
          "name":"商城分类",
          "value":"goodsType",
          "action":[
            {"ac_name":"查看","ac_auth":"goods.goods_type"},
            {"ac_name":"添加/修改","ac_auth":"goods.goods_type_edit"},
            {"ac_name":"删除","ac_auth":"goods.goods_type_delete"},
            {"ac_name":"显示/隐藏","ac_auth":"goods.change_goods_type_status"}
          ]
        },{
          "name":"积分商城",
          "value":"integralShop",
          "action":[
            {"ac_name":"查看","ac_auth":"integralShop.integral_shop"},
            {"ac_name":"添加/修改","ac_auth":"integralShop.addNewGoods"},
            {"ac_name":"删除","ac_auth":"integralShop.delete"},
            {"ac_name":"上架/推荐","ac_auth":"integralShop.fastChangeGoods"}
          ]
        },{
          "name":"积分商城分类",
          "value":"integralType",
          "action":[
            {"ac_name":"查看","ac_auth":"integralShop.integral_goods_type"},
            {"ac_name":"添加/修改","ac_auth":"integralShop.goods_type_edit"},
            {"ac_name":"删除","ac_auth":"integralShop.goods_type_delete"},
            {"ac_name":"显示/隐藏","ac_auth":"integralShop.change_goods_type_status"}
          ]
        },{
          "name":"组团商城",
          "value":"groupShop",
          "action":[
            {"ac_name":"查看","ac_auth":"groupShop.group_shop"},
            {"ac_name":"添加/修改","ac_auth":"groupShop.addNewGoods"},
            {"ac_name":"删除","ac_auth":"groupShop.delete"}
          ]
        },{
          "name":"溯源信息",
          "value":"sourceInfo",
          "action":[
            {"ac_name":"查看","ac_auth":"trace.goods_trace_type"},
            {"ac_name":"添加/修改","ac_auth":"trace.sourceEdit"},
            {"ac_name":"删除","ac_auth":"trace.delSource"},
            {"ac_name":"导出","ac_auth":"trace.exportSource"}
          ]
        },{
          "name":"溯源列表",
          "value":"sourceList",
          "action":[
            {"ac_name":"查看","ac_auth":"trace.sourceList"},
            {"ac_name":"删除","ac_auth":"trace.delSourceLi"},
            {"ac_name":"小程序码","ac_auth":"trace.getSourceQrcode"},
            {"ac_name":"销售出库","ac_auth":"trace.saleOut"}
          ]
        },{
          "name":"商品服务",
          "value":"goodsService",
          "action":[
            {"ac_name":"查看","ac_auth":"goods.serviceList"},
            {"ac_name":"添加/编辑","ac_auth":"goods.serviceEdit"},
            {"ac_name":"删除","ac_auth":"goods.serviceDel"}
          ]
        }
      ]
    },{
      "name":"订单",
      "auth_name":"order",
      "auth":[
        {
          "name":"商城订单",
          "value":"shopOrder",
          "action":[
            {"ac_name":"查看","ac_auth":"order.shop_order"},
            {"ac_name":"详情","ac_auth":"order.shop_order_edit"},
            {"ac_name":"删除","ac_auth":"order.deleteOrder"},
            {"ac_name":"退款","ac_auth":"order.refundShopOrder"},
            {"ac_name":"移入/移除回收站","ac_auth":"order.move_into_recycel"},
            {"ac_name":"拒绝退款","ac_auth":"order.deny_cancel_order"},
            {"ac_name":"买家备注","ac_auth":"order.saveManagerRemark"},
            {"ac_name":"打印小票","ac_auth":"order.printOrder"},
            {"ac_name":"确认发货","ac_auth":"order.send_goods"},
            {"ac_name":"确认收货","ac_auth":"order.confirmGoods"},
            {"ac_name":"核销订单","ac_auth":"order.verifyOrder"},
            {"ac_name":"修改价格","ac_auth":"order.changeOrderPrice"}
          ]
        },{
          "name":"组团订单",
          "value":"groupOrder",
          "action":[
            {"ac_name":"查看","ac_auth":"order.group_order"},
            {"ac_name":"详情","ac_auth":"order.group_edit"},
            {"ac_name":"删除","ac_auth":"order.deleteGroupOrder"},
            {"ac_name":"移入/移除回收站","ac_auth":"order.move_into_group_recycel"},
            {"ac_name":"确认发货","ac_auth":"order.send_group_goods"},
            {"ac_name":"确认收货","ac_auth":"order.confirmGroupGoods"}
          ]
        },{
          "name":"积分商城订单",
          "value":"integralOrder",
          "action":[
            {"ac_name":"查看","ac_auth":"order.integral_order"},
            {"ac_name":"详情","ac_auth":"order.integral_edit"},
            {"ac_name":"删除","ac_auth":"order.deleteIntegralOrder"},
            {"ac_name":"移入/移除回收站","ac_auth":"order.move_into_integral_recycel"},
            {"ac_name":"确认发货","ac_auth":"order.send_integral_goods"},
            {"ac_name":"确认收货","ac_auth":"order.confirmIntegralGoods"}
          ]
        },{
          "name":"认养订单",
          "value":"animalOrder",
          "action":[
            {"ac_name":"查看","ac_auth":"order.animal_order"}
          ]
        },{
          "name":"种植订单",
          "value":"plantOrder",
          "action":[
            {"ac_name":"查看","ac_auth":"order.seed_order"}
          ]
        },{
          "name":"订单设置",
          "value":"orderSet",
          "action":[
            {"ac_name":"查看/修改","ac_auth":"order.order_set"}
          ]
        },{
          "name":"订单评价",
          "value":"orderComment",
          "action":[
            {"ac_name":"查看","ac_auth":"order.orderComment"},
            {"ac_name":"修改","ac_auth":"order.editComment"},
            {"ac_name":"删除","ac_auth":"order.deleteComment"},
            {"ac_name":"显示/隐藏","ac_auth":"order.changeCommentStatus"}

          ]
        }
      ]
    },{
      "name":"用户",
      "auth_name":"user",
      "auth":[
        {
          "name":"用户列表",
          "value":"userList",
          "action":[
            {"ac_name":"查看","ac_auth":"user.index"},
            {"ac_name":"修改","ac_auth":"user.edit"}
          ]
        },{
          "name":"员工管理",
          "value":"employeeList",
          "action":[
            {"ac_name":"查看","ac_auth":"user.employee_list"},
            {"ac_name":"添加修改","ac_auth":"user.addEmployee"},
            {"ac_name":"删除","ac_auth":"user.delete_employee"}
          ]
        },{
          "name":"签到记录",
          "value":"signRecord",
          "action":[
            {"ac_name":"查看","ac_auth":"user.sign_index"}
          ]
        },{
          "name":"团队设置",
          "value":"teamSet",
          "action":[
            {"ac_name":"查看/修改","ac_auth":"vet.vet_set"}
          ]
        },{
          "name":"团队管理",
          "value":"teamManage",
          "action":[
            {"ac_name":"查看","ac_auth":"vet.vet_index"},
            {"ac_name":"添加/修改","ac_auth":"vet.vet_edit"},
            {"ac_name":"删除","ac_auth":"vet.delete"}
          ]
        },{
          "name":"提现管理",
          "value":"withdrawManage",
          "action":[
            {"ac_name":"查看","ac_auth":"user.record_withdraw"},
            {"ac_name":"微信打款","ac_auth":"user.agreeWithdraw"},
            {"ac_name":"打款","ac_auth":"user.agreeWithdraw"},
            {"ac_name":"拒绝","ac_auth":"user.deny_withdraw"}
          ]
        },{
          "name":"提现设置",
          "value":"withdrawSet",
          "action":[
            {"ac_name":"查看/修改","ac_auth":"user.withdraw_set"}
          ]
        }
      ]
    },{
      "name":"监控",
      "auth_name":"live",
      "auth":[
        {
          "name":"监控管理",
          "value":"liveManage",
          "action":[
            {"ac_name":"查看","ac_auth":"live.live_list"},
            {"ac_name":"添加/修改","ac_auth":"live.live_edit"},
            {"ac_name":"删除","ac_auth":"live.delete_live"},
            {"ac_name":"获取监控","ac_auth":"live.liveByUser"}
          ]
        },{
          "name":"监控分类",
          "value":"liveType",
          "action":[
            {"ac_name":"查看","ac_auth":"live.live_type"},
            {"ac_name":"添加/修改","ac_auth":"live.live_type_edit"},
            {"ac_name":"删除","ac_auth":"live.delete_live_type"},
            {"ac_name":"显示/隐藏","ac_auth":"live.changeStatus"}
          ]
        }
      ]
    },{
      "name":"营销",
      "auth_name":"coupon",
      "auth":[
        {
          "name":"优惠券",
          "value":"couponList",
          "action":[
            {"ac_name":"查看","ac_auth":"coupon.shop_coupon"},
            {"ac_name":"添加/修改","ac_auth":"coupon.shop_coupon_edit"},
            {"ac_name":"删除","ac_auth":"coupon.shop_coupon_delete"},
            {"ac_name":"发放","ac_auth":"coupon.grant_coupon"}
          ]
        },{
          "name":"兑换卡",
          "value":"cardList",
          "action":[
            {"ac_name":"查看","ac_auth":"card.card_index"},
            {"ac_name":"导入","ac_auth":"card.uploadExcel"},
            {"ac_name":"删除","ac_auth":"card.card_delete"}
          ]
        },{
          "name":"兑换卡设置",
          "value":"cardSet",
          "action":[
            {"ac_name":"查看/修改","ac_auth":"card.card_set"}
          ]
        },{
          "name":"分销设置",
          "value":"saleSet",
          "action":[
            {"ac_name":"查看/修改","ac_auth":"distribution.distribution_set"}
          ]
        },{
          "name":"分销商",
          "value":"saleUser",
          "action":[
            {"ac_name":"查看/修改","ac_auth":"distribution.distribution_user"},
            {"ac_name":"提现详情","ac_auth":"distribution.distribution_withdraw"},
            {"ac_name":"删除","ac_auth":"distribution.distribution_delete"},
            {"ac_name":"通过审核","ac_auth":"distribution.agreeSale"},
            {"ac_name":"拒绝审核","ac_auth":"distribution.denySale"}
          ]
        },{
          "name":"分销提现",
          "value":"saleWithdraw",
          "action":[
            {"ac_name":"查看","ac_auth":"distribution.distribution_withdraw"},
            {"ac_name":"打款","ac_auth":"distribution.agreeWithdraw"},
            {"ac_name":"拒绝","ac_auth":"distribution.deny_withdraw"}
          ]
        },{
          "name":"分销订单",
          "value":"saleOrder",
          "action":[
            {"ac_name":"查看/修改","ac_auth":"distribution.distribution_order"}
          ]
        },{
          "name":"分销文案替换",
          "value":"saleWrite",
          "action":[
            {"ac_name":"查看/修改","ac_auth":"distribution.dis_copy_write"}
          ]
        }
      ]
    },{
      "name":"权限",
      "auth_name":"auth",
      "auth":[
        {
          "name":"角色管理",
          "value":"roleManage",
          "action":[
            {"ac_name":"查看","ac_auth":"auth.role_list"},
            {"ac_name":"新增/修改","ac_auth":"auth.role_edit"},
            {"ac_name":"删除","ac_auth":"auth.role_delete"}
          ]
        },{
          "name":"操作员管理",
          "value":"roleUserManage",
          "action":[
            {"ac_name":"查看","ac_auth":"auth.user_list"},
            {"ac_name":"新增/修改","ac_auth":"auth.user_edit"},
            {"ac_name":"删除","ac_auth":"auth.userDel"}
          ]
        }
      ]
    },{
      "name":"PC端",
      "auth_name":"pcManage",
      "auth":[
        {
          "name":"pc端管理",
          "value":"pcDuan",
          "action":[
            {"ac_name":"品牌设置","ac_auth":"webapp.brand_set"},
            {"ac_name":"基本设置","ac_auth":"webapp.webapp_basic_set"},
            {"ac_name":"监控设置","ac_auth":"webapp.live_set"}
          ]
        },{
          "name":"轮播图",
          "value":"pcSlide",
          "action":[
            {"ac_name":"查看","ac_auth":"webapp.slide_set"},
            {"ac_name":"新增/修改","ac_auth":"webapp.slide_set_edit"},
            {"ac_name":"删除","ac_auth":"webapp.slide_delete"}
          ]
        }
      ]
    },{
      "name":"应用",
      "auth_name":"application",
      "auth":[
        {
          "name":"查看应用",
          "value":"application_list",
          "action":[
            {"ac_name":"查看","ac_auth":"application.application_list"}
          ]
        }
      ]
    },{
      "name":"智慧农场众筹",
      "auth_name":"plugin_funding",
      "auth":[
        {
          "name":"众筹项目",
          "value":"funding_project",
          "action":[
            {"ac_name":"查看","ac_auth":"project.index"},
            {"ac_name":"新增/编辑","ac_auth":"project.project_edit"},
            {"ac_name":"众筹列表","ac_auth":"project.funding_list"},
            {"ac_name":"删除","ac_auth":"project.project_del"}

          ]
        },{
          "name":"进展",
          "value":"progress_list",
          "action":[
            {"ac_name":"查看","ac_auth":"project.progress_list"},
            {"ac_name":"新增/编辑","ac_auth":"project.progress_edit"},
            {"ac_name":"删除","ac_auth":"project.progress_del"}
          ]
        },{
          "name":"众筹订单",
          "value":"funding_order",
          "action":[
            {"ac_name":"查看","ac_auth":"order.order_list"},
            {"ac_name":"详情","ac_auth":"order.order_detail"},
            {"ac_name":"移入/移除回收站","ac_auth":"order.move_into_recycle"},
            {"ac_name":"分红","ac_auth":"order.return_order"},
            {"ac_name":"删除","ac_auth":"order.order_del"},
            {"ac_name":"退款","ac_auth":"order.refundOrder"},
            {"ac_name":"发货","ac_auth":"order.funding_send_goods"},
            {"ac_name":"收货","ac_auth":"order.funding_confirmGoods"},
            {"ac_name":"备注","ac_auth":"order.fundingRemark"}

          ]
        },{
          "name":"基本设置",
          "value":"funding_system_set",
          "action":[
            {"ac_name":"查看/编辑","ac_auth":"system.funding_system_set"}
          ]
        }

      ]
    },{
      "name":"智慧农场活动报名",
      "auth_name":"plugin_active",
      "auth":[
        {
          "name":"基本设置",
          "value":"active_system_set",
          "action":[
            {"ac_name":"查看/编辑","ac_auth":"system.active_system_set"}
          ]
        },{
          "name":"活动列表",
          "value":"active_list",
          "action":[
            {"ac_name":"查看","ac_auth":"active.active_list"},
            {"ac_name":"新增/编辑","ac_auth":"active.active_edit"},
            {"ac_name":"删除","ac_auth":"active.active_del"}
          ]
        },{
          "name":"活动报名",
          "value":"active_order",
          "action":[
            {"ac_name":"查看","ac_auth":"order.active_order_list"},
            {"ac_name":"详情","ac_auth":"order.active_order_detail"},
            {"ac_name":"移入/移除回收站","ac_auth":"order.active_move_into_recycle"},
            {"ac_name":"删除","ac_auth":"order.active_order_del"},
            {"ac_name":"通过/拒绝审核","ac_auth":"order.activeCheckOrder"}
          ]
        }
      ]
    },{
      "name":"智慧农场乐园",
      "auth_name":"plugin_play",
      "auth":[
        {
          "name":"基本设置",
          "value":"play_system_set",
          "action":[
            {"ac_name":"查看/编辑","ac_auth":"system.play_system_set"}
          ]
        },{
          "name":"认养设置",
          "value":"play_animal_set",
          "action":[
            {"ac_name":"查看/编辑","ac_auth":"system.play_animal_set"}
          ]
        },{
          "name":"棚升级订单",
          "value":"shed_upgrade_order",
          "action":[
            {"ac_name":"查看","ac_auth":"animal.shed_upgrade_order"},
            {"ac_name":"删除","ac_auth":"animal.deleteShedOrder"}
          ]
        },{
          "name":"右侧导航设置",
          "value":"play_navbar_set",
          "action":[
            {"ac_name":"查看/编辑","ac_auth":"system.play_navbar_set"}
          ]
        }
      ]
    },{
      "name":"智慧农场拼团",
      "auth_name":"plugin_pt",
      "auth":[
        {
          "name":"商品分类",
          "value":"pt_goods_type",
          "action":[
            {"ac_name":"查看","ac_auth":"goods.typeList"},
            {"ac_name":"新增/编辑","ac_auth":"goods.typeEdit"},
            {"ac_name":"删除","ac_auth":"goods.deleteTypeList"}
          ]
        },{
          "name":"商品管理",
          "value":"pt_goods_list",
          "action":[
            {"ac_name":"查看","ac_auth":"goods.goodsList"},
            {"ac_name":"新增/编辑","ac_auth":"goods.editGoods"},
            {"ac_name":"上/下架","ac_auth":"goods.ptFastChangeGoods"},
            {"ac_name":"批量操作","ac_auth":"goods.batchChangeGoods"},
            {"ac_name":"查看小程序码","ac_auth":"goods.ptGoodsQcode"},
            {"ac_name":"删除","ac_auth":"goods.deleteGoods"}
          ]
        },{
          "name":"订单管理",
          "value":"pt_order_list",
          "action":[
            {"ac_name":"查看","ac_auth":"order.ptOrderList"},
            {"ac_name":"详情","ac_auth":"order.ptOrderDetail"},
            {"ac_name":"移入/移除回收站","ac_auth":"order.ptRemoveOrderRecycle"},
            {"ac_name":"修改价格","ac_auth":"order.ptChangeOrderPrice"},
            {"ac_name":"拒绝退款","ac_auth":"order.ptDenyRefundOrder"},
            {"ac_name":"退款","ac_auth":"order.ptRefundOrder"},
            {"ac_name":"发货","ac_auth":"order.ptSendOrder"},
            {"ac_name":"收货","ac_auth":"order.ptConfirmOrder"},
            {"ac_name":"备注","ac_auth":"order.ptSaveMerchentRemark"},
            {"ac_name":"删除","ac_auth":"order.ptDeleteOrder"}
          ]
        },{
          "name":"拼团管理",
          "value":"pt_ptInfo",
          "action":[
            {"ac_name":"查看","ac_auth":"order.ptManager"},
            {"ac_name":"团信息","ac_auth":"order.ptInfo"}
          ]
        },{
          "name":"评论管理",
          "value":"pt_goods_comment",
          "action":[
            {"ac_name":"查看","ac_auth":"order.ptOrderComment"},
            {"ac_name":"编辑","ac_auth":"order.ptEditComment"},
            {"ac_name":"显示/隐藏","ac_auth":"order.ptChangeCommentStatus"},
            {"ac_name":"删除","ac_auth":"order.ptDeleteComment"}
          ]
        }
      ]
    },{
      "name":"智慧农场多商户",
      "auth_name":"plugin_store",
      "auth":[
        {
          "name":"基本设置",
          "value":"system_set",
          "action":[
            {"ac_name":"查看/编辑","ac_auth":"system.basicSet"}
          ]
        },{
          "name":"入驻申请",
          "value":"applyList",
          "action":[
            {"ac_name":"查看","ac_auth":"store.applyList"},
            {"ac_name":"编辑","ac_auth":"store.applyEdit"},
            {"ac_name":"监控","ac_auth":"store.videoList"},
            {"ac_name":"退款","ac_auth":"store.storeRefund"},
            {"ac_name":"删除","ac_auth":"store.storeDel"}
          ]
        },{
          "name":"商家管理",
          "value":"storeList",
          "action":[
            {"ac_name":"查看","ac_auth":"store.storeList"}
          ]
        }

      ]

    }
  ]

}