<?xml version="1.0" encoding="utf-8"?>
<manifest xmlns="http://www.91jtxx.cn" versionCode="0.8,1.0">
	<application setting="false">
		<name><![CDATA[柚子培训教育]]></name>
		<identifie><![CDATA[yzpx_sun]]></identifie>
		<version><![CDATA[1.1.15]]></version>
		<type><![CDATA[business]]></type>
		<ability><![CDATA[柚子培训]]></ability>
		<description><![CDATA[小程序、商城]]></description>
        <author><![CDATA[精选论坛]]></author>
        <url><![CDATA[https://www.91jtxx.cn]]></url>
	</application>
	<platform>
		<subscribes>
		</subscribes>
		<handles>
		</handles>
		<rule embed="false" />
		<card embed="false" />
		<supports>
			<item type="wxapp" />
		</supports>
	</platform>
	<bindings>
		<menu>
			<entry title="系统首页" do="index" state="" direct="false"/>
		</menu>
		<page>
			<entry title="首页" do="/yzpx_sun/pages/home/home" state="" direct="false"/>
		</page>
	</bindings>
	<permissions>
	</permissions>
	<install><![CDATA[
CREATE TABLE IF NOT EXISTS `ims_yzpx_sun_adpic` (
  `id` int(11) NOT NULL AUTO_INCREMENT,
  `link_type` tinyint(1) DEFAULT '0' COMMENT '0.不跳转1.课程2课间3集卡',
  `link_typeid` int(11) DEFAULT NULL,
  `sort` int(11) DEFAULT NULL,
  `ad_pic` varchar(255) COLLATE utf8mb4_bin DEFAULT NULL,
  `title` varchar(30) COLLATE utf8mb4_bin DEFAULT NULL,
  `uniacid` varchar(30) COLLATE utf8mb4_bin DEFAULT NULL,
  PRIMARY KEY (`id`)
) ENGINE=MyISAM AUTO_INCREMENT=12 DEFAULT CHARSET=utf8mb4 COLLATE=utf8mb4_bin COMMENT='首页弹窗广告';


CREATE TABLE IF NOT EXISTS `ims_yzpx_sun_banner` (
  `id` int(11) NOT NULL AUTO_INCREMENT,
  `bname` varchar(100) DEFAULT NULL COMMENT '轮播名称',
  `url` varchar(300) DEFAULT NULL COMMENT '轮播链接',
  `lb_imgs` varchar(500) DEFAULT NULL COMMENT '首页轮播图片',
  `uniacid` int(11) NOT NULL,
  PRIMARY KEY (`id`)
) ENGINE=MyISAM AUTO_INCREMENT=19 DEFAULT CHARSET=utf8mb4 COMMENT='首页轮播表';


CREATE TABLE IF NOT EXISTS `ims_yzpx_sun_bargain` (
  `id` int(11) unsigned NOT NULL AUTO_INCREMENT,
  `cid` int(11) DEFAULT NULL,
  `uid` int(11) DEFAULT NULL,
  `now_money` decimal(10,2) DEFAULT NULL COMMENT '当前价钱',
  `kj_money` decimal(10,2) DEFAULT NULL COMMENT '砍掉的金额',
  `help_uid` int(11) DEFAULT '0' COMMENT '帮砍uid',
  `createtime` varchar(11) COLLATE utf8mb4_bin DEFAULT NULL,
  `uniacid` int(11) DEFAULT NULL,
  `username` varchar(50) COLLATE utf8mb4_bin DEFAULT NULL,
  `headurl` varchar(200) COLLATE utf8mb4_bin DEFAULT NULL,
  `help_num` int(11) DEFAULT '0' COMMENT '帮助次数',
  `isbuy` tinyint(1) DEFAULT '0',
  `buy_money` decimal(10,2) DEFAULT '0.00',
  `buytime` varchar(11) COLLATE utf8mb4_bin DEFAULT '0' COMMENT '购买时间',
  `sign_username` varchar(50) COLLATE utf8mb4_bin DEFAULT NULL,
  `sign_tel` varchar(20) COLLATE utf8mb4_bin DEFAULT NULL,
  PRIMARY KEY (`id`)
) ENGINE=MyISAM AUTO_INCREMENT=184 DEFAULT CHARSET=utf8mb4 COLLATE=utf8mb4_bin;


CREATE TABLE IF NOT EXISTS `ims_yzpx_sun_break` (
  `id` int(11) unsigned NOT NULL AUTO_INCREMENT,
  `cid` int(11) DEFAULT NULL COMMENT '分类id',
  `toptype` tinyint(1) DEFAULT '1' COMMENT '1图片2视频',
  `img` varchar(100) COLLATE utf8mb4_bin DEFAULT NULL,
  `video_img` varchar(100) COLLATE utf8mb4_bin DEFAULT NULL COMMENT '视频封面图',
  `video_link` varchar(500) COLLATE utf8mb4_bin DEFAULT NULL COMMENT '视频链接',
  `video` varchar(100) COLLATE utf8mb4_bin DEFAULT NULL,
  `title` varchar(100) COLLATE utf8mb4_bin DEFAULT NULL,
  `createtime` int(11) DEFAULT NULL,
  `content` text COLLATE utf8mb4_bin,
  `rec` tinyint(1) DEFAULT '0' COMMENT '1.精彩推荐',
  `status` tinyint(1) DEFAULT '1' COMMENT '0不显示',
  `zannum` int(11) DEFAULT '0' COMMENT '点赞数',
  `comnum` int(11) DEFAULT '0' COMMENT '评论数',
  `uniacid` int(11) DEFAULT NULL,
  `readnum` int(11) DEFAULT '0' COMMENT '浏览量',
  PRIMARY KEY (`id`)
) ENGINE=MyISAM AUTO_INCREMENT=28 DEFAULT CHARSET=utf8mb4 COLLATE=utf8mb4_bin COMMENT='课间表';


CREATE TABLE IF NOT EXISTS `ims_yzpx_sun_break_comment` (
  `id` int(11) NOT NULL AUTO_INCREMENT,
  `bid` int(11) DEFAULT NULL COMMENT '课间id',
  `uid` int(11) DEFAULT NULL,
  `username` varchar(100) COLLATE utf8mb4_bin DEFAULT NULL,
  `headurl` varchar(200) COLLATE utf8mb4_bin DEFAULT NULL,
  `content` varchar(200) COLLATE utf8mb4_bin DEFAULT NULL,
  `createtime` int(11) DEFAULT NULL,
  `status` tinyint(1) DEFAULT '1' COMMENT '0.不显示',
  `uniacid` int(11) DEFAULT NULL,
  PRIMARY KEY (`id`)
) ENGINE=MyISAM AUTO_INCREMENT=59 DEFAULT CHARSET=utf8mb4 COLLATE=utf8mb4_bin COMMENT='课间评论表';


CREATE TABLE IF NOT EXISTS `ims_yzpx_sun_breakclassify` (
  `id` int(11) unsigned NOT NULL AUTO_INCREMENT,
  `name` varchar(20) COLLATE utf8mb4_bin DEFAULT NULL,
  `createtime` int(11) DEFAULT NULL,
  `sort` int(1) DEFAULT '0',
  `uniacid` int(11) DEFAULT NULL,
  PRIMARY KEY (`id`)
) ENGINE=MyISAM AUTO_INCREMENT=29 DEFAULT CHARSET=utf8mb4 COLLATE=utf8mb4_bin COMMENT='课间分类表';


CREATE TABLE IF NOT EXISTS `ims_yzpx_sun_card` (
  `id` int(11) unsigned NOT NULL AUTO_INCREMENT,
  `title` varchar(100) COLLATE utf8mb4_bin DEFAULT NULL COMMENT '大标题',
  `title_small` varchar(100) COLLATE utf8mb4_bin DEFAULT NULL COMMENT '小标题',
  `img_cover` varchar(100) COLLATE utf8mb4_bin DEFAULT NULL COMMENT '封面图',
  `img` varchar(500) COLLATE utf8mb4_bin DEFAULT NULL COMMENT '轮播',
  `rule` text COLLATE utf8mb4_bin COMMENT '活动规则',
  `prize_details` text COLLATE utf8mb4_bin COMMENT '奖品详情',
  `drawtimes` int(11) DEFAULT '0' COMMENT '抽奖次数',
  `helptimes` int(11) DEFAULT '0' COMMENT '求助次数',
  `prizenum` int(11) DEFAULT '0' COMMENT '奖品总数',
  `joinnum` int(11) DEFAULT '0' COMMENT '参与数量',
  `joinnum_xn` int(11) DEFAULT '0' COMMENT '虚拟参与数量',
  `winnum` int(11) DEFAULT '0' COMMENT '获奖人数',
  `winnum_xn` int(11) DEFAULT '0' COMMENT '虚拟获奖人数',
  `start_time` int(11) DEFAULT NULL,
  `end_time` int(11) DEFAULT NULL,
  `createtime` int(11) DEFAULT NULL,
  `check_color_one` varchar(20) COLLATE utf8mb4_bin DEFAULT '#f2f2f2' COMMENT '获奖前',
  `check_color_two` varchar(20) COLLATE utf8mb4_bin DEFAULT '#48bcff' COMMENT '获奖后',
  `uniacid` int(11) DEFAULT NULL,
  `status` tinyint(1) DEFAULT '1',
  `prizename` varchar(50) COLLATE utf8mb4_bin DEFAULT NULL COMMENT '奖品名称',
  `prizetype` tinyint(1) DEFAULT '1' COMMENT '1.到店2.物流 3二者都可以',
  PRIMARY KEY (`id`)
) ENGINE=MyISAM AUTO_INCREMENT=16 DEFAULT CHARSET=utf8mb4 COLLATE=utf8mb4_bin;


CREATE TABLE IF NOT EXISTS `ims_yzpx_sun_card_font` (
  `id` int(11) NOT NULL AUTO_INCREMENT,
  `cid` int(11) DEFAULT NULL COMMENT '集卡id',
  `font` varchar(5) COLLATE utf8mb4_bin DEFAULT NULL COMMENT '文字',
  `chance` int(5) DEFAULT '0' COMMENT '概率',
  `sort` int(11) DEFAULT '0' COMMENT '排序',
  `uniacid` int(11) DEFAULT NULL,
  PRIMARY KEY (`id`)
) ENGINE=MyISAM AUTO_INCREMENT=66 DEFAULT CHARSET=utf8mb4 COLLATE=utf8mb4_bin;


CREATE TABLE IF NOT EXISTS `ims_yzpx_sun_card_getlog` (
  `id` int(11) unsigned NOT NULL AUTO_INCREMENT,
  `fid` int(11) DEFAULT NULL COMMENT '文字id',
  `cid` int(11) DEFAULT NULL COMMENT '集卡id',
  `createtime` int(11) DEFAULT NULL,
  `uid` int(11) DEFAULT NULL,
  `uniacid` int(11) DEFAULT NULL,
  PRIMARY KEY (`id`)
) ENGINE=MyISAM AUTO_INCREMENT=2750 DEFAULT CHARSET=utf8mb4 COLLATE=utf8mb4_bin COMMENT='集卡抽奖记录';


CREATE TABLE IF NOT EXISTS `ims_yzpx_sun_card_help` (
  `id` int(11) unsigned NOT NULL AUTO_INCREMENT,
  `uid` int(11) DEFAULT NULL,
  `createtime` int(11) DEFAULT NULL,
  `uniacid` int(11) DEFAULT NULL,
  `cid` int(11) DEFAULT NULL,
  PRIMARY KEY (`id`)
) ENGINE=MyISAM AUTO_INCREMENT=144 DEFAULT CHARSET=utf8mb4 COLLATE=utf8mb4_bin COMMENT='集卡分享记录表';


CREATE TABLE IF NOT EXISTS `ims_yzpx_sun_card_prizelog` (
  `id` int(11) unsigned NOT NULL AUTO_INCREMENT,
  `cid` int(11) DEFAULT NULL,
  `uid` int(11) DEFAULT NULL,
  `createtime` int(11) DEFAULT NULL,
  `type` tinyint(1) DEFAULT '1' COMMENT '1.自取 2快递',
  `username` varchar(20) COLLATE utf8mb4_bin DEFAULT NULL COMMENT '微信名',
  `address` varchar(100) COLLATE utf8mb4_bin DEFAULT NULL,
  `headurl` varchar(200) COLLATE utf8mb4_bin DEFAULT NULL,
  `tel` varchar(11) COLLATE utf8mb4_bin DEFAULT NULL,
  `name` varchar(10) COLLATE utf8mb4_bin DEFAULT NULL COMMENT '领奖时的姓名',
  `ordernum` varchar(30) COLLATE utf8mb4_bin DEFAULT NULL,
  `uniacid` int(11) DEFAULT NULL,
  `status` tinyint(1) DEFAULT '1' COMMENT '0.删除订单',
  `sid` int(11) DEFAULT '0',
  PRIMARY KEY (`id`)
) ENGINE=MyISAM AUTO_INCREMENT=18 DEFAULT CHARSET=utf8mb4 COLLATE=utf8mb4_bin COMMENT='集卡领奖记录表';


CREATE TABLE IF NOT EXISTS `ims_yzpx_sun_collect` (
  `id` int(11) unsigned NOT NULL AUTO_INCREMENT,
  `type` tinyint(1) DEFAULT '1' COMMENT '1课间收藏 2.课间点赞 3.课程收藏4喜欢老师',
  `typeid` int(11) DEFAULT NULL,
  `uid` int(11) DEFAULT NULL,
  `createtime` int(11) DEFAULT NULL,
  `uniacid` int(11) DEFAULT NULL,
  PRIMARY KEY (`id`)
) ENGINE=MyISAM AUTO_INCREMENT=335 DEFAULT CHARSET=utf8mb4 COLLATE=utf8mb4_bin;


CREATE TABLE IF NOT EXISTS `ims_yzpx_sun_coupon` (
  `id` int(11) unsigned NOT NULL AUTO_INCREMENT,
  `use` tinyint(1) DEFAULT '0' COMMENT '0.通用  1.多选',
  `sid` varchar(200) COLLATE utf8mb4_bin DEFAULT '0' COMMENT 'sid,隔开',
  `full` decimal(10,2) DEFAULT NULL,
  `money` decimal(10,2) DEFAULT NULL,
  `end_time` varchar(11) COLLATE utf8mb4_bin DEFAULT NULL,
  `num` int(11) DEFAULT '0' COMMENT '0不限量',
  `getnum` int(11) DEFAULT '0' COMMENT '已领数量',
  `createtime` varchar(11) COLLATE utf8mb4_bin DEFAULT NULL,
  `status` tinyint(1) DEFAULT '1',
  `uniacid` int(11) DEFAULT NULL,
  `start_time` varchar(11) COLLATE utf8mb4_bin DEFAULT '0',
  PRIMARY KEY (`id`)
) ENGINE=MyISAM AUTO_INCREMENT=16 DEFAULT CHARSET=utf8mb4 COLLATE=utf8mb4_bin COMMENT='优惠券表';


CREATE TABLE IF NOT EXISTS `ims_yzpx_sun_coupon_getlog` (
  `id` int(11) unsigned NOT NULL AUTO_INCREMENT,
  `couponid` int(11) DEFAULT NULL,
  `isuse` tinyint(1) DEFAULT '0',
  `usetime` varchar(11) COLLATE utf8mb4_bin DEFAULT '0',
  `uid` int(11) DEFAULT NULL,
  `createtime` varchar(11) COLLATE utf8mb4_bin DEFAULT NULL,
  `uniacid` int(11) DEFAULT NULL,
  PRIMARY KEY (`id`)
) ENGINE=MyISAM AUTO_INCREMENT=167 DEFAULT CHARSET=utf8mb4 COLLATE=utf8mb4_bin COMMENT='优惠券领取记录';


CREATE TABLE IF NOT EXISTS `ims_yzpx_sun_course` (
  `id` int(11) unsigned NOT NULL AUTO_INCREMENT,
  `cid` int(11) DEFAULT NULL COMMENT '课程分类',
  `tid` int(11) DEFAULT NULL COMMENT '老师id',
  `img` varchar(100) COLLATE utf8mb4_bin DEFAULT NULL COMMENT '封面图',
  `video` varchar(100) COLLATE utf8mb4_bin DEFAULT NULL,
  `video_img` varchar(100) COLLATE utf8mb4_bin DEFAULT NULL,
  `title` varchar(50) COLLATE utf8mb4_bin DEFAULT NULL,
  `end_time` int(11) DEFAULT NULL,
  `start_time` int(11) DEFAULT NULL COMMENT '开课时间',
  `content` text COLLATE utf8mb4_bin COMMENT '简介',
  `money` decimal(10,2) DEFAULT NULL COMMENT '原价',
  `nowmoney` decimal(10,2) DEFAULT NULL COMMENT '现价',
  `signnum` int(11) DEFAULT '0' COMMENT '实际报名人数',
  `signnum_xn` int(11) DEFAULT NULL,
  `rec` tinyint(1) DEFAULT '0' COMMENT '1推荐课程',
  `createtime` int(11) DEFAULT NULL,
  `status` tinyint(1) DEFAULT '1' COMMENT '0下架',
  `ordertime` int(11) DEFAULT '0' COMMENT '预约可看分钟数',
  `uniacid` int(11) DEFAULT NULL,
  `auditions` int(11) DEFAULT '0' COMMENT '试听人数',
  `auditions_xn` int(11) DEFAULT '0',
  `sid` int(11) DEFAULT '0' COMMENT '分校id',
  `type` tinyint(1) DEFAULT '1' COMMENT '1普通课程 2砍价',
  `bargain_num` int(11) DEFAULT '0' COMMENT '砍价所需人数',
  `is_floor_price` tinyint(1) DEFAULT '1' COMMENT '1.需砍到底价 0.否',
  `share_title` varchar(50) COLLATE utf8mb4_bin DEFAULT '今日砍价之恩，他日必定涌泉相报' COMMENT '砍价分享标题',
  `pic` varchar(100) COLLATE utf8mb4_bin DEFAULT NULL COMMENT '详情图',
  PRIMARY KEY (`id`)
) ENGINE=MyISAM AUTO_INCREMENT=69 DEFAULT CHARSET=utf8mb4 COLLATE=utf8mb4_bin COMMENT='课程表';


CREATE TABLE IF NOT EXISTS `ims_yzpx_sun_course_order` (
  `id` int(11) unsigned NOT NULL AUTO_INCREMENT,
  `uid` int(11) DEFAULT NULL,
  `cid` int(11) DEFAULT NULL,
  `username` varchar(50) COLLATE utf8mb4_bin DEFAULT NULL,
  `tel` varchar(20) COLLATE utf8mb4_bin DEFAULT NULL,
  `createtime` int(11) DEFAULT NULL,
  `uniacid` int(11) DEFAULT NULL,
  `remark` varchar(200) COLLATE utf8mb4_bin DEFAULT NULL COMMENT '备注信息',
  `sid` int(11) DEFAULT NULL,
  `status` tinyint(1) DEFAULT '1' COMMENT '1未联系 2.已联系',
  PRIMARY KEY (`id`)
) ENGINE=MyISAM AUTO_INCREMENT=168 DEFAULT CHARSET=utf8mb4 COLLATE=utf8mb4_bin COMMENT='课程预约表';


CREATE TABLE IF NOT EXISTS `ims_yzpx_sun_course_sign` (
  `id` int(11) unsigned NOT NULL AUTO_INCREMENT,
  `uid` int(11) DEFAULT NULL,
  `cid` int(11) DEFAULT NULL,
  `username` varchar(11) COLLATE utf8mb4_bin DEFAULT NULL,
  `tel` varchar(20) COLLATE utf8mb4_bin DEFAULT NULL,
  `headurl` varchar(200) COLLATE utf8mb4_bin DEFAULT NULL,
  `money` decimal(10,2) DEFAULT NULL,
  `ordernum` varchar(20) COLLATE utf8mb4_bin DEFAULT NULL,
  `out_trade_no` varchar(35) COLLATE utf8mb4_bin DEFAULT NULL,
  `createtime` int(11) DEFAULT NULL,
  `ispay` tinyint(1) DEFAULT '0',
  `paytime` int(11) DEFAULT '0',
  `uniacid` int(11) DEFAULT NULL,
  `status` tinyint(1) DEFAULT '1',
  `prepay_id` varchar(100) COLLATE utf8mb4_bin DEFAULT NULL,
  `transid` varchar(100) COLLATE utf8mb4_bin DEFAULT NULL,
  `sid` int(11) DEFAULT NULL,
  `couponid` int(11) DEFAULT '0' COMMENT '优惠券id',
  `coupon_money` decimal(10,2) DEFAULT NULL COMMENT '优惠券金额',
  PRIMARY KEY (`id`)
) ENGINE=MyISAM AUTO_INCREMENT=171 DEFAULT CHARSET=utf8mb4 COLLATE=utf8mb4_bin COMMENT='课程报名表';


CREATE TABLE IF NOT EXISTS `ims_yzpx_sun_course_teach` (
  `id` int(11) unsigned NOT NULL AUTO_INCREMENT,
  `cid` int(11) DEFAULT NULL,
  `sid` int(11) DEFAULT NULL,
  `tid` int(11) DEFAULT NULL,
  `createtime` varchar(11) COLLATE utf8mb4_bin DEFAULT NULL,
  `status` tinyint(1) DEFAULT '1',
  `uniacid` int(11) DEFAULT NULL,
  PRIMARY KEY (`id`)
) ENGINE=MyISAM AUTO_INCREMENT=74 DEFAULT CHARSET=utf8mb4 COLLATE=utf8mb4_bin;


CREATE TABLE IF NOT EXISTS `ims_yzpx_sun_courseclassify` (
  `id` int(11) unsigned NOT NULL AUTO_INCREMENT,
  `name` varchar(20) COLLATE utf8mb4_bin DEFAULT NULL,
  `createtime` int(11) DEFAULT NULL,
  `sort` int(1) DEFAULT '0',
  `uniacid` int(11) DEFAULT NULL,
  PRIMARY KEY (`id`)
) ENGINE=MyISAM AUTO_INCREMENT=41 DEFAULT CHARSET=utf8mb4 COLLATE=utf8mb4_bin COMMENT='课程分类表';


CREATE TABLE IF NOT EXISTS `ims_yzpx_sun_footnav` (
  `id` int(11) unsigned NOT NULL AUTO_INCREMENT,
  `name` varchar(10) COLLATE utf8mb4_bin DEFAULT NULL,
  `icon_a` varchar(100) COLLATE utf8mb4_bin DEFAULT NULL COMMENT '选中前图标',
  `icon_b` varchar(100) COLLATE utf8mb4_bin DEFAULT NULL COMMENT '选中后图标',
  `type` int(11) DEFAULT NULL,
  `typeid` int(11) DEFAULT '0',
  `sort` int(11) DEFAULT NULL,
  `status` tinyint(1) DEFAULT '1' COMMENT '0',
  `uniacid` int(11) DEFAULT NULL,
  PRIMARY KEY (`id`)
) ENGINE=MyISAM AUTO_INCREMENT=13 DEFAULT CHARSET=utf8mb4 COLLATE=utf8mb4_bin;


CREATE TABLE IF NOT EXISTS `ims_yzpx_sun_indexad` (
  `id` int(11) unsigned NOT NULL AUTO_INCREMENT,
  `img` varchar(200) COLLATE utf8mb4_bin DEFAULT NULL,
  `title` varchar(100) COLLATE utf8mb4_bin DEFAULT NULL,
  `start_time` int(11) DEFAULT NULL,
  `end_time` int(11) DEFAULT NULL,
  `money` decimal(10,2) DEFAULT NULL,
  `signnum` int(11) DEFAULT '0',
  `signnum_xn` int(11) DEFAULT '0' COMMENT '虚拟报名数',
  `icon` varchar(20) COLLATE utf8mb4_bin DEFAULT NULL COMMENT '标签',
  `status` tinyint(1) DEFAULT '1' COMMENT '1.显示 0.不显示',
  `uniacid` int(11) DEFAULT NULL,
  PRIMARY KEY (`id`)
) ENGINE=MyISAM AUTO_INCREMENT=8 DEFAULT CHARSET=utf8mb4 COLLATE=utf8mb4_bin COMMENT='首页广告位';


CREATE TABLE IF NOT EXISTS `ims_yzpx_sun_indexad_sign` (
  `id` int(11) unsigned NOT NULL AUTO_INCREMENT,
  `aid` int(11) DEFAULT NULL COMMENT '广告id',
  `uid` int(11) DEFAULT NULL,
  `username` varchar(10) COLLATE utf8mb4_bin DEFAULT NULL,
  `tel` varchar(20) COLLATE utf8mb4_bin DEFAULT NULL,
  `createtime` int(11) DEFAULT NULL,
  `uniacid` int(11) DEFAULT NULL,
  PRIMARY KEY (`id`)
) ENGINE=MyISAM AUTO_INCREMENT=77 DEFAULT CHARSET=utf8mb4 COLLATE=utf8mb4_bin;


CREATE TABLE IF NOT EXISTS `ims_yzpx_sun_lesson` (
  `id` int(11) unsigned NOT NULL AUTO_INCREMENT,
  `couid` int(11) DEFAULT NULL COMMENT '课程id',
  `video` varchar(200) COLLATE utf8mb4_bin DEFAULT NULL,
  `video_type` tinyint(1) DEFAULT '1' COMMENT '1.自己上传 2.外链',
  `video_link` varchar(500) COLLATE utf8mb4_bin DEFAULT NULL COMMENT '视频链接',
  `video_img` varchar(100) COLLATE utf8mb4_bin DEFAULT NULL,
  `content` text COLLATE utf8mb4_bin,
  `title` varchar(50) COLLATE utf8mb4_bin DEFAULT NULL,
  `start_time` int(11) DEFAULT NULL,
  `end_time` int(11) DEFAULT NULL,
  `uniacid` int(11) DEFAULT NULL,
  `createtime` int(11) DEFAULT NULL,
  PRIMARY KEY (`id`)
) ENGINE=MyISAM AUTO_INCREMENT=42 DEFAULT CHARSET=utf8mb4 COLLATE=utf8mb4_bin;


CREATE TABLE IF NOT EXISTS `ims_yzpx_sun_log` (
  `id` int(11) NOT NULL DEFAULT '0',
  `content` text COLLATE utf8mb4_bin,
  `type` int(5) DEFAULT NULL,
  `time` varchar(20) COLLATE utf8mb4_bin DEFAULT NULL,
  PRIMARY KEY (`id`)
) ENGINE=MyISAM DEFAULT CHARSET=utf8mb4 COLLATE=utf8mb4_bin;


CREATE TABLE IF NOT EXISTS `ims_yzpx_sun_logoset` (
  `uniacid` int(11) NOT NULL,
  `logo_name_one` varchar(5) COLLATE utf8mb4_bin DEFAULT NULL,
  `nav_name_one` varchar(5) COLLATE utf8mb4_bin DEFAULT NULL,
  `logo_img_one` varchar(100) COLLATE utf8mb4_bin DEFAULT NULL,
  `nav_img_one` varchar(100) COLLATE utf8mb4_bin DEFAULT NULL,
  `nav_img_a` varchar(100) COLLATE utf8mb4_bin DEFAULT NULL COMMENT '选中图标',
  `logo_name_two` varchar(5) COLLATE utf8mb4_bin DEFAULT NULL,
  `nav_name_two` varchar(5) COLLATE utf8mb4_bin DEFAULT NULL,
  `logo_img_two` varchar(100) COLLATE utf8mb4_bin DEFAULT NULL,
  `nav_img_two` varchar(100) COLLATE utf8mb4_bin DEFAULT NULL,
  `nav_img_b` varchar(100) COLLATE utf8mb4_bin DEFAULT NULL,
  `logo_name_three` varchar(5) COLLATE utf8mb4_bin DEFAULT NULL,
  `nav_name_three` varchar(5) COLLATE utf8mb4_bin DEFAULT NULL,
  `logo_img_three` varchar(100) COLLATE utf8mb4_bin DEFAULT NULL,
  `nav_img_three` varchar(100) COLLATE utf8mb4_bin DEFAULT NULL,
  `nav_img_c` varchar(100) COLLATE utf8mb4_bin DEFAULT NULL,
  `logo_name_four` varchar(5) COLLATE utf8mb4_bin DEFAULT NULL,
  `nav_name_four` varchar(5) COLLATE utf8mb4_bin DEFAULT NULL,
  `logo_img_four` varchar(100) COLLATE utf8mb4_bin DEFAULT NULL,
  `nav_img_four` varchar(100) COLLATE utf8mb4_bin DEFAULT NULL,
  `nav_img_d` varchar(100) COLLATE utf8mb4_bin DEFAULT NULL,
  `my_name_one` varchar(10) COLLATE utf8mb4_bin DEFAULT '我的课程',
  `my_img_one` varchar(100) COLLATE utf8mb4_bin DEFAULT NULL,
  `my_name_two` varchar(10) COLLATE utf8mb4_bin DEFAULT '约课记录',
  `my_img_two` varchar(100) COLLATE utf8mb4_bin DEFAULT NULL,
  `my_name_three` varchar(10) COLLATE utf8mb4_bin DEFAULT '授课老师',
  `my_img_three` varchar(100) COLLATE utf8mb4_bin DEFAULT NULL,
  `my_name_four` varchar(10) COLLATE utf8mb4_bin DEFAULT '我的收藏',
  `my_img_four` varchar(100) COLLATE utf8mb4_bin DEFAULT NULL,
  `my_name_five` varchar(10) COLLATE utf8mb4_bin DEFAULT '集卡奖品',
  `my_img_five` varchar(100) COLLATE utf8mb4_bin DEFAULT NULL,
  `my_name_six` varchar(10) COLLATE utf8mb4_bin DEFAULT '管理入口',
  `my_img_six` varchar(100) COLLATE utf8mb4_bin DEFAULT NULL,
  `logo_name_five` varchar(10) COLLATE utf8mb4_bin DEFAULT '预约报名',
  `logo_img_five` varchar(100) COLLATE utf8mb4_bin DEFAULT NULL,
  `logo_icon_five` varchar(10) COLLATE utf8mb4_bin DEFAULT '报名有礼',
  `logo_name_six` varchar(10) COLLATE utf8mb4_bin DEFAULT '集卡活动',
  `logo_img_six` varchar(100) COLLATE utf8mb4_bin DEFAULT NULL,
  `fx_name` varchar(10) COLLATE utf8mb4_bin DEFAULT NULL,
  `fx_icon` varchar(100) COLLATE utf8mb4_bin DEFAULT NULL COMMENT '分校图标',
  `kanjia_name` varchar(10) COLLATE utf8mb4_bin DEFAULT NULL COMMENT '砍价名称',
  `kanjia_icon` varchar(100) COLLATE utf8mb4_bin DEFAULT NULL COMMENT '砍价图标',
  `coupon_img` varchar(100) COLLATE utf8mb4_bin DEFAULT NULL COMMENT '优惠券图标',
  `mycoupon_icon` varchar(100) COLLATE utf8mb4_bin DEFAULT NULL,
  `mycoupon_name` varchar(10) COLLATE utf8mb4_bin DEFAULT '我的优惠券',
  `mykanjia_icon` varchar(100) COLLATE utf8mb4_bin DEFAULT NULL,
  `mykanjia_name` varchar(10) COLLATE utf8mb4_bin DEFAULT '我的砍价',
  `kf_name` varchar(10) COLLATE utf8mb4_bin DEFAULT '客服',
  `kf_icon` varchar(100) COLLATE utf8mb4_bin DEFAULT NULL COMMENT '客服',
  PRIMARY KEY (`uniacid`)
) ENGINE=MyISAM DEFAULT CHARSET=utf8mb4 COLLATE=utf8mb4_bin COMMENT='营销功能图标设置表';


CREATE TABLE IF NOT EXISTS `ims_yzpx_sun_msg_set` (
  `id` int(11) unsigned NOT NULL AUTO_INCREMENT,
  `open` tinyint(1) DEFAULT '1' COMMENT '1开启 0关闭',
  `type` tinyint(1) DEFAULT '1' COMMENT '1.253 2.大鱼',
  `api_account` varchar(200) COLLATE utf8mb4_bin DEFAULT NULL,
  `api_psw` varchar(200) COLLATE utf8mb4_bin DEFAULT NULL,
  `buy_template` varchar(300) COLLATE utf8mb4_bin DEFAULT NULL COMMENT '购买成功模板',
  `uniacid` int(11) DEFAULT NULL,
  `dayu_signname` varchar(200) COLLATE utf8mb4_bin DEFAULT NULL COMMENT '大鱼-短信签名',
  `dayu_templatecode` varchar(200) COLLATE utf8mb4_bin DEFAULT NULL COMMENT '大鱼-模板id',
  `dayu_accesskey` varchar(300) COLLATE utf8mb4_bin DEFAULT NULL,
  `dayu_accesskeysecret` varchar(300) COLLATE utf8mb4_bin DEFAULT NULL,
  PRIMARY KEY (`id`)
) ENGINE=MyISAM AUTO_INCREMENT=3 DEFAULT CHARSET=utf8mb4 COLLATE=utf8mb4_bin COMMENT='短信配置表';


CREATE TABLE IF NOT EXISTS `ims_yzpx_sun_news` (
  `id` int(11) unsigned NOT NULL AUTO_INCREMENT,
  `cid` int(11) DEFAULT NULL COMMENT '分类id',
  `title` varchar(100) COLLATE utf8mb4_bin DEFAULT NULL,
  `content` text COLLATE utf8mb4_bin COMMENT '新闻内容',
  `createtime` int(11) DEFAULT NULL,
  `info` text COLLATE utf8mb4_bin COMMENT '简介',
  `uniacid` int(11) DEFAULT NULL,
  `status` tinyint(1) DEFAULT '1',
  PRIMARY KEY (`id`)
) ENGINE=MyISAM AUTO_INCREMENT=22 DEFAULT CHARSET=utf8mb4 COLLATE=utf8mb4_bin COMMENT='新闻动态表';


CREATE TABLE IF NOT EXISTS `ims_yzpx_sun_newsclassify` (
  `id` int(11) unsigned NOT NULL AUTO_INCREMENT,
  `name` varchar(20) COLLATE utf8mb4_bin DEFAULT NULL,
  `createtime` int(11) DEFAULT NULL,
  `sort` int(1) DEFAULT '0',
  `uniacid` int(11) DEFAULT NULL,
  PRIMARY KEY (`id`)
) ENGINE=MyISAM AUTO_INCREMENT=18 DEFAULT CHARSET=utf8mb4 COLLATE=utf8mb4_bin COMMENT='新闻动态分类';


CREATE TABLE IF NOT EXISTS `ims_yzpx_sun_school` (
  `id` int(11) NOT NULL AUTO_INCREMENT COMMENT '关于我们id',
  `pic` varchar(120) DEFAULT NULL COMMENT '图片',
  `banner` varchar(300) DEFAULT NULL,
  `name` varchar(100) NOT NULL COMMENT '第一个标题',
  `content` text NOT NULL COMMENT '第一个内容',
  `tel` varchar(50) DEFAULT NULL,
  `address` varchar(100) DEFAULT NULL,
  `lat` varchar(20) DEFAULT NULL,
  `lng` varchar(20) NOT NULL DEFAULT '',
  `selftime` datetime DEFAULT NULL COMMENT '存入时间',
  `uniacid` int(11) DEFAULT NULL,
  `status` tinyint(1) DEFAULT '1',
  `join_card` tinyint(1) DEFAULT '1' COMMENT '1.参与集卡',
  `admin_uid` int(11) DEFAULT '0' COMMENT '分校管理员uid',
  PRIMARY KEY (`id`)
) ENGINE=MyISAM AUTO_INCREMENT=19 DEFAULT CHARSET=utf8 COMMENT='分校表';


CREATE TABLE IF NOT EXISTS `ims_yzpx_sun_system` (
  `id` int(11) NOT NULL AUTO_INCREMENT COMMENT 'id',
  `appid` varchar(100) CHARACTER SET latin1 DEFAULT NULL COMMENT 'appid',
  `appsecret` varchar(200) CHARACTER SET latin1 DEFAULT NULL COMMENT 'appsecret',
  `mchid` varchar(100) CHARACTER SET latin1 DEFAULT NULL COMMENT '商户号',
  `wxkey` varchar(250) CHARACTER SET latin1 DEFAULT NULL COMMENT '商户秘钥',
  `uniacid` int(11) DEFAULT NULL,
  `color` varchar(20) CHARACTER SET latin1 DEFAULT NULL COMMENT '颜色',
  `address` varchar(200) CHARACTER SET utf8 DEFAULT NULL,
  `sup_logo` varchar(200) CHARACTER SET utf8 DEFAULT NULL COMMENT '技术支持logo',
  `sup_name` varchar(50) DEFAULT NULL COMMENT '技术支持名称',
  `sup_tel` varchar(20) DEFAULT NULL COMMENT '技术支持电话',
  `ad_pic` tinyint(1) DEFAULT '1' COMMENT '1.开启首页弹窗广告图0.关闭',
  `client_ip` varchar(100) CHARACTER SET utf8 DEFAULT NULL,
  `apiclient_key` varchar(100) CHARACTER SET utf8 DEFAULT NULL,
  `apiclient_cert` varchar(100) CHARACTER SET utf8 DEFAULT NULL,
  `token` varchar(300) DEFAULT NULL,
  `token_expires_in` int(11) DEFAULT NULL COMMENT 'token的过期时间',
  `sign_template_id` varchar(300) DEFAULT NULL COMMENT '报名成功模板消息',
  `card_template_id` varchar(300) DEFAULT NULL COMMENT '集卡模板id',
  `order_template_id` varchar(300) DEFAULT NULL COMMENT '预约成功模板id',
  `top_color` varchar(50) DEFAULT '#fff' COMMENT '顶部风格颜色',
  `top_font_color` varchar(50) DEFAULT '#000000' COMMENT '顶部字体颜色',
  `foot_color` varchar(50) DEFAULT '#fff' COMMENT '底部风格颜色',
  `foot_font_color_one` varchar(50) DEFAULT '#969696' COMMENT '底部文字选中前',
  `foot_font_color_two` varchar(50) DEFAULT '#48bcff' COMMENT '底部文字选中后',
  `ht_logo` varchar(200) DEFAULT NULL COMMENT '后台顶部logo',
  `ht_title` varchar(100) DEFAULT NULL COMMENT '后台顶部标题名称',
  `top_title` varchar(50) DEFAULT '首页',
  `open_school` tinyint(1) DEFAULT '1' COMMENT '0.关闭分校开关',
  `map_key` varchar(200) DEFAULT NULL COMMENT '腾讯地图key',
  PRIMARY KEY (`id`),
  UNIQUE KEY `id` (`id`)
) ENGINE=MyISAM AUTO_INCREMENT=11 DEFAULT CHARSET=utf8mb4;


CREATE TABLE IF NOT EXISTS `ims_yzpx_sun_teacher` (
  `id` int(11) unsigned NOT NULL AUTO_INCREMENT,
  `cid` int(11) DEFAULT NULL COMMENT '课程分类id',
  `name` varchar(10) COLLATE utf8mb4_bin DEFAULT NULL,
  `headurl` varchar(100) COLLATE utf8mb4_bin DEFAULT NULL,
  `school` varchar(50) COLLATE utf8mb4_bin DEFAULT NULL,
  `age` int(2) DEFAULT '0' COMMENT '教龄',
  `tel` varchar(20) COLLATE utf8mb4_bin DEFAULT NULL,
  `content` text COLLATE utf8mb4_bin COMMENT '简介',
  `status` tinyint(1) DEFAULT '1' COMMENT '0.下架',
  `uniacid` int(11) DEFAULT NULL,
  `admin_uid` int(11) DEFAULT '0' COMMENT '老师uid',
  `sid` int(11) DEFAULT '0' COMMENT '分校id',
  PRIMARY KEY (`id`)
) ENGINE=MyISAM AUTO_INCREMENT=36 DEFAULT CHARSET=utf8mb4 COLLATE=utf8mb4_bin COMMENT='老师表';


CREATE TABLE IF NOT EXISTS `ims_yzpx_sun_user` (
  `id` int(11) NOT NULL AUTO_INCREMENT COMMENT 'iq',
  `openid` varchar(100) CHARACTER SET utf8 DEFAULT NULL COMMENT 'openid',
  `headimg` varchar(200) CHARACTER SET utf8 DEFAULT NULL COMMENT '头像',
  `time` varchar(50) CHARACTER SET utf8 DEFAULT NULL COMMENT '创建时间',
  `uniacid` int(11) DEFAULT NULL,
  `user_name` varchar(30) DEFAULT NULL,
  `user_tel` int(11) DEFAULT NULL,
  `user_address` varchar(200) CHARACTER SET utf8 DEFAULT NULL,
  `all_integral` int(11) DEFAULT '0' COMMENT '总积分',
  `now_integral` int(11) DEFAULT '0' COMMENT '现有积分',
  `isadmin` tinyint(1) DEFAULT '0' COMMENT '1.管理员',
  PRIMARY KEY (`id`),
  UNIQUE KEY `id` (`id`)
) ENGINE=MyISAM AUTO_INCREMENT=4889 DEFAULT CHARSET=utf8mb4;


CREATE TABLE IF NOT EXISTS `ims_yzpx_sun_we` (
  `id` int(11) NOT NULL AUTO_INCREMENT COMMENT '关于我们id',
  `pic` varchar(120) DEFAULT NULL COMMENT '图片',
  `name` varchar(100) NOT NULL COMMENT '第一个标题',
  `content` text NOT NULL COMMENT '第一个内容',
  `tel` varchar(50) DEFAULT NULL,
  `address` varchar(100) DEFAULT NULL,
  `lat` varchar(20) DEFAULT NULL,
  `lng` varchar(20) NOT NULL DEFAULT '',
  `selftime` datetime DEFAULT NULL COMMENT '存入时间',
  `uniacid` int(11) DEFAULT NULL,
  PRIMARY KEY (`id`)
) ENGINE=MyISAM AUTO_INCREMENT=11 DEFAULT CHARSET=utf8 COMMENT='关于我们';

]]></install>
	<uninstall><![CDATA[DROP TABLE IF EXISTS `ims_yzpx_sun_adpic`;
DROP TABLE IF EXISTS `ims_yzpx_sun_banner`;
DROP TABLE IF EXISTS `ims_yzpx_sun_bargain`;
DROP TABLE IF EXISTS `ims_yzpx_sun_break`;
DROP TABLE IF EXISTS `ims_yzpx_sun_break_comment`;
DROP TABLE IF EXISTS `ims_yzpx_sun_breakclassify`;
DROP TABLE IF EXISTS `ims_yzpx_sun_card`;
DROP TABLE IF EXISTS `ims_yzpx_sun_card_font`;
DROP TABLE IF EXISTS `ims_yzpx_sun_card_getlog`;
DROP TABLE IF EXISTS `ims_yzpx_sun_card_help`;
DROP TABLE IF EXISTS `ims_yzpx_sun_card_prizelog`;
DROP TABLE IF EXISTS `ims_yzpx_sun_collect`;
DROP TABLE IF EXISTS `ims_yzpx_sun_coupon`;
DROP TABLE IF EXISTS `ims_yzpx_sun_coupon_getlog`;
DROP TABLE IF EXISTS `ims_yzpx_sun_course`;
DROP TABLE IF EXISTS `ims_yzpx_sun_course_order`;
DROP TABLE IF EXISTS `ims_yzpx_sun_course_sign`;
DROP TABLE IF EXISTS `ims_yzpx_sun_course_teach`;
DROP TABLE IF EXISTS `ims_yzpx_sun_courseclassify`;
DROP TABLE IF EXISTS `ims_yzpx_sun_footnav`;
DROP TABLE IF EXISTS `ims_yzpx_sun_indexad`;
DROP TABLE IF EXISTS `ims_yzpx_sun_indexad_sign`;
DROP TABLE IF EXISTS `ims_yzpx_sun_lesson`;
DROP TABLE IF EXISTS `ims_yzpx_sun_log`;
DROP TABLE IF EXISTS `ims_yzpx_sun_logoset`;
DROP TABLE IF EXISTS `ims_yzpx_sun_msg_set`;
DROP TABLE IF EXISTS `ims_yzpx_sun_news`;
DROP TABLE IF EXISTS `ims_yzpx_sun_newsclassify`;
DROP TABLE IF EXISTS `ims_yzpx_sun_school`;
DROP TABLE IF EXISTS `ims_yzpx_sun_system`;
DROP TABLE IF EXISTS `ims_yzpx_sun_teacher`;
DROP TABLE IF EXISTS `ims_yzpx_sun_user`;
DROP TABLE IF EXISTS `ims_yzpx_sun_we`;
]]></uninstall>
	<upgrade><![CDATA[]]></upgrade>

</manifest>
