<?xml version="1.0" encoding="utf-8"?>

<manifest xmlns="http://www.lanrenzhijia.com" versionCode="0.8,1.0">

	<application setting="true">
		<name><![CDATA[悟空挪车]]></name>
		<identifie><![CDATA[liuer_mcar]]></identifie>
		<version><![CDATA[3.6.3]]></version>
		<type><![CDATA[activity]]></type>
		<ability><![CDATA[悟空挪车，做最好的挪车系统～]]></ability>
		<description><![CDATA[悟空挪车，安全智能隐私挪车服务平台，保护车主和发起挪车请求人隐私，不用发起者填写手机号，全新漂亮的挪车体验，根本停不下来。悟空挪车，等你来占～]]></description>
		<author><![CDATA[懒人源码]]></author>
		<url><![CDATA[https://www.lanrenzhijia.com/]]></url>
	</application>

	<platform>
		<subscribes>
			<message type="text" />
			<message type="image" />
			<message type="voice" />
			<message type="video" />
			<message type="shortvideo" />
			<message type="location" />
			<message type="link" />
			<message type="subscribe" />
			<message type="unsubscribe" />
			<message type="qr" />
			<message type="trace" />
			<message type="click" />
			<message type="view" />
			<message type="merchant_order" />
			<message type="user_get_card" />
			<message type="user_del_card" />
			<message type="user_consume_card" />
		</subscribes>

		<handles>
			<message type="text" />
		</handles>

		<rule embed="true" />
		<card embed="false" />
		
		<supports>
			<item type="app" />
		</supports>
        <plugins>
			<item name="liuer_mcar_plugin_agent"/></plugins> 
        <plugin-main name="" />

	</platform>

	<bindings>
		<cover>
			<entry title="功能封面" do="center" state="center" direct="false"/>
		</cover>
		<rule>
			<entry title="规则列表" do="rule" state="rule" direct="false"/>
		</rule>
		<menu>
			<entry title="系统入口" do="welcome" state="welcome" direct="false"/>
		</menu>

	</bindings>

	<permissions>
	</permissions>

	<install><![CDATA[
CREATE TABLE IF NOT EXISTS `ims_liuer_mcar_ad` (
  `id` int(11) unsigned NOT NULL AUTO_INCREMENT,
  `name` varchar(60) DEFAULT NULL,
  `linkurl` varchar(255) DEFAULT NULL,
  `thumb` varchar(255) DEFAULT NULL,
  `position` int(11) DEFAULT NULL COMMENT '位置',
  `agent_id` int(11) DEFAULT NULL,
  `status` int(11) DEFAULT '9',
  `created_at` int(11) DEFAULT NULL,
  `weid` int(11) DEFAULT NULL,
  PRIMARY KEY (`id`)
) ENGINE=InnoDB DEFAULT CHARSET=utf8;


CREATE TABLE IF NOT EXISTS `ims_liuer_mcar_agent` (
  `id` int(11) unsigned NOT NULL AUTO_INCREMENT,
  `name` varchar(255) DEFAULT NULL,
  `auto_level` int(11) DEFAULT '0',
  `address` varchar(255) DEFAULT NULL,
  `latitude` varchar(255) DEFAULT NULL,
  `longitude` varchar(255) DEFAULT NULL,
  `mobile` varchar(255) DEFAULT NULL,
  `linkurl` varchar(255) DEFAULT NULL,
  `thumb` varchar(255) DEFAULT NULL COMMENT '缩略图',
  `sort` int(11) DEFAULT '1',
  `status` int(11) DEFAULT '9',
  `is_show` int(11) DEFAULT '1',
  `created_at` int(11) DEFAULT NULL,
  `weid` int(11) DEFAULT NULL,
  PRIMARY KEY (`id`)
) ENGINE=InnoDB DEFAULT CHARSET=utf8;


CREATE TABLE IF NOT EXISTS `ims_liuer_mcar_category` (
  `id` int(11) unsigned NOT NULL AUTO_INCREMENT,
  `name` varchar(255) DEFAULT NULL,
  `icon` varchar(255) DEFAULT NULL,
  `linkurl` varchar(255) DEFAULT NULL,
  `agent_id` int(11) DEFAULT '0',
  `sort` int(11) DEFAULT NULL,
  `status` int(11) DEFAULT '9',
  `created_at` int(11) DEFAULT NULL,
  `weid` int(11) DEFAULT NULL,
  PRIMARY KEY (`id`)
) ENGINE=InnoDB DEFAULT CHARSET=utf8;


CREATE TABLE IF NOT EXISTS `ims_liuer_mcar_codes` (
  `id` int(11) unsigned NOT NULL AUTO_INCREMENT,
  `no` int(11) unsigned DEFAULT NULL,
  `code` varchar(255) DEFAULT NULL,
  `log_id` int(11) DEFAULT NULL,
  `agent_id` int(11) DEFAULT NULL,
  `status` int(11) DEFAULT '9',
  `created_at` int(11) DEFAULT NULL,
  `updated_at` int(11) DEFAULT NULL,
  `weid` int(11) DEFAULT NULL,
  PRIMARY KEY (`id`)
) ENGINE=InnoDB DEFAULT CHARSET=utf8;


CREATE TABLE IF NOT EXISTS `ims_liuer_mcar_codes_log` (
  `id` int(11) unsigned NOT NULL AUTO_INCREMENT,
  `ordersn` varchar(255) DEFAULT NULL,
  `count` int(11) DEFAULT NULL,
  `agent_id` int(11) DEFAULT NULL,
  `status` int(11) DEFAULT '9',
  `created_at` int(11) DEFAULT NULL,
  `created_by` int(11) DEFAULT NULL,
  `weid` int(11) DEFAULT NULL,
  PRIMARY KEY (`id`)
) ENGINE=InnoDB DEFAULT CHARSET=utf8;


CREATE TABLE IF NOT EXISTS `ims_liuer_mcar_feedback` (
  `id` int(11) unsigned NOT NULL AUTO_INCREMENT,
  `log_id` int(11) DEFAULT NULL,
  `star` int(11) DEFAULT NULL,
  `title` varchar(255) DEFAULT NULL,
  `content` varchar(255) DEFAULT NULL,
  `from_openid` varchar(255) DEFAULT NULL,
  `user_id` int(11) DEFAULT NULL,
  `to_openid` varchar(255) DEFAULT '',
  `created_at` int(11) DEFAULT NULL,
  `weid` int(11) DEFAULT NULL,
  PRIMARY KEY (`id`)
) ENGINE=InnoDB DEFAULT CHARSET=utf8;


CREATE TABLE IF NOT EXISTS `ims_liuer_mcar_fenxiao` (
  `id` int(11) unsigned NOT NULL AUTO_INCREMENT,
  `name` varchar(30) DEFAULT NULL,
  `price` decimal(10,2) DEFAULT NULL,
  `endtime` int(11) DEFAULT NULL,
  `remark` varchar(255) DEFAULT NULL,
  `status` int(11) DEFAULT '9',
  `created_at` int(11) DEFAULT NULL,
  `weid` int(11) DEFAULT NULL,
  PRIMARY KEY (`id`)
) ENGINE=InnoDB DEFAULT CHARSET=utf8;


CREATE TABLE IF NOT EXISTS `ims_liuer_mcar_fenxiao_rel` (
  `id` int(11) unsigned NOT NULL AUTO_INCREMENT,
  `good_id` int(11) DEFAULT NULL,
  `is_type` int(11) DEFAULT '1' COMMENT '1为商品 2为会员',
  `percent` int(11) DEFAULT NULL COMMENT '比例',
  `fx_id` int(11) DEFAULT NULL,
  `status` int(11) DEFAULT '9',
  `created_at` int(11) DEFAULT NULL,
  `weid` int(11) DEFAULT NULL,
  PRIMARY KEY (`id`)
) ENGINE=InnoDB DEFAULT CHARSET=utf8;


CREATE TABLE IF NOT EXISTS `ims_liuer_mcar_goods` (
  `id` int(11) unsigned NOT NULL AUTO_INCREMENT,
  `title` varchar(255) DEFAULT NULL,
  `thumb` varchar(255) DEFAULT NULL,
  `price` decimal(10,2) DEFAULT NULL,
  `stock` int(11) DEFAULT NULL COMMENT '库存',
  `desc` varchar(255) DEFAULT NULL,
  `content` text COMMENT '详情',
  `sort` int(11) DEFAULT NULL COMMENT '排序',
  `cat_id` int(11) DEFAULT NULL COMMENT '分类id',
  `agent_id` int(11) DEFAULT '0',
  `is_fx` int(11) DEFAULT '0',
  `status` int(11) DEFAULT '9',
  `created_at` int(11) DEFAULT NULL,
  `weid` int(11) DEFAULT NULL,
  PRIMARY KEY (`id`)
) ENGINE=InnoDB DEFAULT CHARSET=utf8;


CREATE TABLE IF NOT EXISTS `ims_liuer_mcar_group` (
  `id` int(11) unsigned NOT NULL AUTO_INCREMENT,
  `name` varchar(30) DEFAULT NULL,
  `price` decimal(10,2) DEFAULT NULL,
  `is_fx` int(11) DEFAULT '0',
  `remark` varchar(255) DEFAULT NULL,
  `duration` int(11) DEFAULT NULL COMMENT '持续天数',
  `private_minute` int(11) DEFAULT NULL,
  `sort` int(11) DEFAULT NULL,
  `status` int(11) DEFAULT '9',
  `created_at` int(11) DEFAULT NULL,
  `weid` int(11) DEFAULT NULL,
  PRIMARY KEY (`id`)
) ENGINE=InnoDB DEFAULT CHARSET=utf8;


CREATE TABLE IF NOT EXISTS `ims_liuer_mcar_help` (
  `id` int(11) unsigned NOT NULL AUTO_INCREMENT,
  `title` varchar(255) DEFAULT NULL,
  `source` varchar(255) DEFAULT NULL,
  `author` varchar(255) DEFAULT NULL,
  `content` text,
  `sort` int(11) DEFAULT NULL,
  `status` int(11) DEFAULT '9',
  `created_at` int(11) DEFAULT NULL,
  `updated_at` int(11) DEFAULT NULL,
  `agent_id` int(11) DEFAULT '0',
  `weid` int(11) DEFAULT NULL,
  PRIMARY KEY (`id`)
) ENGINE=InnoDB DEFAULT CHARSET=utf8;


CREATE TABLE IF NOT EXISTS `ims_liuer_mcar_menu` (
  `id` int(11) unsigned NOT NULL AUTO_INCREMENT,
  `name` varchar(255) DEFAULT NULL,
  `color` varchar(255) DEFAULT NULL,
  `icon` varchar(255) DEFAULT NULL,
  `icon_hover` varchar(255) DEFAULT NULL,
  `linkurl` varchar(255) DEFAULT NULL,
  `sort` int(11) DEFAULT NULL,
  `status` int(11) DEFAULT '9',
  `created_at` int(11) DEFAULT NULL,
  `agent_id` int(11) DEFAULT NULL,
  `weid` int(11) DEFAULT NULL,
  PRIMARY KEY (`id`)
) ENGINE=InnoDB DEFAULT CHARSET=utf8;


CREATE TABLE IF NOT EXISTS `ims_liuer_mcar_message` (
  `id` int(11) unsigned NOT NULL AUTO_INCREMENT,
  `log_id` int(11) DEFAULT NULL,
  `star` int(11) DEFAULT NULL,
  `title` varchar(255) DEFAULT NULL,
  `content` varchar(255) DEFAULT NULL,
  `from_openid` varchar(255) DEFAULT NULL,
  `user_id` int(11) DEFAULT NULL,
  `to_openid` varchar(255) DEFAULT '',
  `created_at` int(11) DEFAULT NULL,
  `weid` int(11) DEFAULT NULL,
  PRIMARY KEY (`id`)
) ENGINE=InnoDB DEFAULT CHARSET=utf8;


CREATE TABLE IF NOT EXISTS `ims_liuer_mcar_movelogs` (
  `id` int(11) unsigned NOT NULL AUTO_INCREMENT,
  `from_openid` varchar(255) DEFAULT NULL,
  `to_openid` varchar(255) DEFAULT NULL,
  `user_id` int(11) DEFAULT NULL,
  `chepaihao` varchar(255) DEFAULT NULL,
  `remark` varchar(255) DEFAULT NULL,
  `code_id` int(11) DEFAULT NULL,
  `address` varchar(255) DEFAULT NULL,
  `latitude` varchar(255) DEFAULT NULL,
  `longitude` varchar(255) DEFAULT NULL,
  `unique` varchar(255) DEFAULT NULL,
  `way` int(11) DEFAULT NULL,
  `isread` int(11) DEFAULT '0',
  `status` int(11) DEFAULT '9' COMMENT '9未处理 10已处理',
  `created_at` int(11) DEFAULT NULL,
  `updated_at` int(11) DEFAULT NULL,
  `weid` int(11) DEFAULT NULL,
  PRIMARY KEY (`id`)
) ENGINE=InnoDB DEFAULT CHARSET=utf8;


CREATE TABLE IF NOT EXISTS `ims_liuer_mcar_order` (
  `id` int(11) unsigned NOT NULL AUTO_INCREMENT,
  `ordersn` varchar(255) DEFAULT NULL,
  `price` decimal(10,2) DEFAULT NULL,
  `truename` varchar(255) DEFAULT NULL,
  `mobile` varchar(255) DEFAULT NULL,
  `address` varchar(255) DEFAULT NULL,
  `status` int(11) DEFAULT '0',
  `shipping_name` varchar(255) DEFAULT NULL COMMENT '快递公司',
  `shipping_no` varchar(255) DEFAULT NULL COMMENT '快递单号',
  `shipping_time` int(11) DEFAULT NULL COMMENT '发货时间',
  `good_id` int(11) DEFAULT NULL,
  `good_name` varchar(255) DEFAULT NULL,
  `good_number` int(11) DEFAULT '1',
  `buyer_message` varchar(255) DEFAULT NULL,
  `order_type` int(11) DEFAULT NULL,
  `user_id` int(11) DEFAULT NULL,
  `created_at` int(11) DEFAULT NULL,
  `updated_at` int(11) DEFAULT NULL,
  `openid` varchar(255) DEFAULT NULL,
  `weid` int(11) DEFAULT NULL,
  PRIMARY KEY (`id`)
) ENGINE=InnoDB DEFAULT CHARSET=utf8;


CREATE TABLE IF NOT EXISTS `ims_liuer_mcar_queue` (
  `id` int(11) unsigned NOT NULL AUTO_INCREMENT,
  `phone_no` varchar(255) DEFAULT NULL,
  `pool_key` varchar(255) DEFAULT NULL,
  `sub_id` varchar(255) DEFAULT NULL,
  `call_time` varchar(255) DEFAULT NULL,
  `peer_no` varchar(255) DEFAULT NULL,
  `release_dir` varchar(255) DEFAULT NULL,
  `ring_time` varchar(255) DEFAULT NULL,
  `call_id` varchar(255) DEFAULT NULL,
  `start_time` varchar(255) DEFAULT NULL,
  `fid` varchar(255) DEFAULT NULL,
  `partner_key` varchar(255) DEFAULT NULL,
  `out_id` varchar(255) DEFAULT NULL,
  `release_time` varchar(255) DEFAULT NULL,
  `free_ring_time` varchar(255) DEFAULT NULL,
  `control_type` varchar(255) DEFAULT NULL,
  `release_cause` varchar(255) DEFAULT NULL,
  `control_msg` varchar(255) DEFAULT NULL,
  `secret_no` varchar(255) DEFAULT NULL,
  `call_out_time` varchar(255) DEFAULT NULL,
  `call_type` varchar(255) DEFAULT NULL,
  `created_at` int(11) DEFAULT NULL,
  `called_display_no` varchar(255) DEFAULT NULL,
  PRIMARY KEY (`id`)
) ENGINE=InnoDB DEFAULT CHARSET=utf8;


CREATE TABLE IF NOT EXISTS `ims_liuer_mcar_sms` (
  `id` int(11) unsigned NOT NULL AUTO_INCREMENT,
  `mobile` varchar(255) DEFAULT NULL,
  `code` varchar(255) DEFAULT NULL,
  `status` int(11) DEFAULT '9' COMMENT '9正常 0为过期',
  `openid` varchar(255) DEFAULT NULL,
  `created_at` int(11) DEFAULT NULL,
  `virtual` int(11) DEFAULT '0',
  `weid` int(11) DEFAULT NULL,
  PRIMARY KEY (`id`)
) ENGINE=InnoDB DEFAULT CHARSET=utf8;


CREATE TABLE IF NOT EXISTS `ims_liuer_mcar_users` (
  `id` int(11) unsigned NOT NULL AUTO_INCREMENT,
  `chepaihao` varchar(255) DEFAULT NULL COMMENT '车牌号',
  `mobile` varchar(255) DEFAULT NULL COMMENT '手机号',
  `openid` varchar(255) DEFAULT NULL,
  `created_at` int(11) DEFAULT NULL,
  `status` int(11) DEFAULT '9' COMMENT '状态',
  `code_id` int(11) DEFAULT NULL COMMENT 'codes表',
  `count` int(11) DEFAULT '1' COMMENT '绑定次数',
  `weid` int(11) DEFAULT NULL,
  PRIMARY KEY (`id`)
) ENGINE=InnoDB DEFAULT CHARSET=utf8;


CREATE TABLE IF NOT EXISTS `ims_liuer_mcar_vip` (
  `id` int(11) unsigned NOT NULL AUTO_INCREMENT,
  `gid` int(11) DEFAULT '0' COMMENT '所属会员组',
  `fx_id` int(11) DEFAULT '0',
  `expire_time` int(11) DEFAULT NULL COMMENT '到期时间',
  `openid` varchar(255) DEFAULT NULL,
  `uid` int(11) DEFAULT NULL,
  `is_private` int(11) DEFAULT '0',
  `private_minute` int(11) DEFAULT NULL,
  `is_saorao` int(11) DEFAULT '0' COMMENT '是否开启免打扰',
  `starttime` varchar(255) DEFAULT NULL COMMENT '开启时间',
  `endtime` varchar(255) DEFAULT NULL COMMENT '结束时间',
  `latitude` varchar(255) DEFAULT NULL,
  `longitude` varchar(255) DEFAULT NULL,
  `synctime` int(11) DEFAULT NULL,
  `generate` int(11) DEFAULT '0',
  `pid` int(11) DEFAULT '0',
  `sort` int(11) DEFAULT NULL,
  `status` int(11) DEFAULT '9',
  `created_at` int(11) DEFAULT NULL,
  `updated_at` int(11) DEFAULT NULL,
  `weid` int(11) DEFAULT NULL,
  PRIMARY KEY (`id`)
) ENGINE=InnoDB DEFAULT CHARSET=utf8;


CREATE TABLE IF NOT EXISTS `ims_liuer_mcar_virtuals` (
  `id` int(11) unsigned NOT NULL AUTO_INCREMENT,
  `log_id` int(11) DEFAULT NULL,
  `mobile` varchar(255) DEFAULT NULL,
  `user_id` int(11) DEFAULT NULL,
  `secret_no` varchar(255) DEFAULT NULL,
  `subsid` varchar(255) DEFAULT NULL,
  `from_openid` varchar(255) DEFAULT NULL,
  `to_openid` varchar(255) DEFAULT NULL,
  `platform` int(11) DEFAULT '1',
  `is_use` int(11) DEFAULT '0',
  `status` int(11) DEFAULT '9',
  `created_at` int(11) DEFAULT NULL,
  `weid` int(11) DEFAULT NULL,
  PRIMARY KEY (`id`)
) ENGINE=InnoDB DEFAULT CHARSET=utf8;


CREATE TABLE IF NOT EXISTS `ims_liuer_mcar_yongjin` (
  `id` int(11) unsigned NOT NULL AUTO_INCREMENT,
  `uid` int(11) DEFAULT NULL,
  `fuid` int(11) DEFAULT NULL,
  `mark` varchar(255) DEFAULT NULL,
  `type` int(11) DEFAULT '1' COMMENT '1商品 2是会员',
  `order_id` int(11) DEFAULT NULL,
  `money` decimal(10,2) DEFAULT NULL,
  `created_at` int(11) DEFAULT NULL,
  `updated_at` int(11) DEFAULT NULL,
  `status` int(11) DEFAULT '0',
  `weid` int(11) DEFAULT NULL,
  PRIMARY KEY (`id`)
) ENGINE=InnoDB DEFAULT CHARSET=utf8;

]]></install>
	<uninstall><![CDATA[DROP TABLE IF EXISTS `ims_liuer_mcar_ad`;
DROP TABLE IF EXISTS `ims_liuer_mcar_agent`;
DROP TABLE IF EXISTS `ims_liuer_mcar_category`;
DROP TABLE IF EXISTS `ims_liuer_mcar_codes`;
DROP TABLE IF EXISTS `ims_liuer_mcar_codes_log`;
DROP TABLE IF EXISTS `ims_liuer_mcar_feedback`;
DROP TABLE IF EXISTS `ims_liuer_mcar_fenxiao`;
DROP TABLE IF EXISTS `ims_liuer_mcar_fenxiao_rel`;
DROP TABLE IF EXISTS `ims_liuer_mcar_goods`;
DROP TABLE IF EXISTS `ims_liuer_mcar_group`;
DROP TABLE IF EXISTS `ims_liuer_mcar_help`;
DROP TABLE IF EXISTS `ims_liuer_mcar_menu`;
DROP TABLE IF EXISTS `ims_liuer_mcar_message`;
DROP TABLE IF EXISTS `ims_liuer_mcar_movelogs`;
DROP TABLE IF EXISTS `ims_liuer_mcar_order`;
DROP TABLE IF EXISTS `ims_liuer_mcar_queue`;
DROP TABLE IF EXISTS `ims_liuer_mcar_sms`;
DROP TABLE IF EXISTS `ims_liuer_mcar_users`;
DROP TABLE IF EXISTS `ims_liuer_mcar_vip`;
DROP TABLE IF EXISTS `ims_liuer_mcar_virtuals`;
DROP TABLE IF EXISTS `ims_liuer_mcar_yongjin`;
]]></uninstall>
	<upgrade><![CDATA[upgrade.php]]></upgrade>

</manifest>
