<?xml version="1.0" encoding="utf-8"?>
<manifest xmlns="http://www.we7.cc" versionCode="0.8,1.0">
	<application setting="false">
		<name><![CDATA[滴滴顺风车]]></name>
		<identifie><![CDATA[yb_pingche]]></identifie>
		<version><![CDATA[1.1.9]]></version>
		<type><![CDATA[business]]></type>
		<ability><![CDATA[拼车系统]]></ability>
		<description><![CDATA[拼车系统小程序]]></description>
		<author><![CDATA[懒人源码]]></author>
		<url><![CDATA[https://www.lanrenzhijia.com]]></url>
	</application>
	<platform>
		<subscribes>
		</subscribes>

		<handles>
		</handles>

		<rule embed="false" />
		<card embed="false" />
		
		<supports>
			<item type="wxapp" />
		</supports>
        <plugins></plugins> 
        <plugin-main name="" />

	</platform>

	<bindings>
		<page>
			<entry title="首页" do="/yb_pingche/pages/index/index" state="" direct="false"/>
		</page>

	</bindings>

	<permissions>
	</permissions>

	<install><![CDATA[
CREATE TABLE IF NOT EXISTS `ims_ybsc_bus_book` (
  `id` int(11) NOT NULL AUTO_INCREMENT,
  `name` varchar(225) DEFAULT '0',
  `phone` varchar(100) DEFAULT '0' COMMENT '手机号',
  `booktime` varchar(100) DEFAULT '0' COMMENT '预约时间',
  `content` text COMMENT '预约说明',
  `create_time` int(11) DEFAULT '0',
  `mch_id` int(11) DEFAULT '0',
  `user_id` int(11) DEFAULT '0',
  PRIMARY KEY (`id`)
) ENGINE=MyISAM DEFAULT CHARSET=utf8;


CREATE TABLE IF NOT EXISTS `ims_ybsc_bus_form` (
  `id` int(11) NOT NULL AUTO_INCREMENT,
  `title` varchar(1000) DEFAULT NULL,
  `value` text COMMENT '表单json',
  `mch_id` int(11) NOT NULL COMMENT '商家id',
  `is_del` int(11) NOT NULL DEFAULT '1' COMMENT '1正常；2删除',
  `create_time` int(11) DEFAULT '0' COMMENT '创建时间',
  `img` varchar(255) DEFAULT NULL COMMENT '缩略图',
  `limit_num` int(11) DEFAULT '0',
  `type` int(11) DEFAULT '1',
  PRIMARY KEY (`id`)
) ENGINE=MyISAM DEFAULT CHARSET=utf8 COMMENT='商家表单';


CREATE TABLE IF NOT EXISTS `ims_ybsc_bus_module` (
  `module_id` int(11) NOT NULL AUTO_INCREMENT COMMENT '模块id',
  `module_name` varchar(50) NOT NULL COMMENT '模块名',
  `controller` varchar(255) NOT NULL COMMENT '控制器',
  `method` varchar(255) NOT NULL COMMENT '方法名称',
  `pid` int(11) NOT NULL DEFAULT '0' COMMENT '上级名称 0为顶级',
  `level` int(11) NOT NULL DEFAULT '1' COMMENT '等级',
  `url` varchar(255) NOT NULL COMMENT '链接地址',
  `is_menu` tinyint(1) NOT NULL DEFAULT '0' COMMENT '是否菜单栏',
  `sort` int(10) NOT NULL DEFAULT '0' COMMENT '排序',
  `info` text COMMENT '模块描述',
  `is_control_auth` tinyint(1) NOT NULL DEFAULT '1' COMMENT '是否控制权限',
  `create_time` int(11) DEFAULT NULL COMMENT '创建时间',
  `update_time` int(11) DEFAULT NULL COMMENT '修改时间',
  `logo` varchar(255) NOT NULL COMMENT '模块小图标',
  PRIMARY KEY (`module_id`) USING BTREE
) ENGINE=MyISAM AUTO_INCREMENT=289 DEFAULT CHARSET=utf8 ROW_FORMAT=DYNAMIC COMMENT='系统模块表';


CREATE TABLE IF NOT EXISTS `ims_ybsc_bus_tmpl` (
  `id` int(11) NOT NULL AUTO_INCREMENT,
  `name` varchar(255) DEFAULT NULL,
  `index_values` text,
  `create_time` int(11) DEFAULT NULL,
  `is_del` int(11) DEFAULT '1' COMMENT '1:正常2：删除',
  `mch_id` int(11) NOT NULL COMMENT '商户id',
  `img` text NOT NULL COMMENT '图片',
  PRIMARY KEY (`id`)
) ENGINE=MyISAM AUTO_INCREMENT=2 DEFAULT CHARSET=utf8;


CREATE TABLE IF NOT EXISTS `ims_ybsc_bus_video` (
  `id` int(11) NOT NULL AUTO_INCREMENT,
  `title` varchar(255) DEFAULT '' COMMENT '标题',
  `url` varchar(255) DEFAULT '' COMMENT '视频地址',
  `img` varchar(255) DEFAULT '' COMMENT '主图',
  `add_time` int(11) DEFAULT '0' COMMENT '添加时间',
  `mch_id` int(11) DEFAULT '0' COMMENT '商户ID',
  `ident` varchar(255) DEFAULT '' COMMENT '标识',
  PRIMARY KEY (`id`)
) ENGINE=MyISAM DEFAULT CHARSET=utf8 COMMENT='商户视频';


CREATE TABLE IF NOT EXISTS `ims_ybsc_business` (
  `id` int(11) NOT NULL,
  `agents_id` int(11) NOT NULL DEFAULT '1' COMMENT '代理商ID',
  `nick_name` varchar(255) DEFAULT '' COMMENT '用户昵称',
  `name` varchar(255) DEFAULT '' COMMENT '用户名',
  `password` varchar(255) DEFAULT '' COMMENT '密码',
  `phone` varchar(255) DEFAULT '' COMMENT '电话',
  `head_img` varchar(255) DEFAULT '' COMMENT '用户头像',
  `app_key` varchar(255) DEFAULT '' COMMENT '商户唯一密匙',
  `create_time` int(11) DEFAULT '0' COMMENT '注册时间',
  `is_del` int(11) NOT NULL DEFAULT '1' COMMENT '是否删除：1正常2删除',
  `mod_class_id` int(11) NOT NULL DEFAULT '1' COMMENT '用户类型',
  `bus_mod_id` int(11) NOT NULL DEFAULT '0' COMMENT '用户选择的模版ID',
  `payment_method` int(11) NOT NULL DEFAULT '2' COMMENT '1：在线2：现金',
  `is_one` int(11) NOT NULL DEFAULT '1' COMMENT '1:第一次2：不是第一次',
  `uniacid` int(11) DEFAULT '0' COMMENT '应用id'
) ENGINE=MyISAM DEFAULT CHARSET=utf8 COMMENT='用户表';


CREATE TABLE IF NOT EXISTS `ims_ybsc_business_about` (
  `id` int(11) NOT NULL AUTO_INCREMENT COMMENT '主键',
  `name` varchar(255) DEFAULT '' COMMENT '名称',
  `english_name` varchar(500) DEFAULT '' COMMENT '英文名字',
  `phone` varchar(255) DEFAULT '' COMMENT '电话',
  `qq` varchar(255) DEFAULT '' COMMENT 'QQ',
  `address` varchar(255) DEFAULT '' COMMENT '地址',
  `job_time` varchar(255) NOT NULL DEFAULT '8：30-18：00' COMMENT '工作时间',
  `desc` text COMMENT '描述',
  `logo` varchar(500) DEFAULT '' COMMENT 'logo',
  `mch_id` int(11) NOT NULL DEFAULT '0' COMMENT '商户id',
  `lat` varchar(255) DEFAULT '' COMMENT '纬度值 ',
  `lng` varchar(255) DEFAULT '' COMMENT '经度值 ',
  `is_mention` int(11) NOT NULL DEFAULT '1' COMMENT '1:邮寄2：自提3：可选择',
  PRIMARY KEY (`id`)
) ENGINE=MyISAM DEFAULT CHARSET=utf8 COMMENT='关于我们';


CREATE TABLE IF NOT EXISTS `ims_ybsc_business_activity` (
  `id` int(11) NOT NULL AUTO_INCREMENT,
  `activity_name` varchar(255) DEFAULT '' COMMENT '活动名称',
  `satisfy_money` decimal(10,2) DEFAULT '0.00' COMMENT '满足金额',
  `discount_money` decimal(10,2) DEFAULT NULL COMMENT '优惠金额',
  `star_time` int(20) DEFAULT '0' COMMENT '开始时间',
  `end_time` int(20) DEFAULT '0' COMMENT '结束时间',
  `is_use` varchar(255) DEFAULT '1' COMMENT '是否启用1：启用2：禁用',
  `mch_id` int(11) DEFAULT NULL COMMENT '商户ID',
  PRIMARY KEY (`id`)
) ENGINE=MyISAM DEFAULT CHARSET=utf8 COMMENT='满减活动';


CREATE TABLE IF NOT EXISTS `ims_ybsc_business_coupon` (
  `id` int(11) NOT NULL AUTO_INCREMENT,
  `activity_name` varchar(255) DEFAULT '' COMMENT '活动名称',
  `satisfy_money` decimal(10,2) DEFAULT '0.00' COMMENT '满足金额',
  `discount_money` decimal(10,2) DEFAULT '0.00' COMMENT '优惠金额',
  `star_time` int(20) DEFAULT '0' COMMENT '开始时间',
  `end_time` int(20) DEFAULT '0' COMMENT '结束时间',
  `is_use` varchar(255) DEFAULT '1' COMMENT '是否启用1：启用2：禁用',
  `mch_id` int(11) DEFAULT NULL COMMENT '商户ID',
  `count` int(11) NOT NULL COMMENT '优惠券数量',
  `rem_count` int(11) NOT NULL COMMENT '剩余数量',
  `together` int(11) NOT NULL DEFAULT '1' COMMENT '是否能和（满减一起使用）1：不能2：可以',
  PRIMARY KEY (`id`)
) ENGINE=MyISAM DEFAULT CHARSET=utf8 COMMENT='优惠券';

]]></install>
	<uninstall><![CDATA[DROP TABLE IF EXISTS `ims_ybsc_bus_book`;
DROP TABLE IF EXISTS `ims_ybsc_bus_form`;
DROP TABLE IF EXISTS `ims_ybsc_bus_module`;
DROP TABLE IF EXISTS `ims_ybsc_bus_tmpl`;
DROP TABLE IF EXISTS `ims_ybsc_bus_video`;
DROP TABLE IF EXISTS `ims_ybsc_business`;
DROP TABLE IF EXISTS `ims_ybsc_business_about`;
DROP TABLE IF EXISTS `ims_ybsc_business_activity`;
DROP TABLE IF EXISTS `ims_ybsc_business_coupon`;
]]></uninstall>
	<upgrade><![CDATA[upgrade.php]]></upgrade>

</manifest>
