<?xml version="1.0" encoding="utf-8"?>
<manifest xmlns="http://www.lanrenzhijia.com" versionCode="0.8,1.0">
	<application setting="false">
		<name><![CDATA[有师傅]]></name>
		<identifie><![CDATA[ox_master]]></identifie>
		<version><![CDATA[1.2.9]]></version>
		<type><![CDATA[activity]]></type>
		<ability><![CDATA[有师傅]]></ability>
		<description><![CDATA[有师傅]]></description>
		<author><![CDATA[懒人源码]]></author>
		<url><![CDATA[https://www.lanrenzhijia.com/]]></url>
	</application>

	<platform>
		<subscribes>
		</subscribes>

		<handles>
		</handles>

		<rule embed="false" />
		<card embed="false" />
		
		<supports>
			<item type="wxapp" />
		</supports>
        <plugins></plugins> 
        <plugin-main name="" />

	</platform>

	<bindings>

	</bindings>

	<permissions>
	</permissions>

	<install><![CDATA[
CREATE TABLE IF NOT EXISTS `ims_ox_master` (
  `id` int(10) NOT NULL AUTO_INCREMENT,
  `uniacid` int(10) DEFAULT NULL,
  `name` varchar(50) DEFAULT NULL COMMENT '小程序名称',
  `covers_img` varchar(100) DEFAULT NULL COMMENT '首页封面',
  `logo` varchar(200) DEFAULT NULL,
  `address` varchar(200) DEFAULT NULL,
  `price` decimal(10,2) DEFAULT '0.00' COMMENT '预约价格',
  `phone` varchar(11) DEFAULT NULL COMMENT '客服电话',
  `service_name` varchar(100) DEFAULT NULL COMMENT '服务名称',
  `enter_title` varchar(30) DEFAULT NULL COMMENT '入驻标题',
  `enter_status` tinyint(4) DEFAULT '1' COMMENT '是否开启入驻',
  `auto_status` tinyint(4) NOT NULL DEFAULT '0' COMMENT '是否开启自由接单 1 开启 0 未开启',
  `points` decimal(5,4) DEFAULT '0.0060' COMMENT '手续费比例 0.006',
  `full_num` int(11) DEFAULT '3' COMMENT '参与竞标满标人数设置默认3人',
  `tip` varchar(255) DEFAULT NULL COMMENT '预约提示',
  `qq_map_key` varchar(255) DEFAULT NULL COMMENT '腾讯地图key',
  `type_num` tinyint(4) DEFAULT '3' COMMENT '可选技能数量',
  `min_cash` decimal(10,2) DEFAULT '1.00' COMMENT '最低提现金额',
  `notify_rule` tinyint(2) DEFAULT '0' COMMENT '通知类型 1-分类 2-距离 3-分类和距离',
  `distance` decimal(10,2) DEFAULT NULL COMMENT '距离 公里',
  PRIMARY KEY (`id`)
) ENGINE=InnoDB AUTO_INCREMENT=9 DEFAULT CHARSET=utf8;


CREATE TABLE IF NOT EXISTS `ims_ox_master_appraise` (
  `id` int(10) NOT NULL AUTO_INCREMENT,
  `uniacid` int(10) DEFAULT NULL,
  `uid` int(10) DEFAULT NULL COMMENT '评价人id',
  `reapir_uid` int(10) DEFAULT NULL COMMENT '师傅id',
  `order_id` int(10) NOT NULL COMMENT '订单id',
  `formid` varchar(50) DEFAULT NULL,
  `detail` text COMMENT '评价内容',
  `level` tinyint(4) DEFAULT NULL COMMENT '评价星数',
  `create_time` int(11) DEFAULT NULL COMMENT '创建时间',
  PRIMARY KEY (`id`,`order_id`)
) ENGINE=InnoDB AUTO_INCREMENT=14 DEFAULT CHARSET=utf8;


CREATE TABLE IF NOT EXISTS `ims_ox_master_banner` (
  `id` int(10) NOT NULL AUTO_INCREMENT COMMENT '自增id',
  `uniacid` int(10) DEFAULT NULL COMMENT '小程序id',
  `img` varchar(100) DEFAULT NULL COMMENT '图片地址',
  `sort` int(10) DEFAULT NULL,
  `type` tinyint(4) DEFAULT NULL COMMENT '类型',
  PRIMARY KEY (`id`)
) ENGINE=InnoDB AUTO_INCREMENT=18 DEFAULT CHARSET=utf8;


CREATE TABLE IF NOT EXISTS `ims_ox_master_bidding` (
  `id` int(11) unsigned NOT NULL AUTO_INCREMENT COMMENT '自增id',
  `uniacid` int(11) DEFAULT NULL COMMENT '小程序id',
  `reapir_uid` int(11) NOT NULL COMMENT '师傅id',
  `order_id` int(11) NOT NULL COMMENT '订单id',
  `price` decimal(20,2) NOT NULL COMMENT '竞标价格',
  `status` tinyint(1) NOT NULL DEFAULT '1' COMMENT '0，流标，1,竞标中，2，已中标，3，放弃竞标',
  `create_time` int(11) DEFAULT NULL COMMENT '竞标创建时间',
  PRIMARY KEY (`id`)
) ENGINE=InnoDB AUTO_INCREMENT=73 DEFAULT CHARSET=utf8;


CREATE TABLE IF NOT EXISTS `ims_ox_master_black` (
  `id` int(10) NOT NULL AUTO_INCREMENT COMMENT '店铺id',
  `uniacid` int(10) NOT NULL COMMENT '小程序id',
  `uid` int(11) NOT NULL COMMENT '用户id',
  `create_time` int(11) unsigned DEFAULT '0' COMMENT '创建时间',
  `black_time` int(11) unsigned DEFAULT '0' COMMENT '封号到期时间 0标识永久封号',
  `reject` varchar(255) DEFAULT NULL COMMENT '加入原因',
  PRIMARY KEY (`id`)
) ENGINE=InnoDB AUTO_INCREMENT=17 DEFAULT CHARSET=utf8 COMMENT='用户黑名单表';


CREATE TABLE IF NOT EXISTS `ims_ox_master_code` (
  `id` int(10) NOT NULL AUTO_INCREMENT,
  `uniacid` int(10) DEFAULT NULL,
  `appid` varchar(20) DEFAULT NULL,
  `appkey` varchar(50) DEFAULT NULL,
  `sign` varchar(50) DEFAULT NULL COMMENT '签名',
  `status` tinyint(4) DEFAULT '0',
  PRIMARY KEY (`id`)
) ENGINE=InnoDB AUTO_INCREMENT=2 DEFAULT CHARSET=utf8;


CREATE TABLE IF NOT EXISTS `ims_ox_master_code_config` (
  `id` int(10) NOT NULL AUTO_INCREMENT,
  `uniacid` int(10) DEFAULT NULL,
  `type` tinyint(4) DEFAULT NULL COMMENT ' 1 验证码',
  `templateId` int(10) DEFAULT NULL,
  PRIMARY KEY (`id`)
) ENGINE=InnoDB AUTO_INCREMENT=2 DEFAULT CHARSET=utf8;


CREATE TABLE IF NOT EXISTS `ims_ox_master_code_log` (
  `id` int(10) NOT NULL AUTO_INCREMENT COMMENT 'id',
  `uniacid` int(10) DEFAULT NULL COMMENT '小程序id',
  `code` int(10) DEFAULT NULL COMMENT '验证码',
  `phone` varchar(11) DEFAULT NULL COMMENT '手机号',
  `create_time` int(10) DEFAULT NULL COMMENT '创建时间',
  PRIMARY KEY (`id`)
) ENGINE=InnoDB AUTO_INCREMENT=29 DEFAULT CHARSET=utf8;


CREATE TABLE IF NOT EXISTS `ims_ox_master_finance` (
  `id` int(10) NOT NULL AUTO_INCREMENT COMMENT '财务id',
  `uniacid` int(10) NOT NULL COMMENT '小程序id',
  `pay_sn` varchar(20) NOT NULL COMMENT '支付编号',
  `order_id` int(10) NOT NULL COMMENT '订单id',
  `pay_type` tinyint(4) NOT NULL COMMENT '支付类型',
  `title` varchar(50) NOT NULL COMMENT '支付标题',
  `account` decimal(10,2) NOT NULL COMMENT '支付金额',
  `uid` int(10) NOT NULL COMMENT '用户id',
  `status` tinyint(4) DEFAULT NULL COMMENT ' 0 未支付 1 已支付 2 已退款',
  `type` int(11) NOT NULL COMMENT '类型',
  `create_time` int(11) NOT NULL COMMENT '支付时间',
  PRIMARY KEY (`id`)
) ENGINE=InnoDB AUTO_INCREMENT=65 DEFAULT CHARSET=utf8 ROW_FORMAT=DYNAMIC;


CREATE TABLE IF NOT EXISTS `ims_ox_master_formid` (
  `id` int(10) NOT NULL AUTO_INCREMENT,
  `uniacid` int(10) DEFAULT NULL,
  `uid` int(11) DEFAULT NULL,
  `form_id` varchar(50) DEFAULT NULL,
  `status` tinyint(4) NOT NULL DEFAULT '0' COMMENT '使用状态，0未使用 1已使用',
  `create_time` int(11) DEFAULT NULL,
  PRIMARY KEY (`id`)
) ENGINE=InnoDB AUTO_INCREMENT=830 DEFAULT CHARSET=utf8 COMMENT='from_id 记录表';


CREATE TABLE IF NOT EXISTS `ims_ox_master_image` (
  `id` int(11) NOT NULL AUTO_INCREMENT COMMENT '图片id',
  `order_id` int(11) DEFAULT NULL COMMENT '汽车id',
  `uniacid` int(11) DEFAULT NULL COMMENT '小程序id',
  `img_patch` text COMMENT '图片地址',
  `type` tinyint(2) DEFAULT NULL COMMENT '图片类型 1 订单图片 2 店铺详情',
  `create_time` int(11) DEFAULT NULL COMMENT '创建时间',
  `sort` varchar(10) NOT NULL COMMENT '排序',
  `store_id` int(10) NOT NULL COMMENT '店铺id',
  PRIMARY KEY (`id`,`sort`)
) ENGINE=InnoDB AUTO_INCREMENT=221 DEFAULT CHARSET=utf8;


CREATE TABLE IF NOT EXISTS `ims_ox_master_message` (
  `id` int(10) NOT NULL AUTO_INCREMENT COMMENT '自增id',
  `uniacid` int(10) NOT NULL COMMENT '小程序id',
  `content` varchar(50) NOT NULL COMMENT '消息模版id',
  `type` tinyint(4) NOT NULL COMMENT '1 注册通知 2 接单通知',
  PRIMARY KEY (`id`)
) ENGINE=InnoDB AUTO_INCREMENT=20 DEFAULT CHARSET=utf8;


CREATE TABLE IF NOT EXISTS `ims_ox_master_money_log` (
  `id` int(11) NOT NULL AUTO_INCREMENT,
  `uniacid` int(11) DEFAULT NULL,
  `uid` int(11) DEFAULT NULL COMMENT '资金变动用户',
  `from_uid` int(11) DEFAULT '0' COMMENT '资金变动来源用户（非主字段可不填）',
  `money` decimal(10,2) DEFAULT '0.00' COMMENT '变动金额',
  `lock_money` decimal(10,2) DEFAULT '0.00' COMMENT '变动锁定金额',
  `type` tinyint(4) DEFAULT '0' COMMENT '0接单 1完工 2提现 3到账 4驳回提现',
  `desc` varchar(100) DEFAULT NULL COMMENT '描述',
  `create_time` int(11) DEFAULT NULL COMMENT '创建时间',
  `from_id` int(11) DEFAULT '0' COMMENT '来源id 订单id或提现表id',
  `from_table` varchar(100) DEFAULT NULL COMMENT '来源表名，不带ims_',
  `last_money` decimal(10,2) DEFAULT '0.00' COMMENT '最终余额',
  `last_lock_money` decimal(10,2) DEFAULT '0.00' COMMENT '最终锁定余额',
  PRIMARY KEY (`id`)
) ENGINE=InnoDB AUTO_INCREMENT=473 DEFAULT CHARSET=utf8;


CREATE TABLE IF NOT EXISTS `ims_ox_master_order` (
  `id` int(10) NOT NULL AUTO_INCREMENT,
  `uniacid` int(10) DEFAULT NULL,
  `type_name` varchar(20) DEFAULT NULL COMMENT '维修类型',
  `formid` varchar(50) DEFAULT NULL COMMENT '模板消息id',
  `uid` int(10) DEFAULT NULL COMMENT '报修人id',
  `repair_uid` int(10) DEFAULT NULL COMMENT '师傅id',
  `mapy` decimal(10,4) DEFAULT NULL COMMENT '经纬度',
  `mapx` decimal(10,4) DEFAULT NULL COMMENT '经纬度',
  `o_sn` varchar(50) DEFAULT NULL COMMENT '订单编号',
  `sure_o_sn` varchar(50) DEFAULT NULL COMMENT '竞标支付订单编号',
  `address` varchar(200) DEFAULT NULL COMMENT '维修地址',
  `address_detail` varchar(200) DEFAULT NULL COMMENT '详细地址',
  `name` varchar(20) DEFAULT NULL COMMENT '联系人姓名',
  `phone` varchar(11) DEFAULT NULL COMMENT '联系电话',
  `remark` text COMMENT '故障描述',
  `money` decimal(10,2) DEFAULT NULL COMMENT '保证金',
  `sure_price` decimal(10,2) DEFAULT NULL COMMENT '竞标确认价格',
  `status` tinyint(4) DEFAULT NULL COMMENT '0 未接单 1 已接单 2 已取消(流拍) 3 已完成  4，申请退款，5，退款成功',
  `pay_status` tinyint(4) NOT NULL DEFAULT '0' COMMENT '支付状态 0 未支付 1 已支付',
  `bid_num` int(10) NOT NULL DEFAULT '0' COMMENT '竞标人数',
  `img_patch` varchar(100) DEFAULT NULL COMMENT '故障主图',
  `go_time` int(10) DEFAULT NULL COMMENT '预约上门时间',
  `taking_time` int(10) DEFAULT NULL COMMENT '接单时间',
  `end_time` int(10) DEFAULT NULL COMMENT '完成时间',
  `appraise` tinyint(4) DEFAULT NULL COMMENT '0 未评价 1 已评价',
  `province` varchar(20) DEFAULT NULL COMMENT '省',
  `city` varchar(20) DEFAULT NULL COMMENT '市',
  `district` varchar(20) DEFAULT NULL COMMENT '区',
  `create_time` int(10) DEFAULT NULL COMMENT '创建时间',
  PRIMARY KEY (`id`)
) ENGINE=InnoDB AUTO_INCREMENT=55 DEFAULT CHARSET=utf8;


CREATE TABLE IF NOT EXISTS `ims_ox_master_refund` (
  `id` int(11) unsigned NOT NULL AUTO_INCREMENT,
  `uniacid` int(11) NOT NULL COMMENT '小程序id',
  `uid` int(11) NOT NULL COMMENT '申请人uid',
  `rid` int(11) NOT NULL COMMENT '维修师傅id',
  `order_id` int(11) NOT NULL COMMENT '订单id',
  `price` decimal(12,2) NOT NULL COMMENT '退款金额',
  `status` tinyint(1) DEFAULT NULL COMMENT '1,申请退款，2，同意退款，3，拒绝退款，4，退款成功',
  `create_time` int(11) DEFAULT NULL COMMENT 't退款时间',
  `reason` text COMMENT '退款原因',
  `refund_describe` text COMMENT '拒绝退款原因',
  PRIMARY KEY (`id`)
) ENGINE=InnoDB AUTO_INCREMENT=14 DEFAULT CHARSET=utf8;


CREATE TABLE IF NOT EXISTS `ims_ox_master_sms_records` (
  `id` int(11) NOT NULL AUTO_INCREMENT,
  `uniacid` int(11) DEFAULT NULL,
  `send_account` text NOT NULL COMMENT '发送账号',
  `records_type` int(11) NOT NULL DEFAULT '0' COMMENT '记录类型  1订单通知',
  `notice_content` text NOT NULL COMMENT '发送内容',
  `send_status` tinyint(2) NOT NULL DEFAULT '0' COMMENT '发送状态， 1发送成功  2发送失败',
  `send_message` varchar(255) NOT NULL DEFAULT '' COMMENT '发送返回结果',
  `create_time` int(11) NOT NULL DEFAULT '0' COMMENT '创建时间',
  PRIMARY KEY (`id`) USING BTREE
) ENGINE=InnoDB DEFAULT CHARSET=utf8 COMMENT='通知记录';


CREATE TABLE IF NOT EXISTS `ims_ox_master_sms_template` (
  `template_id` int(11) NOT NULL AUTO_INCREMENT COMMENT '模板id',
  `uniacid` int(11) DEFAULT '0',
  `template_name` varchar(50) NOT NULL DEFAULT '' COMMENT '模板名称',
  `template_code` varchar(50) NOT NULL DEFAULT '' COMMENT '模板编号',
  `template_title` varchar(50) NOT NULL DEFAULT '' COMMENT '模板id',
  `template_content` text NOT NULL COMMENT '模板内容',
  `is_enable` int(11) NOT NULL DEFAULT '0' COMMENT '是否开启',
  `update_time` int(11) DEFAULT '0' COMMENT '更新时间',
  PRIMARY KEY (`template_id`) USING BTREE
) ENGINE=InnoDB AUTO_INCREMENT=2 DEFAULT CHARSET=utf8 COMMENT='短信模版设置';


CREATE TABLE IF NOT EXISTS `ims_ox_master_store` (
  `id` int(10) NOT NULL AUTO_INCREMENT COMMENT '店铺id',
  `uniacid` int(10) NOT NULL COMMENT '小程序id',
  `uid` int(11) NOT NULL COMMENT '用户id',
  `type_name` varchar(255) DEFAULT NULL COMMENT '服务类型',
  `type_id` varchar(60) DEFAULT NULL COMMENT '服务类型id',
  `wechat_qrcode` varchar(100) NOT NULL COMMENT '店铺客服微信二维码',
  `cover` varchar(100) NOT NULL COMMENT '店铺封面',
  `age` tinyint(4) DEFAULT '0' COMMENT '年龄',
  `sex` tinyint(4) DEFAULT NULL COMMENT '性别 1 男 2 女',
  `name` varchar(50) NOT NULL COMMENT '师傅姓名',
  `address` varchar(50) DEFAULT NULL COMMENT '店铺地址',
  `address_detail` varchar(50) DEFAULT NULL COMMENT '详细地址',
  `detail` text COMMENT '师傅个人描述',
  `phone` varchar(20) NOT NULL COMMENT '服务电话',
  `mapx` decimal(10,6) DEFAULT NULL COMMENT '经纬度',
  `mapy` decimal(10,6) DEFAULT NULL COMMENT '经纬度',
  `isoff` tinyint(4) DEFAULT NULL COMMENT '是否休息 0 休息中 1 营业中',
  `formid` varchar(50) DEFAULT NULL COMMENT '注册消息模板id',
  `status` tinyint(4) DEFAULT NULL COMMENT '0 未审核 1 已审核 2 已拒绝',
  `create_time` int(11) NOT NULL COMMENT '创建时间',
  `money` decimal(10,2) DEFAULT '0.00' COMMENT '账户资金',
  `lock_money` decimal(10,2) DEFAULT '0.00' COMMENT '锁定的账户资金',
  `black` int(11) unsigned DEFAULT '0' COMMENT '黑名单用户-后台删除 非0即为黑',
  `reject` varchar(255) DEFAULT NULL COMMENT '拒绝原因',
  `province` varchar(50) DEFAULT NULL COMMENT '省',
  `city` varchar(50) DEFAULT NULL COMMENT '市',
  `district` varchar(50) DEFAULT NULL COMMENT '区县',
  `remark` varchar(255) DEFAULT NULL COMMENT '后台设置备注',
  PRIMARY KEY (`id`)
) ENGINE=InnoDB AUTO_INCREMENT=20 DEFAULT CHARSET=utf8 COMMENT='店铺详情表';


CREATE TABLE IF NOT EXISTS `ims_ox_master_suggest` (
  `id` int(10) NOT NULL AUTO_INCREMENT,
  `uid` int(10) DEFAULT NULL COMMENT '用户id',
  `uniacid` int(10) DEFAULT NULL COMMENT '小程序id',
  `content` text COMMENT '反馈内容',
  `create_time` int(10) DEFAULT NULL COMMENT '创建时间',
  PRIMARY KEY (`id`)
) ENGINE=InnoDB AUTO_INCREMENT=18 DEFAULT CHARSET=utf8 COMMENT='意见反馈';


CREATE TABLE IF NOT EXISTS `ims_ox_master_take_log` (
  `id` int(11) NOT NULL AUTO_INCREMENT,
  `uniacid` int(11) DEFAULT NULL,
  `uid` int(11) DEFAULT NULL COMMENT '资金变动用户',
  `create_time` int(11) DEFAULT NULL COMMENT '创建时间',
  `money` decimal(10,2) DEFAULT NULL COMMENT '提现金额',
  `arrival_money` decimal(10,2) DEFAULT NULL COMMENT '实际到账金额',
  `status` tinyint(4) DEFAULT '0' COMMENT '状态 0未审核 1已通过 2已驳回',
  `outTradeNo` varchar(50) DEFAULT NULL COMMENT '提现单号',
  `order_describe` varchar(255) DEFAULT NULL COMMENT '订单驳回原因',
  PRIMARY KEY (`id`)
) ENGINE=InnoDB AUTO_INCREMENT=13 DEFAULT CHARSET=utf8 COMMENT='提现';


CREATE TABLE IF NOT EXISTS `ims_ox_master_type` (
  `id` int(11) NOT NULL AUTO_INCREMENT COMMENT '产品分类id',
  `name` varchar(20) DEFAULT NULL COMMENT '分类名称',
  `title` varchar(100) DEFAULT NULL COMMENT '分类副标题',
  `sort` tinyint(2) DEFAULT NULL COMMENT '排序',
  `uniacid` int(11) DEFAULT NULL,
  `img` varchar(100) DEFAULT NULL COMMENT '分类图片',
  `create_time` int(11) DEFAULT NULL COMMENT '创建时间',
  `class_level` int(11) DEFAULT '0' COMMENT '分类基本 0：一级分类 1 二级分类',
  `parent_id` int(11) DEFAULT '0' COMMENT '上级分类id',
  `show_num` int(11) DEFAULT '0' COMMENT '首页显示二级分类的个数',
  PRIMARY KEY (`id`)
) ENGINE=InnoDB AUTO_INCREMENT=216 DEFAULT CHARSET=utf8;


CREATE TABLE IF NOT EXISTS `ims_ox_master_uniform` (
  `id` int(10) NOT NULL AUTO_INCREMENT,
  `uniacid` int(10) DEFAULT NULL,
  `appid` varchar(20) DEFAULT NULL,
  `status` tinyint(4) DEFAULT '0' COMMENT '0 关闭 1 开启',
  PRIMARY KEY (`id`)
) ENGINE=InnoDB AUTO_INCREMENT=3 DEFAULT CHARSET=utf8;


CREATE TABLE IF NOT EXISTS `ims_ox_master_uniform_template` (
  `id` int(10) NOT NULL AUTO_INCREMENT,
  `uniacid` int(10) DEFAULT NULL,
  `appid` varchar(50) DEFAULT NULL,
  `template_id` varchar(50) DEFAULT NULL,
  `first` varchar(50) DEFAULT NULL,
  `remark` varchar(50) DEFAULT NULL,
  PRIMARY KEY (`id`)
) ENGINE=InnoDB AUTO_INCREMENT=3 DEFAULT CHARSET=utf8;


CREATE TABLE IF NOT EXISTS `ims_ox_master_unipush` (
  `id` int(10) NOT NULL AUTO_INCREMENT,
  `uniacid` int(10) DEFAULT NULL,
  `appid` varchar(50) DEFAULT NULL,
  `appkey` varchar(50) DEFAULT NULL,
  `mastersecret` varchar(50) DEFAULT NULL,
  `appsecret` varchar(50) DEFAULT NULL COMMENT '签名',
  PRIMARY KEY (`id`)
) ENGINE=InnoDB AUTO_INCREMENT=3 DEFAULT CHARSET=utf8;


CREATE TABLE IF NOT EXISTS `ims_ox_master_view` (
  `id` int(10) NOT NULL AUTO_INCREMENT,
  `uniacid` int(10) DEFAULT NULL,
  `title` varchar(20) DEFAULT NULL COMMENT '标题',
  `content` text,
  `sort` tinyint(4) DEFAULT NULL COMMENT ' 排序',
  `type` tinyint(4) DEFAULT NULL COMMENT ' 1 关于我们 2 操作指南',
  `create_time` int(10) DEFAULT NULL,
  PRIMARY KEY (`id`)
) ENGINE=InnoDB AUTO_INCREMENT=12 DEFAULT CHARSET=utf8;

]]></install>
	<uninstall><![CDATA[DROP TABLE IF EXISTS `ims_ox_master`;
DROP TABLE IF EXISTS `ims_ox_master_appraise`;
DROP TABLE IF EXISTS `ims_ox_master_banner`;
DROP TABLE IF EXISTS `ims_ox_master_bidding`;
DROP TABLE IF EXISTS `ims_ox_master_black`;
DROP TABLE IF EXISTS `ims_ox_master_code`;
DROP TABLE IF EXISTS `ims_ox_master_code_config`;
DROP TABLE IF EXISTS `ims_ox_master_code_log`;
DROP TABLE IF EXISTS `ims_ox_master_finance`;
DROP TABLE IF EXISTS `ims_ox_master_formid`;
DROP TABLE IF EXISTS `ims_ox_master_image`;
DROP TABLE IF EXISTS `ims_ox_master_message`;
DROP TABLE IF EXISTS `ims_ox_master_money_log`;
DROP TABLE IF EXISTS `ims_ox_master_order`;
DROP TABLE IF EXISTS `ims_ox_master_refund`;
DROP TABLE IF EXISTS `ims_ox_master_sms_records`;
DROP TABLE IF EXISTS `ims_ox_master_sms_template`;
DROP TABLE IF EXISTS `ims_ox_master_store`;
DROP TABLE IF EXISTS `ims_ox_master_suggest`;
DROP TABLE IF EXISTS `ims_ox_master_take_log`;
DROP TABLE IF EXISTS `ims_ox_master_type`;
DROP TABLE IF EXISTS `ims_ox_master_uniform`;
DROP TABLE IF EXISTS `ims_ox_master_uniform_template`;
DROP TABLE IF EXISTS `ims_ox_master_unipush`;
DROP TABLE IF EXISTS `ims_ox_master_view`;
]]></uninstall>
	<upgrade><![CDATA[upgrade.php]]></upgrade>

</manifest>
