﻿<?xml version="1.0" encoding="utf-8"?>
<manifest xmlns="http://www.we7.cc" versionCode="0.8,1.0">
	<application setting="false">
		<name><![CDATA[深蓝AI智能名片]]></name>
		<identifie><![CDATA[slwl_aicard]]></identifie>
		<version><![CDATA[2.7.0]]></version>
		<type><![CDATA[business]]></type>
		<ability><![CDATA[深蓝AI超级智能名片]]></ability>
		<description><![CDATA[深蓝AI超级智能名片]]></description>
		<author><![CDATA[微擎科技]]></author>
		<url><![CDATA[https://www.lanrenzhijia.com/]]></url>
	</application>

	<platform>
		<subscribes>
		</subscribes>

		<handles>
		</handles>

		<rule embed="false" />
		<card embed="false" />
		
		<supports>
			<item type="wxapp" />
			
		</supports>
        <plugins></plugins> 
        <plugin-main name="" />

	</platform>

	<bindings>
		<menu>
			<entry title="首页" do="web" state="" direct="false"/>
			<entry title="基本设置" do="basic/set" state="" direct="false"/>
			<entry title="颜色配置" do="basic/color" state="" direct="false"/>
			<entry title="底部导航" do="basic/menus" state="" direct="false"/>
			<entry title="悬浮按钮" do="basic/menu_quick" state="" direct="false"/>
			<entry title="企业微信授权" do="basic/auth_qywx" state="" direct="false"/>
			<entry title="版权设置" do="basic/cpright" state="" direct="false"/>
			<entry title="单页面" do="module/adact" state="" direct="false"/>
			<entry title="跳转小程序" do="module/mod_wxapp" state="" direct="false"/>
			<entry title="名片管理" do="content/card" state="" direct="false"/>
			<entry title="产品管理" do="content/pro_list" state="" direct="false"/>
			<entry title="动态管理" do="content/dy_index" state="" direct="false"/>
			<entry title="动态评论管理" do="content/dy_comment" state="" direct="false"/>
			<entry title="客户统计" do="client/user_list" state="" direct="false"/>
			<entry title="官网-首页配置" do="website/default" state="" direct="false"/>
			<entry title="官网-首页按钮组" do="website/buttons" state="" direct="false"/>
			<entry title="官网-轮播图" do="website/adv" state="" direct="false"/>
			<entry title="官网-组合广告" do="website/adgroup" state="" direct="false"/>
			<entry title="官网-普通文章-分类" do="website/act_term" state="" direct="false"/>
			<entry title="官网-普通文章-文章" do="website/act_news" state="" direct="false"/>
			<entry title="商城-首页配置" do="store/default" state="" direct="false"/>
			<entry title="商城-首页按钮组" do="store/buttons" state="" direct="false"/>
			<entry title="商城-首页广告" do="store/adsp" state="" direct="false"/>
			<entry title="商城-组合广告" do="store/adgroup" state="" direct="false"/>
			<entry title="商城-轮播图" do="store/adv" state="" direct="false"/>
			<entry title="商城-商品分类" do="store/category" state="" direct="false"/>
			<entry title="商城-商品管理" do="store/goods" state="" direct="false"/>
			<entry title="商城-订单管理" do="store/order" state="" direct="false"/>
			<entry title="商城-优惠券管理" do="store/sale" state="" direct="false"/>
			<entry title="商城-打印机配置" do="store/printer" state="" direct="false"/>
		</menu>
		<page>
			<entry title="首页" do="pages/index/index" state="" direct="false"/>
		</page>

	</bindings>

	<permissions>
	</permissions>

	<install><![CDATA[
CREATE TABLE IF NOT EXISTS `ims_slwl_aicard_adact` (
  `id` bigint(20) unsigned NOT NULL AUTO_INCREMENT,
  `uniacid` int(11) DEFAULT '0',
  `displayorder` int(11) DEFAULT '0',
  `title` varchar(255) DEFAULT '',
  `subtitle` varchar(255) DEFAULT '',
  `thumb` varchar(255) DEFAULT '',
  `detail` text,
  `out_thumb` varchar(255) DEFAULT '',
  `out_link` varchar(255) DEFAULT '',
  `enabled` int(11) DEFAULT '0',
  `addtime` datetime DEFAULT '2000-01-01 00:00:00',
  PRIMARY KEY (`id`)
) ENGINE=InnoDB AUTO_INCREMENT=3 DEFAULT CHARSET=utf8 ROW_FORMAT=DYNAMIC;


CREATE TABLE IF NOT EXISTS `ims_slwl_aicard_adgroup` (
  `id` bigint(20) unsigned NOT NULL AUTO_INCREMENT,
  `uniacid` int(11) DEFAULT NULL,
  `setting_name` varchar(100) DEFAULT '',
  `setting_value` longtext,
  `addtime` datetime DEFAULT '2000-01-01 00:00:00',
  PRIMARY KEY (`id`)
) ENGINE=InnoDB DEFAULT CHARSET=utf8 ROW_FORMAT=DYNAMIC;


CREATE TABLE IF NOT EXISTS `ims_slwl_aicard_card` (
  `id` bigint(20) unsigned NOT NULL AUTO_INCREMENT,
  `userid` varchar(255) DEFAULT '',
  `uniacid` int(11) DEFAULT NULL,
  `title` varchar(255) DEFAULT '',
  `nick_name` varchar(255) DEFAULT '',
  `last_name` varchar(255) DEFAULT '',
  `middle_name` varchar(255) DEFAULT '',
  `first_name` varchar(255) DEFAULT '',
  `honour` varchar(255) DEFAULT '',
  `thumb` varchar(255) DEFAULT '',
  `mobile` varchar(50) DEFAULT '',
  `mobile_show` varchar(50) DEFAULT '',
  `email` varchar(255) DEFAULT '',
  `other_attr` text,
  `attr` text,
  `view` bigint(20) DEFAULT '0',
  `like` bigint(20) DEFAULT '0',
  `relay` bigint(20) DEFAULT '0',
  `displayorder` int(11) DEFAULT '0',
  `pic_show` tinyint(4) DEFAULT '0',
  `pic_title` varchar(255) DEFAULT '',
  `pic_content` text,
  `isdefault` tinyint(4) DEFAULT '0',
  `enabled` tinyint(4) DEFAULT '0',
  `ai_ctrl_enabled` tinyint(4) DEFAULT '1',
  `boss_ctrl_enabled` tinyint(4) DEFAULT '0',
  `qrcode` varchar(255) DEFAULT '',
  `card_style` varchar(255) DEFAULT 'standard',
  `addtime` datetime DEFAULT '2000-01-01 00:00:00',
  `join_id` int(11) DEFAULT NULL,
  PRIMARY KEY (`id`)
) ENGINE=InnoDB AUTO_INCREMENT=135 DEFAULT CHARSET=utf8 ROW_FORMAT=DYNAMIC;


CREATE TABLE IF NOT EXISTS `ims_slwl_aicard_card_goods` (
  `id` bigint(20) unsigned NOT NULL AUTO_INCREMENT,
  `uniacid` int(11) DEFAULT NULL,
  `card_id` bigint(20) DEFAULT NULL,
  `good_id` bigint(20) DEFAULT NULL,
  `addtime` datetime DEFAULT '2000-01-01 00:00:00',
  PRIMARY KEY (`id`)
) ENGINE=InnoDB AUTO_INCREMENT=21 DEFAULT CHARSET=utf8 ROW_FORMAT=DYNAMIC;


CREATE TABLE IF NOT EXISTS `ims_slwl_aicard_commission` (
  `id` bigint(20) unsigned NOT NULL AUTO_INCREMENT,
  `uniacid` int(11) DEFAULT NULL,
  `id_user` int(11) DEFAULT '0',
  `id_com_1` int(11) DEFAULT '0',
  `id_com_2` int(11) DEFAULT '0',
  `id_com_3` int(11) DEFAULT '0',
  `status` tinyint(4) DEFAULT '0',
  `create_time` datetime DEFAULT '2000-01-01 00:00:00',
  PRIMARY KEY (`id`)
) ENGINE=InnoDB AUTO_INCREMENT=2 DEFAULT CHARSET=utf8;


CREATE TABLE IF NOT EXISTS `ims_slwl_aicard_commission_brokerage` (
  `id` bigint(20) unsigned NOT NULL AUTO_INCREMENT,
  `uniacid` int(11) DEFAULT NULL,
  `id_user` int(11) DEFAULT '0',
  `money` int(11) DEFAULT '0',
  `money_withdraw` int(11) DEFAULT '0',
  `money_total` int(11) DEFAULT '0',
  `create_time` datetime DEFAULT '2000-01-01 00:00:00',
  PRIMARY KEY (`id`)
) ENGINE=InnoDB DEFAULT CHARSET=utf8;


CREATE TABLE IF NOT EXISTS `ims_slwl_aicard_commission_brokerage_log` (
  `id` bigint(20) unsigned NOT NULL AUTO_INCREMENT,
  `uniacid` int(11) DEFAULT NULL,
  `id_user` int(11) DEFAULT '0',
  `money` int(11) DEFAULT '0',
  `status` tinyint(4) DEFAULT '0',
  `mark` text,
  `create_time` datetime DEFAULT '2000-01-01 00:00:00',
  PRIMARY KEY (`id`)
) ENGINE=InnoDB DEFAULT CHARSET=utf8;


CREATE TABLE IF NOT EXISTS `ims_slwl_aicard_commission_order` (
  `id` bigint(20) unsigned NOT NULL AUTO_INCREMENT,
  `uniacid` int(11) DEFAULT NULL,
  `id_user` int(11) DEFAULT '0',
  `id_order` int(11) DEFAULT '0',
  `id_order_user` int(11) DEFAULT '0',
  `money` int(11) DEFAULT '0',
  `type` varchar(255) DEFAULT '',
  `status` tinyint(4) DEFAULT '0',
  `rebate` text,
  `create_time` datetime DEFAULT '2000-01-01 00:00:00',
  PRIMARY KEY (`id`)
) ENGINE=InnoDB DEFAULT CHARSET=utf8;


CREATE TABLE IF NOT EXISTS `ims_slwl_aicard_commission_settle_log` (
  `id` bigint(20) unsigned NOT NULL AUTO_INCREMENT,
  `uniacid` int(11) DEFAULT NULL,
  `id_user` int(11) DEFAULT '0',
  `money_order` int(11) DEFAULT '0',
  `money_brokerage` int(11) DEFAULT '0',
  `id_order` int(11) DEFAULT '0',
  `info` text,
  `create_time` datetime DEFAULT '2000-01-01 00:00:00',
  PRIMARY KEY (`id`)
) ENGINE=InnoDB DEFAULT CHARSET=utf8;


CREATE TABLE IF NOT EXISTS `ims_slwl_aicard_custom_poster` (
  `id` bigint(20) unsigned NOT NULL AUTO_INCREMENT,
  `uniacid` int(10) DEFAULT NULL,
  `title` varchar(255) DEFAULT '',
  `thumb` varchar(255) DEFAULT '',
  `displayorder` int(11) DEFAULT '0',
  `enabled` tinyint(4) DEFAULT '0',
  `addtime` datetime DEFAULT '2000-01-01 00:00:00',
  PRIMARY KEY (`id`)
) ENGINE=InnoDB AUTO_INCREMENT=9 DEFAULT CHARSET=utf8 ROW_FORMAT=DYNAMIC;


CREATE TABLE IF NOT EXISTS `ims_slwl_aicard_dept` (
  `id` bigint(20) unsigned NOT NULL AUTO_INCREMENT,
  `uniacid` int(11) DEFAULT '0',
  `displayorder` int(11) DEFAULT '0',
  `name` varchar(100) DEFAULT '',
  `enabled` int(11) DEFAULT '0',
  `addtime` datetime DEFAULT '2000-01-01 00:00:00',
  PRIMARY KEY (`id`)
) ENGINE=InnoDB DEFAULT CHARSET=utf8 ROW_FORMAT=DYNAMIC;


CREATE TABLE IF NOT EXISTS `ims_slwl_aicard_dynamic_act` (
  `id` bigint(20) unsigned NOT NULL AUTO_INCREMENT,
  `displayorder` int(11) DEFAULT '0',
  `uniacid` int(11) DEFAULT '0',
  `dy_type` int(11) DEFAULT '0',
  `title` varchar(200) DEFAULT '',
  `subtitle` varchar(500) DEFAULT '',
  `like_count` bigint(20) DEFAULT '0',
  `thumb` varchar(500) DEFAULT '',
  `detail` text,
  `createtime` int(11) DEFAULT NULL,
  `enabled` int(11) DEFAULT '0',
  `out_thumb` varchar(255) DEFAULT '',
  `out_link` varchar(255) DEFAULT '',
  `addtime` datetime DEFAULT NULL,
  PRIMARY KEY (`id`)
) ENGINE=InnoDB AUTO_INCREMENT=5 DEFAULT CHARSET=utf8 ROW_FORMAT=DYNAMIC;


CREATE TABLE IF NOT EXISTS `ims_slwl_aicard_dynamic_comment` (
  `id` bigint(20) unsigned NOT NULL AUTO_INCREMENT,
  `uniacid` int(11) DEFAULT '0',
  `user_id` bigint(20) DEFAULT NULL,
  `nicename` text,
  `openid` varchar(100) DEFAULT '',
  `unionid` varchar(100) DEFAULT '',
  `dy_id` bigint(20) DEFAULT NULL,
  `content` varchar(255) DEFAULT '',
  `status` tinyint(4) DEFAULT '0',
  `enabled` tinyint(4) DEFAULT '0',
  `addtime` datetime DEFAULT NULL,
  PRIMARY KEY (`id`)
) ENGINE=InnoDB AUTO_INCREMENT=128 DEFAULT CHARSET=utf8 ROW_FORMAT=DYNAMIC;


CREATE TABLE IF NOT EXISTS `ims_slwl_aicard_dynamic_islike` (
  `id` bigint(20) unsigned NOT NULL AUTO_INCREMENT,
  `uniacid` int(11) DEFAULT '0',
  `user_id` bigint(20) DEFAULT NULL,
  `nicename` text,
  `openid` varchar(100) DEFAULT '',
  `unionid` varchar(100) DEFAULT '',
  `dy_id` bigint(20) DEFAULT NULL,
  `addtime` datetime DEFAULT NULL,
  PRIMARY KEY (`id`)
) ENGINE=InnoDB AUTO_INCREMENT=332 DEFAULT CHARSET=utf8 ROW_FORMAT=DYNAMIC;


CREATE TABLE IF NOT EXISTS `ims_slwl_aicard_formid` (
  `id` bigint(20) unsigned NOT NULL AUTO_INCREMENT,
  `uniacid` int(11) DEFAULT NULL,
  `user_id` bigint(20) DEFAULT '0',
  `openid` varchar(100) DEFAULT '',
  `unionid` varchar(100) DEFAULT '',
  `form_id` varchar(255) DEFAULT '',
  `op_code` varchar(100) DEFAULT '',
  `op_text` varchar(255) DEFAULT '',
  `status` tinyint(4) DEFAULT '0',
  `addtime` datetime DEFAULT '2000-01-01 00:00:00',
  PRIMARY KEY (`id`)
) ENGINE=InnoDB AUTO_INCREMENT=83679 DEFAULT CHARSET=utf8 ROW_FORMAT=DYNAMIC;


CREATE TABLE IF NOT EXISTS `ims_slwl_aicard_impression` (
  `id` bigint(20) unsigned NOT NULL AUTO_INCREMENT,
  `uniacid` int(11) DEFAULT NULL,
  `card_id` int(11) DEFAULT '0',
  `displayorder` int(11) DEFAULT '0',
  `title` varchar(255) DEFAULT '',
  `enabled` tinyint(4) DEFAULT '0',
  `like_count` int(11) DEFAULT '0',
  `addtime` datetime DEFAULT '2000-01-01 00:00:00',
  PRIMARY KEY (`id`)
) ENGINE=InnoDB AUTO_INCREMENT=13 DEFAULT CHARSET=utf8;


CREATE TABLE IF NOT EXISTS `ims_slwl_aicard_impression_like` (
  `id` bigint(20) unsigned NOT NULL AUTO_INCREMENT,
  `uniacid` int(11) DEFAULT '0',
  `user_id` int(11) DEFAULT '0',
  `card_id` int(11) DEFAULT '0',
  `impression_id` int(11) DEFAULT '0',
  `islike` tinyint(4) DEFAULT '0',
  `addtime` datetime DEFAULT '2000-01-01 00:00:00',
  PRIMARY KEY (`id`)
) ENGINE=InnoDB AUTO_INCREMENT=436 DEFAULT CHARSET=utf8;


CREATE TABLE IF NOT EXISTS `ims_slwl_aicard_like` (
  `id` bigint(20) unsigned NOT NULL AUTO_INCREMENT,
  `uniacid` int(11) DEFAULT NULL,
  `user_id` int(11) DEFAULT NULL,
  `card_id` int(11) DEFAULT NULL,
  `islike` tinyint(4) DEFAULT '0',
  `addtime` datetime DEFAULT '2000-01-01 00:00:00',
  PRIMARY KEY (`id`)
) ENGINE=InnoDB AUTO_INCREMENT=1644 DEFAULT CHARSET=utf8 ROW_FORMAT=DYNAMIC COMMENT='点赞专用';


CREATE TABLE IF NOT EXISTS `ims_slwl_aicard_mod_wxapp` (
  `id` bigint(20) unsigned NOT NULL AUTO_INCREMENT,
  `uniacid` int(11) DEFAULT '0',
  `displayorder` int(11) DEFAULT '0',
  `title` varchar(255) DEFAULT '',
  `page_url` varchar(255) DEFAULT '',
  `appid` varchar(255) DEFAULT '',
  `page_page` varchar(255) DEFAULT '',
  `enabled` int(11) DEFAULT '0',
  `addtime` datetime DEFAULT '2000-01-01 00:00:00',
  PRIMARY KEY (`id`)
) ENGINE=InnoDB AUTO_INCREMENT=4 DEFAULT CHARSET=utf8 ROW_FORMAT=DYNAMIC;


CREATE TABLE IF NOT EXISTS `ims_slwl_aicard_mycard` (
  `id` bigint(20) unsigned NOT NULL AUTO_INCREMENT,
  `user_id` bigint(20) DEFAULT NULL,
  `uniacid` int(11) DEFAULT NULL,
  `card_id` int(11) DEFAULT NULL,
  `source_id` int(11) DEFAULT '0',
  `source_name` varchar(255) DEFAULT '',
  `source_text` varchar(255) DEFAULT '',
  `enabled` tinyint(4) DEFAULT '1',
  `displayorder` int(11) DEFAULT '0',
  `addtime` datetime DEFAULT '2000-01-01 00:00:00',
  PRIMARY KEY (`id`)
) ENGINE=InnoDB AUTO_INCREMENT=8088 DEFAULT CHARSET=utf8 ROW_FORMAT=DYNAMIC;


CREATE TABLE IF NOT EXISTS `ims_slwl_aicard_myuser` (
  `id` bigint(20) unsigned NOT NULL AUTO_INCREMENT,
  `uniacid` int(11) DEFAULT NULL,
  `user_id` bigint(20) DEFAULT NULL,
  `card_id` bigint(20) DEFAULT NULL,
  `addtime` datetime DEFAULT '2000-01-01 00:00:00',
  PRIMARY KEY (`id`)
) ENGINE=InnoDB AUTO_INCREMENT=5412 DEFAULT CHARSET=utf8 ROW_FORMAT=DYNAMIC;


CREATE TABLE IF NOT EXISTS `ims_slwl_aicard_oplogs` (
  `id` bigint(20) unsigned NOT NULL AUTO_INCREMENT,
  `uniacid` int(11) DEFAULT NULL,
  `op_domain` varchar(255) DEFAULT '',
  `op_user` varchar(255) DEFAULT '',
  `op_type` varchar(255) DEFAULT '',
  `op_txt` text,
  `addtime` datetime DEFAULT '2000-01-01 00:00:00',
  PRIMARY KEY (`id`)
) ENGINE=InnoDB AUTO_INCREMENT=111525 DEFAULT CHARSET=utf8 ROW_FORMAT=DYNAMIC;


CREATE TABLE IF NOT EXISTS `ims_slwl_aicard_product_list` (
  `id` bigint(20) unsigned NOT NULL AUTO_INCREMENT,
  `uniacid` int(11) DEFAULT '0',
  `title` varchar(200) DEFAULT '',
  `subtitle` varchar(200) DEFAULT '',
  `thumb` varchar(255) DEFAULT '',
  `displayorder` tinyint(4) DEFAULT '0',
  `enabled` tinyint(4) DEFAULT '0',
  `detail` text,
  `out_thumb` varchar(255) DEFAULT '',
  `out_link` varchar(255) DEFAULT '',
  `createtime` datetime DEFAULT '2000-01-01 00:00:00',
  `addtime` datetime DEFAULT '2000-01-01 00:00:00',
  PRIMARY KEY (`id`)
) ENGINE=InnoDB AUTO_INCREMENT=32 DEFAULT CHARSET=utf8 ROW_FORMAT=DYNAMIC;


CREATE TABLE IF NOT EXISTS `ims_slwl_aicard_settings` (
  `id` bigint(20) unsigned NOT NULL AUTO_INCREMENT,
  `uniacid` int(11) DEFAULT NULL,
  `setting_name` varchar(100) DEFAULT '',
  `setting_value` longtext,
  `addtime` datetime DEFAULT '2000-01-01 00:00:00',
  PRIMARY KEY (`id`)
) ENGINE=InnoDB AUTO_INCREMENT=135 DEFAULT CHARSET=utf8 ROW_FORMAT=DYNAMIC;


CREATE TABLE IF NOT EXISTS `ims_slwl_aicard_shop_address` (
  `id` int(10) unsigned NOT NULL AUTO_INCREMENT,
  `weid` int(10) unsigned NOT NULL,
  `uid` varchar(50) NOT NULL,
  `realname` varchar(20) NOT NULL,
  `mobile` varchar(11) NOT NULL,
  `province` varchar(30) NOT NULL,
  `city` varchar(30) NOT NULL,
  `area` varchar(30) NOT NULL,
  `address` varchar(300) NOT NULL,
  `isdefault` tinyint(3) unsigned NOT NULL DEFAULT '0',
  `deleted` tinyint(3) unsigned NOT NULL DEFAULT '0',
  PRIMARY KEY (`id`)
) ENGINE=InnoDB AUTO_INCREMENT=119 DEFAULT CHARSET=utf8 ROW_FORMAT=DYNAMIC;


CREATE TABLE IF NOT EXISTS `ims_slwl_aicard_shop_adsp` (
  `id` bigint(20) unsigned NOT NULL AUTO_INCREMENT,
  `uniacid` int(10) DEFAULT NULL,
  `name` varchar(255) DEFAULT '',
  `thumb` varchar(255) DEFAULT '',
  `displayorder` int(11) DEFAULT '0',
  `enabled` tinyint(4) DEFAULT '0',
  `page_url` varchar(255) DEFAULT '',
  `addtime` datetime DEFAULT '2000-01-01 00:00:00',
  PRIMARY KEY (`id`)
) ENGINE=InnoDB AUTO_INCREMENT=4 DEFAULT CHARSET=utf8 ROW_FORMAT=DYNAMIC;


CREATE TABLE IF NOT EXISTS `ims_slwl_aicard_shop_adv` (
  `id` bigint(20) unsigned NOT NULL AUTO_INCREMENT,
  `uniacid` int(10) DEFAULT NULL,
  `displayorder` int(11) DEFAULT '0',
  `advname` varchar(255) DEFAULT '',
  `thumb` varchar(255) DEFAULT '',
  `enabled` tinyint(4) DEFAULT '0',
  `page_url` varchar(255) DEFAULT '',
  `addtime` datetime DEFAULT '2000-01-01 00:00:00',
  PRIMARY KEY (`id`)
) ENGINE=InnoDB AUTO_INCREMENT=4 DEFAULT CHARSET=utf8 ROW_FORMAT=DYNAMIC;


CREATE TABLE IF NOT EXISTS `ims_slwl_aicard_shop_brand` (
  `id` bigint(20) unsigned NOT NULL AUTO_INCREMENT,
  `uniacid` int(10) DEFAULT NULL,
  `displayorder` int(11) DEFAULT '0',
  `name` varchar(255) DEFAULT '',
  `thumb` varchar(255) DEFAULT '',
  `thumb_brand` varchar(255) DEFAULT '',
  `intro` varchar(1000) DEFAULT '',
  `enabled` tinyint(4) DEFAULT '0',
  `addtime` datetime DEFAULT '2000-01-01 00:00:00',
  PRIMARY KEY (`id`)
) ENGINE=InnoDB AUTO_INCREMENT=2 DEFAULT CHARSET=utf8 ROW_FORMAT=DYNAMIC;


CREATE TABLE IF NOT EXISTS `ims_slwl_aicard_shop_cart` (
  `id` int(10) unsigned NOT NULL AUTO_INCREMENT,
  `weid` int(10) unsigned NOT NULL,
  `goodsid` int(11) NOT NULL,
  `goodstype` tinyint(1) DEFAULT '1',
  `from_user` varchar(50) DEFAULT NULL,
  `total` int(10) unsigned NOT NULL,
  `optionid` int(10) DEFAULT '0',
  `marketprice` decimal(10,2) DEFAULT '0.00',
  `optionname` text,
  `checked` tinyint(4) DEFAULT '1',
  PRIMARY KEY (`id`),
  KEY `idx_openid` (`from_user`)
) ENGINE=InnoDB AUTO_INCREMENT=423 DEFAULT CHARSET=utf8 ROW_FORMAT=DYNAMIC;


CREATE TABLE IF NOT EXISTS `ims_slwl_aicard_shop_category` (
  `id` int(10) unsigned NOT NULL AUTO_INCREMENT,
  `weid` int(10) unsigned NOT NULL DEFAULT '0',
  `name` varchar(50) NOT NULL,
  `thumb` varchar(255) NOT NULL,
  `parentid` int(10) unsigned NOT NULL DEFAULT '0',
  `isrecommand` int(10) DEFAULT '0',
  `adthumb` varchar(255) DEFAULT NULL,
  `description` varchar(500) NOT NULL,
  `displayorder` tinyint(3) unsigned NOT NULL DEFAULT '0',
  `enabled` tinyint(1) unsigned NOT NULL DEFAULT '1',
  PRIMARY KEY (`id`)
) ENGINE=InnoDB AUTO_INCREMENT=4 DEFAULT CHARSET=utf8 ROW_FORMAT=DYNAMIC;


CREATE TABLE IF NOT EXISTS `ims_slwl_aicard_shop_collect` (
  `id` int(10) unsigned NOT NULL AUTO_INCREMENT,
  `uniacid` int(11) DEFAULT NULL,
  `from_user` varchar(50) DEFAULT NULL,
  `goods_id` int(11) DEFAULT '0',
  `smeta` longtext,
  `addtime` datetime DEFAULT '2000-01-01 00:00:00',
  PRIMARY KEY (`id`)
) ENGINE=InnoDB AUTO_INCREMENT=38 DEFAULT CHARSET=utf8 ROW_FORMAT=DYNAMIC;


CREATE TABLE IF NOT EXISTS `ims_slwl_aicard_shop_dispatch` (
  `id` int(11) NOT NULL AUTO_INCREMENT,
  `weid` int(11) DEFAULT '0',
  `dispatchname` varchar(50) DEFAULT '',
  `dispatchtype` int(11) DEFAULT '0',
  `displayorder` int(11) DEFAULT '0',
  `firstprice` decimal(10,2) DEFAULT '0.00',
  `secondprice` decimal(10,2) DEFAULT '0.00',
  `firstweight` int(11) DEFAULT '0',
  `secondweight` int(11) DEFAULT '0',
  `express` int(11) DEFAULT '0',
  `description` text,
  `enabled` int(11) NOT NULL DEFAULT '0',
  `addtime` datetime DEFAULT '2000-01-01 00:00:00',
  PRIMARY KEY (`id`),
  KEY `indx_weid` (`weid`),
  KEY `indx_displayorder` (`displayorder`)
) ENGINE=InnoDB AUTO_INCREMENT=2 DEFAULT CHARSET=utf8 ROW_FORMAT=DYNAMIC;


CREATE TABLE IF NOT EXISTS `ims_slwl_aicard_shop_express` (
  `id` int(11) NOT NULL AUTO_INCREMENT,
  `weid` int(11) DEFAULT '0',
  `express_name` varchar(50) DEFAULT '',
  `displayorder` int(11) DEFAULT '0',
  `express_price` varchar(10) DEFAULT '',
  `express_area` varchar(100) DEFAULT '',
  `express_url` varchar(255) DEFAULT '',
  `addtime` datetime DEFAULT '2000-01-01 00:00:00',
  PRIMARY KEY (`id`),
  KEY `indx_weid` (`weid`),
  KEY `indx_displayorder` (`displayorder`)
) ENGINE=InnoDB AUTO_INCREMENT=2 DEFAULT CHARSET=utf8 ROW_FORMAT=DYNAMIC;


CREATE TABLE IF NOT EXISTS `ims_slwl_aicard_shop_goods` (
  `id` int(10) unsigned NOT NULL AUTO_INCREMENT,
  `weid` int(10) unsigned NOT NULL,
  `brandid` int(11) DEFAULT '0',
  `pcate` int(10) unsigned NOT NULL DEFAULT '0',
  `ccate` int(10) unsigned NOT NULL DEFAULT '0',
  `type` tinyint(1) unsigned NOT NULL DEFAULT '1',
  `status` tinyint(1) unsigned NOT NULL DEFAULT '1',
  `displayorder` int(10) unsigned NOT NULL DEFAULT '0',
  `title` varchar(100) NOT NULL DEFAULT '',
  `intro` varchar(100) DEFAULT '',
  `thumb` varchar(255) DEFAULT '',
  `unit` varchar(5) NOT NULL DEFAULT '',
  `description` varchar(1000) NOT NULL DEFAULT '',
  `content` text NOT NULL,
  `goodssn` varchar(50) NOT NULL DEFAULT '',
  `productsn` varchar(50) NOT NULL DEFAULT '',
  `marketprice` decimal(10,2) NOT NULL DEFAULT '0.00',
  `productprice` decimal(10,2) NOT NULL DEFAULT '0.00',
  `costprice` decimal(10,2) NOT NULL DEFAULT '0.00',
  `originalprice` decimal(10,2) NOT NULL DEFAULT '0.00',
  `total` int(10) unsigned NOT NULL DEFAULT '0',
  `totalcnf` int(11) DEFAULT '0',
  `sales` int(10) unsigned NOT NULL DEFAULT '0',
  `spec` varchar(5000) NOT NULL,
  `createtime` int(10) unsigned NOT NULL,
  `weight` decimal(10,2) NOT NULL DEFAULT '0.00',
  `credit` decimal(10,2) NOT NULL DEFAULT '0.00',
  `maxbuy` int(11) DEFAULT '0',
  `usermaxbuy` int(10) unsigned NOT NULL DEFAULT '0',
  `hasoption` int(11) DEFAULT '0',
  `dispatch` int(11) DEFAULT '0',
  `thumb_url` text,
  `isnew` int(11) DEFAULT '0',
  `ishot` int(11) DEFAULT '0',
  `isdiscount` int(11) DEFAULT '0',
  `isrecommand` int(11) DEFAULT '0',
  `istime` int(11) DEFAULT '0',
  `timestart` int(11) DEFAULT '0',
  `timeend` int(11) DEFAULT '0',
  `isfreeshopping` tinyint(4) DEFAULT '0',
  `viewcount` int(11) DEFAULT '0',
  `deleted` tinyint(3) unsigned NOT NULL DEFAULT '0',
  `param` text,
  `addtime` datetime DEFAULT '0200-01-01 00:00:00',
  PRIMARY KEY (`id`)
) ENGINE=InnoDB AUTO_INCREMENT=3 DEFAULT CHARSET=utf8 ROW_FORMAT=DYNAMIC;


CREATE TABLE IF NOT EXISTS `ims_slwl_aicard_shop_goods_option` (
  `id` int(11) NOT NULL AUTO_INCREMENT,
  `goodsid` int(10) DEFAULT '0',
  `title` varchar(50) DEFAULT '',
  `thumb` varchar(60) DEFAULT '',
  `productprice` decimal(10,2) DEFAULT '0.00',
  `marketprice` decimal(10,2) DEFAULT '0.00',
  `costprice` decimal(10,2) DEFAULT '0.00',
  `stock` int(11) DEFAULT '0',
  `weight` decimal(10,2) DEFAULT '0.00',
  `displayorder` int(11) DEFAULT '0',
  `specs` text,
  PRIMARY KEY (`id`),
  KEY `indx_goodsid` (`goodsid`),
  KEY `indx_displayorder` (`displayorder`)
) ENGINE=InnoDB AUTO_INCREMENT=21 DEFAULT CHARSET=utf8 ROW_FORMAT=DYNAMIC;


CREATE TABLE IF NOT EXISTS `ims_slwl_aicard_shop_goods_param` (
  `id` int(11) NOT NULL AUTO_INCREMENT,
  `goodsid` int(10) DEFAULT '0',
  `title` varchar(50) DEFAULT '',
  `value` text,
  `displayorder` int(11) DEFAULT '0',
  PRIMARY KEY (`id`),
  KEY `indx_goodsid` (`goodsid`),
  KEY `indx_displayorder` (`displayorder`)
) ENGINE=InnoDB DEFAULT CHARSET=utf8 ROW_FORMAT=DYNAMIC;


CREATE TABLE IF NOT EXISTS `ims_slwl_aicard_shop_order` (
  `id` int(10) unsigned NOT NULL AUTO_INCREMENT,
  `weid` int(10) unsigned NOT NULL,
  `from_user` varchar(50) NOT NULL,
  `ordersn` varchar(20) DEFAULT NULL,
  `price` varchar(10) NOT NULL,
  `status` tinyint(4) NOT NULL DEFAULT '0',
  `sendtype` tinyint(1) unsigned NOT NULL,
  `paytype` tinyint(1) unsigned DEFAULT '0',
  `transid` varchar(30) DEFAULT '0',
  `goodstype` tinyint(1) unsigned DEFAULT '1',
  `remark` varchar(1000) NOT NULL DEFAULT '',
  `addressid` int(10) unsigned DEFAULT NULL,
  `address` varchar(1024) NOT NULL DEFAULT '',
  `expresscom` varchar(30) DEFAULT '',
  `expresssn` varchar(50) DEFAULT '',
  `express` varchar(200) DEFAULT '',
  `goodsprice` decimal(10,2) DEFAULT '0.00',
  `dispatchprice` decimal(10,2) DEFAULT '0.00',
  `dispatch` int(10) DEFAULT '0',
  `paydetail` varchar(255) DEFAULT NULL,
  `createtime` int(10) unsigned NOT NULL,
  PRIMARY KEY (`id`)
) ENGINE=InnoDB AUTO_INCREMENT=105 DEFAULT CHARSET=utf8 ROW_FORMAT=DYNAMIC;


CREATE TABLE IF NOT EXISTS `ims_slwl_aicard_shop_order_goods` (
  `id` int(10) unsigned NOT NULL AUTO_INCREMENT,
  `weid` int(10) unsigned NOT NULL,
  `brandid` int(11) DEFAULT '0',
  `orderid` int(10) unsigned NOT NULL,
  `goodsid` int(10) unsigned NOT NULL,
  `price` decimal(10,2) DEFAULT '0.00',
  `total` int(10) unsigned NOT NULL DEFAULT '1',
  `optionid` int(10) DEFAULT '0',
  `createtime` int(10) unsigned NOT NULL,
  `optionname` text,
  PRIMARY KEY (`id`)
) ENGINE=InnoDB AUTO_INCREMENT=119 DEFAULT CHARSET=utf8 ROW_FORMAT=DYNAMIC;


CREATE TABLE IF NOT EXISTS `ims_slwl_aicard_shop_printers` (
  `id` bigint(20) unsigned NOT NULL AUTO_INCREMENT,
  `uniacid` int(11) DEFAULT NULL,
  `printer_name_cn` varchar(100) DEFAULT '',
  `printer_name` varchar(100) DEFAULT '',
  `printer_value` longtext,
  `enabled` tinyint(4) DEFAULT '0',
  `addtime` datetime DEFAULT '2000-01-01 00:00:00',
  PRIMARY KEY (`id`)
) ENGINE=InnoDB DEFAULT CHARSET=utf8 ROW_FORMAT=DYNAMIC;


CREATE TABLE IF NOT EXISTS `ims_slwl_aicard_shop_sale` (
  `id` int(11) unsigned NOT NULL AUTO_INCREMENT,
  `weid` int(11) DEFAULT '0',
  `displayorder` int(11) DEFAULT '0',
  `name` varchar(50) DEFAULT '',
  `thumb` varchar(255) DEFAULT '',
  `enough` int(11) DEFAULT '0',
  `timelimit` tinyint(4) DEFAULT '0',
  `timedays1` varchar(50) DEFAULT '',
  `timedays2` varchar(255) DEFAULT '',
  `backtype` tinyint(4) DEFAULT '0',
  `backmoney` int(11) DEFAULT '0',
  `discount` decimal(10,2) DEFAULT NULL,
  `flbackmoney` int(11) DEFAULT NULL,
  `backwhen` tinyint(4) DEFAULT '0',
  `total` int(11) DEFAULT '-1',
  `receive` int(11) DEFAULT '0',
  `enabled` int(11) DEFAULT '0',
  `addtime` datetime DEFAULT '2000-01-01 00:00:00',
  PRIMARY KEY (`id`)
) ENGINE=InnoDB DEFAULT CHARSET=utf8 ROW_FORMAT=DYNAMIC;


CREATE TABLE IF NOT EXISTS `ims_slwl_aicard_shop_sale_user` (
  `id` int(11) unsigned NOT NULL AUTO_INCREMENT,
  `weid` int(11) DEFAULT NULL,
  `displayorder` int(11) DEFAULT '0',
  `user` int(11) DEFAULT '0',
  `saleid` int(11) DEFAULT '0',
  `gettime` datetime DEFAULT '2000-01-01 00:00:00',
  `isdefault` tinyint(4) DEFAULT '0',
  `status` tinyint(4) DEFAULT '0',
  `addtime` datetime DEFAULT '2000-01-01 00:00:00',
  PRIMARY KEY (`id`)
) ENGINE=InnoDB DEFAULT CHARSET=utf8 ROW_FORMAT=DYNAMIC;


CREATE TABLE IF NOT EXISTS `ims_slwl_aicard_shop_spec` (
  `id` int(10) unsigned NOT NULL AUTO_INCREMENT,
  `weid` int(10) NOT NULL,
  `title` varchar(50) DEFAULT NULL,
  `description` varchar(1000) DEFAULT NULL,
  `displaytype` tinyint(3) DEFAULT NULL,
  `content` text,
  `goodsid` int(11) DEFAULT '0',
  `displayorder` int(11) DEFAULT '0',
  `addtime` datetime DEFAULT '2000-01-01 00:00:00',
  PRIMARY KEY (`id`)
) ENGINE=InnoDB AUTO_INCREMENT=4 DEFAULT CHARSET=utf8 ROW_FORMAT=DYNAMIC;


CREATE TABLE IF NOT EXISTS `ims_slwl_aicard_store_address` (
  `id` int(10) unsigned NOT NULL AUTO_INCREMENT,
  `uniacid` int(11) DEFAULT NULL,
  `displayorder` int(11) DEFAULT '0',
  `uid` int(11) DEFAULT '0',
  `realname` varchar(100) DEFAULT '',
  `mobile` varchar(50) DEFAULT '',
  `province` varchar(50) DEFAULT '',
  `city` varchar(50) DEFAULT '',
  `area` varchar(50) DEFAULT '',
  `address` varchar(300) DEFAULT '',
  `isdefault` tinyint(4) DEFAULT '0',
  `addtime` datetime DEFAULT '2000-01-01 00:00:00',
  PRIMARY KEY (`id`)
) ENGINE=InnoDB AUTO_INCREMENT=82 DEFAULT CHARSET=utf8 ROW_FORMAT=DYNAMIC;


CREATE TABLE IF NOT EXISTS `ims_slwl_aicard_store_adsp` (
  `id` bigint(20) unsigned NOT NULL AUTO_INCREMENT,
  `uniacid` int(10) DEFAULT NULL,
  `title` varchar(255) DEFAULT '',
  `thumb` varchar(255) DEFAULT '',
  `displayorder` int(11) DEFAULT '0',
  `enabled` tinyint(4) DEFAULT '0',
  `page_url` varchar(255) DEFAULT '',
  `addtime` datetime DEFAULT '2000-01-01 00:00:00',
  PRIMARY KEY (`id`)
) ENGINE=InnoDB AUTO_INCREMENT=2 DEFAULT CHARSET=utf8 ROW_FORMAT=DYNAMIC;


CREATE TABLE IF NOT EXISTS `ims_slwl_aicard_store_adv` (
  `id` bigint(20) unsigned NOT NULL AUTO_INCREMENT,
  `uniacid` int(10) DEFAULT NULL,
  `displayorder` int(11) DEFAULT '0',
  `title` varchar(255) DEFAULT '',
  `thumb` varchar(255) DEFAULT '',
  `enabled` tinyint(4) DEFAULT '0',
  `page_url` varchar(255) DEFAULT '',
  `addtime` datetime DEFAULT '2000-01-01 00:00:00',
  PRIMARY KEY (`id`)
) ENGINE=InnoDB AUTO_INCREMENT=4 DEFAULT CHARSET=utf8 ROW_FORMAT=DYNAMIC;


CREATE TABLE IF NOT EXISTS `ims_slwl_aicard_store_brand` (
  `id` bigint(20) unsigned NOT NULL AUTO_INCREMENT,
  `uniacid` int(10) DEFAULT NULL,
  `displayorder` int(11) DEFAULT '0',
  `title` varchar(255) DEFAULT '',
  `thumb` varchar(255) DEFAULT '',
  `thumb_brand` varchar(255) DEFAULT '',
  `intro` varchar(1000) DEFAULT '',
  `enabled` tinyint(4) DEFAULT '0',
  `addtime` datetime DEFAULT '2000-01-01 00:00:00',
  PRIMARY KEY (`id`)
) ENGINE=InnoDB DEFAULT CHARSET=utf8 ROW_FORMAT=DYNAMIC;


CREATE TABLE IF NOT EXISTS `ims_slwl_aicard_store_cart` (
  `id` int(10) unsigned NOT NULL AUTO_INCREMENT,
  `uniacid` int(11) DEFAULT NULL,
  `from_user` varchar(50) DEFAULT NULL,
  `goodsid` int(11) DEFAULT NULL,
  `goodstype` tinyint(1) DEFAULT '1',
  `count` int(11) DEFAULT '1',
  `price` int(11) DEFAULT '0',
  `option_id` int(11) DEFAULT '0',
  `option` text,
  `checked` tinyint(4) DEFAULT '1',
  `addtime` datetime DEFAULT '2000-01-01 00:00:00',
  PRIMARY KEY (`id`),
  KEY `idx_openid` (`from_user`)
) ENGINE=InnoDB AUTO_INCREMENT=54 DEFAULT CHARSET=utf8 ROW_FORMAT=DYNAMIC;


CREATE TABLE IF NOT EXISTS `ims_slwl_aicard_store_category` (
  `id` int(10) unsigned NOT NULL AUTO_INCREMENT,
  `uniacid` int(10) DEFAULT '0',
  `displayorder` tinyint(4) DEFAULT '0',
  `title` varchar(255) DEFAULT '',
  `thumb` varchar(255) DEFAULT '',
  `parentid` int(10) DEFAULT '0',
  `isrecommand` int(10) DEFAULT '0',
  `adthumb` varchar(255) DEFAULT '',
  `intro` varchar(500) DEFAULT '',
  `enabled` tinyint(4) DEFAULT '1',
  `addtime` datetime DEFAULT '2000-01-01 00:00:00',
  PRIMARY KEY (`id`)
) ENGINE=InnoDB AUTO_INCREMENT=9 DEFAULT CHARSET=utf8 ROW_FORMAT=DYNAMIC;


CREATE TABLE IF NOT EXISTS `ims_slwl_aicard_store_collect` (
  `id` int(10) unsigned NOT NULL AUTO_INCREMENT,
  `uniacid` int(11) DEFAULT NULL,
  `displayorder` int(11) DEFAULT '0',
  `from_user` varchar(50) DEFAULT NULL,
  `goodsid` int(11) DEFAULT '0',
  `smeta` text,
  `addtime` datetime DEFAULT '2000-01-01 00:00:00',
  PRIMARY KEY (`id`)
) ENGINE=InnoDB AUTO_INCREMENT=37 DEFAULT CHARSET=utf8 ROW_FORMAT=DYNAMIC;


CREATE TABLE IF NOT EXISTS `ims_slwl_aicard_store_goods` (
  `id` int(10) unsigned NOT NULL AUTO_INCREMENT,
  `uniacid` int(10) DEFAULT NULL,
  `enabled` tinyint(1) DEFAULT '1',
  `displayorder` int(10) DEFAULT '0',
  `brandid` int(11) DEFAULT '0',
  `pcate` int(10) DEFAULT '0',
  `ccate` int(10) DEFAULT '0',
  `title` varchar(100) DEFAULT '',
  `intro` varchar(100) DEFAULT '',
  `thumbs` text,
  `thumb` varchar(255) DEFAULT '',
  `unit` varchar(30) DEFAULT '',
  `goodsn` varchar(255) DEFAULT '',
  `barcode` varchar(255) DEFAULT '',
  `content` text,
  `marketprice` int(11) DEFAULT '0',
  `productprice` int(11) DEFAULT '0',
  `inventory` int(10) DEFAULT '0',
  `inventory_status` tinyint(4) DEFAULT '0',
  `sales` int(10) DEFAULT '0',
  `param` text,
  `spec` text,
  `spec_status` tinyint(11) DEFAULT '0',
  `isnew` int(11) DEFAULT '0',
  `ishot` int(11) DEFAULT '0',
  `isrecommand` int(11) DEFAULT '0',
  `istime` int(11) DEFAULT '0',
  `timestart` datetime DEFAULT '2000-01-01 00:00:00',
  `timeend` datetime DEFAULT '2000-01-01 00:00:00',
  `viewcount` bigint(20) DEFAULT '0',
  `deleted` tinyint(4) DEFAULT '0',
  `addtime` datetime DEFAULT '2000-01-01 00:00:00',
  `price` int(11) DEFAULT '0',
  `original_price` int(11) DEFAULT '0',
  PRIMARY KEY (`id`)
) ENGINE=InnoDB AUTO_INCREMENT=5 DEFAULT CHARSET=utf8 ROW_FORMAT=DYNAMIC;


CREATE TABLE IF NOT EXISTS `ims_slwl_aicard_store_goods_option` (
  `id` int(11) NOT NULL AUTO_INCREMENT,
  `uniacid` int(11) DEFAULT NULL,
  `goodid` int(11) DEFAULT '0',
  `displayorder` int(11) DEFAULT '0',
  `title` varchar(255) DEFAULT '',
  `marketprice` int(11) DEFAULT '0',
  `productprice` int(11) DEFAULT '0',
  `inventory` int(11) DEFAULT '0',
  `goodsn` varchar(255) DEFAULT '',
  `barcode` varchar(255) DEFAULT '',
  `addtime` datetime DEFAULT '2000-01-01 00:00:00',
  `assemble` varchar(255) DEFAULT '',
  `assemble_json` text,
  `price` int(11) DEFAULT '0',
  `original_price` int(11) DEFAULT '0',
  PRIMARY KEY (`id`),
  KEY `indx_goodsid` (`goodid`),
  KEY `indx_displayorder` (`displayorder`)
) ENGINE=InnoDB AUTO_INCREMENT=46 DEFAULT CHARSET=utf8 ROW_FORMAT=DYNAMIC;


CREATE TABLE IF NOT EXISTS `ims_slwl_aicard_store_order` (
  `id` int(11) unsigned NOT NULL AUTO_INCREMENT,
  `uniacid` int(11) DEFAULT NULL,
  `from_user` int(11) DEFAULT NULL,
  `ordersn` varchar(255) DEFAULT '',
  `price` int(11) DEFAULT NULL,
  `status` tinyint(4) DEFAULT '1',
  `paytype` tinyint(4) DEFAULT '0',
  `address` text,
  `goods` text,
  `coupon` text,
  `discount_money` int(11) DEFAULT '0',
  `goods_first_id` int(11) DEFAULT '0',
  `goods_first_marketprice` int(11) DEFAULT '0',
  `total` int(11) DEFAULT '0',
  `mark` text,
  `addtime` datetime DEFAULT '2000-01-01 00:00:00',
  `goods_first_price` int(11) DEFAULT '0',
  PRIMARY KEY (`id`)
) ENGINE=InnoDB AUTO_INCREMENT=92 DEFAULT CHARSET=utf8 ROW_FORMAT=DYNAMIC;


CREATE TABLE IF NOT EXISTS `ims_slwl_aicard_store_order_goods` (
  `id` int(10) unsigned NOT NULL AUTO_INCREMENT,
  `uniacid` int(10) DEFAULT NULL,
  `brandid` int(11) DEFAULT '0',
  `orderid` int(11) DEFAULT '0',
  `goodsid` int(11) DEFAULT '0',
  `price` int(11) DEFAULT '0',
  `total` int(11) DEFAULT '0',
  `option_id` int(11) DEFAULT '0',
  `option` text,
  `addtime` datetime DEFAULT '2000-01-01 00:00:00',
  PRIMARY KEY (`id`)
) ENGINE=InnoDB AUTO_INCREMENT=92 DEFAULT CHARSET=utf8 ROW_FORMAT=DYNAMIC;


CREATE TABLE IF NOT EXISTS `ims_slwl_aicard_store_printers` (
  `id` bigint(20) unsigned NOT NULL AUTO_INCREMENT,
  `uniacid` int(11) DEFAULT NULL,
  `printer_name_cn` varchar(100) DEFAULT '',
  `printer_name` varchar(100) DEFAULT '',
  `printer_value` longtext,
  `enabled` tinyint(4) DEFAULT '0',
  `addtime` datetime DEFAULT '2000-01-01 00:00:00',
  PRIMARY KEY (`id`)
) ENGINE=InnoDB DEFAULT CHARSET=utf8 ROW_FORMAT=DYNAMIC;


CREATE TABLE IF NOT EXISTS `ims_slwl_aicard_store_sale` (
  `id` int(11) unsigned NOT NULL AUTO_INCREMENT,
  `uniacid` int(11) DEFAULT '0',
  `displayorder` int(11) DEFAULT '0',
  `title` varchar(255) DEFAULT '',
  `intro` varchar(500) DEFAULT '',
  `thumb` varchar(255) DEFAULT '',
  `enough` int(11) DEFAULT '0',
  `timelimit` tinyint(4) DEFAULT '0',
  `timedays1` varchar(255) DEFAULT '',
  `timedays2` varchar(255) DEFAULT '',
  `backtype` tinyint(4) DEFAULT '0',
  `backmoney` int(11) DEFAULT '0',
  `discount` int(11) DEFAULT '0',
  `flbackmoney` int(11) DEFAULT NULL,
  `backwhen` tinyint(4) DEFAULT '0',
  `total` int(11) DEFAULT '0',
  `receive` int(11) DEFAULT '0',
  `enabled` int(11) DEFAULT '0',
  `addtime` datetime DEFAULT '2000-01-01 00:00:00',
  PRIMARY KEY (`id`)
) ENGINE=InnoDB AUTO_INCREMENT=4 DEFAULT CHARSET=utf8 ROW_FORMAT=DYNAMIC;


CREATE TABLE IF NOT EXISTS `ims_slwl_aicard_store_sale_user` (
  `id` int(11) unsigned NOT NULL AUTO_INCREMENT,
  `uniacid` int(11) DEFAULT NULL,
  `displayorder` int(11) DEFAULT '0',
  `user` int(11) DEFAULT '0',
  `saleid` int(11) DEFAULT '0',
  `title` varchar(255) DEFAULT '',
  `option_value` text,
  `time_start` datetime DEFAULT '2000-01-01 00:00:00',
  `time_end` datetime DEFAULT '2000-01-01 00:00:00',
  `status` tinyint(4) DEFAULT '0',
  `addtime` datetime DEFAULT '2000-01-01 00:00:00',
  PRIMARY KEY (`id`)
) ENGINE=InnoDB AUTO_INCREMENT=16 DEFAULT CHARSET=utf8 ROW_FORMAT=DYNAMIC;


CREATE TABLE IF NOT EXISTS `ims_slwl_aicard_store_spec` (
  `id` int(10) unsigned NOT NULL AUTO_INCREMENT,
  `uniacid` int(10) DEFAULT NULL,
  `title` varchar(50) DEFAULT NULL,
  `description` varchar(1000) DEFAULT NULL,
  `displaytype` tinyint(3) DEFAULT NULL,
  `content` text,
  `goodsid` int(11) DEFAULT '0',
  `displayorder` int(11) DEFAULT '0',
  `addtime` datetime DEFAULT '2000-01-01 00:00:00',
  PRIMARY KEY (`id`)
) ENGINE=InnoDB DEFAULT CHARSET=utf8 ROW_FORMAT=DYNAMIC;


CREATE TABLE IF NOT EXISTS `ims_slwl_aicard_tipswx` (
  `id` bigint(20) unsigned NOT NULL AUTO_INCREMENT,
  `uniacid` int(11) DEFAULT NULL,
  `template_base_id` varchar(255) DEFAULT '',
  `template_base_title` varchar(255) DEFAULT '',
  `template_id` varchar(255) DEFAULT '',
  `template_type` tinyint(4) DEFAULT '0',
  `mark` varchar(255) DEFAULT '',
  `addtime` datetime DEFAULT '2000-01-01 00:00:00',
  PRIMARY KEY (`id`)
) ENGINE=InnoDB AUTO_INCREMENT=9 DEFAULT CHARSET=utf8 ROW_FORMAT=DYNAMIC;


CREATE TABLE IF NOT EXISTS `ims_slwl_aicard_users` (
  `id` bigint(20) unsigned NOT NULL AUTO_INCREMENT,
  `uniacid` int(11) DEFAULT NULL,
  `openid` varchar(255) DEFAULT '',
  `unionid` varchar(255) DEFAULT '',
  `mobile` varchar(50) DEFAULT '',
  `source_cardid` varchar(255) DEFAULT '',
  `source_name` varchar(255) DEFAULT '',
  `source_txt` varchar(255) DEFAULT '',
  `nicename` varchar(255) DEFAULT '',
  `avatar` varchar(255) DEFAULT '',
  `city` varchar(255) DEFAULT '',
  `gender` tinyint(4) DEFAULT '0',
  `province` varchar(255) DEFAULT '',
  `addtime` datetime DEFAULT '2000-01-01 00:00:00',
  `mark` text,
  `last_time` datetime DEFAULT '2000-01-01 00:00:00',
  `real_name` varchar(255) DEFAULT '',
  `id_label` text,
  `balance` int(11) DEFAULT '0',
  PRIMARY KEY (`id`)
) ENGINE=InnoDB AUTO_INCREMENT=7544 DEFAULT CHARSET=utf8 ROW_FORMAT=DYNAMIC;


CREATE TABLE IF NOT EXISTS `ims_slwl_aicard_users_label` (
  `id` bigint(20) unsigned NOT NULL AUTO_INCREMENT,
  `uniacid` int(11) DEFAULT NULL,
  `sort` int(11) DEFAULT '0',
  `title` varchar(255) DEFAULT '',
  `subtitle` text,
  `thumb` varchar(255) DEFAULT '',
  `enabled` tinyint(4) DEFAULT '0',
  `delete` tinyint(4) DEFAULT '0',
  `create_time` datetime DEFAULT '2000-01-01 00:00:00',
  PRIMARY KEY (`id`)
) ENGINE=InnoDB DEFAULT CHARSET=utf8;


CREATE TABLE IF NOT EXISTS `ims_slwl_aicard_website_act_news` (
  `id` bigint(20) unsigned NOT NULL AUTO_INCREMENT,
  `displayorder` int(11) DEFAULT '0',
  `uniacid` int(11) DEFAULT '0',
  `termid` int(11) DEFAULT '0',
  `title` varchar(255) DEFAULT '',
  `subtitle` varchar(500) DEFAULT '',
  `thumb` varchar(500) DEFAULT '',
  `enabled` int(11) DEFAULT '0',
  `detail` text,
  `createtime` int(11) DEFAULT NULL,
  `out_thumb` varchar(255) DEFAULT '',
  `out_link` varchar(255) DEFAULT '',
  `addtime` datetime DEFAULT NULL,
  PRIMARY KEY (`id`)
) ENGINE=InnoDB AUTO_INCREMENT=24 DEFAULT CHARSET=utf8 ROW_FORMAT=DYNAMIC;


CREATE TABLE IF NOT EXISTS `ims_slwl_aicard_website_act_term` (
  `id` bigint(20) unsigned NOT NULL AUTO_INCREMENT,
  `uniacid` int(11) DEFAULT NULL,
  `displayorder` int(11) DEFAULT '0',
  `termname` varchar(255) DEFAULT '',
  `thumb` varchar(255) DEFAULT '',
  `click_type` tinyint(4) DEFAULT '1',
  `isrecommand` tinyint(4) DEFAULT '0',
  `enabled` tinyint(4) DEFAULT '0',
  `addtime` datetime DEFAULT '2000-01-01 00:00:00',
  `list_style` varchar(255) DEFAULT 'non-image',
  PRIMARY KEY (`id`)
) ENGINE=InnoDB AUTO_INCREMENT=5 DEFAULT CHARSET=utf8 ROW_FORMAT=DYNAMIC;


CREATE TABLE IF NOT EXISTS `ims_slwl_aicard_website_adv` (
  `id` bigint(20) unsigned NOT NULL AUTO_INCREMENT,
  `uniacid` int(10) DEFAULT NULL,
  `advname` varchar(255) DEFAULT '',
  `thumb` varchar(255) DEFAULT '',
  `displayorder` int(11) DEFAULT '0',
  `enabled` tinyint(4) DEFAULT '0',
  `page_url` varchar(255) DEFAULT '',
  `addtime` datetime DEFAULT '2000-01-01 00:00:00',
  PRIMARY KEY (`id`)
) ENGINE=InnoDB AUTO_INCREMENT=8 DEFAULT CHARSET=utf8 ROW_FORMAT=DYNAMIC;

]]></install>
	<uninstall><![CDATA[DROP TABLE IF EXISTS `ims_slwl_aicard_adact`;
DROP TABLE IF EXISTS `ims_slwl_aicard_adgroup`;
DROP TABLE IF EXISTS `ims_slwl_aicard_card`;
DROP TABLE IF EXISTS `ims_slwl_aicard_card_goods`;
DROP TABLE IF EXISTS `ims_slwl_aicard_commission`;
DROP TABLE IF EXISTS `ims_slwl_aicard_commission_brokerage`;
DROP TABLE IF EXISTS `ims_slwl_aicard_commission_brokerage_log`;
DROP TABLE IF EXISTS `ims_slwl_aicard_commission_order`;
DROP TABLE IF EXISTS `ims_slwl_aicard_commission_settle_log`;
DROP TABLE IF EXISTS `ims_slwl_aicard_custom_poster`;
DROP TABLE IF EXISTS `ims_slwl_aicard_dept`;
DROP TABLE IF EXISTS `ims_slwl_aicard_dynamic_act`;
DROP TABLE IF EXISTS `ims_slwl_aicard_dynamic_comment`;
DROP TABLE IF EXISTS `ims_slwl_aicard_dynamic_islike`;
DROP TABLE IF EXISTS `ims_slwl_aicard_formid`;
DROP TABLE IF EXISTS `ims_slwl_aicard_impression`;
DROP TABLE IF EXISTS `ims_slwl_aicard_impression_like`;
DROP TABLE IF EXISTS `ims_slwl_aicard_like`;
DROP TABLE IF EXISTS `ims_slwl_aicard_mod_wxapp`;
DROP TABLE IF EXISTS `ims_slwl_aicard_mycard`;
DROP TABLE IF EXISTS `ims_slwl_aicard_myuser`;
DROP TABLE IF EXISTS `ims_slwl_aicard_oplogs`;
DROP TABLE IF EXISTS `ims_slwl_aicard_product_list`;
DROP TABLE IF EXISTS `ims_slwl_aicard_settings`;
DROP TABLE IF EXISTS `ims_slwl_aicard_shop_address`;
DROP TABLE IF EXISTS `ims_slwl_aicard_shop_adsp`;
DROP TABLE IF EXISTS `ims_slwl_aicard_shop_adv`;
DROP TABLE IF EXISTS `ims_slwl_aicard_shop_brand`;
DROP TABLE IF EXISTS `ims_slwl_aicard_shop_cart`;
DROP TABLE IF EXISTS `ims_slwl_aicard_shop_category`;
DROP TABLE IF EXISTS `ims_slwl_aicard_shop_collect`;
DROP TABLE IF EXISTS `ims_slwl_aicard_shop_dispatch`;
DROP TABLE IF EXISTS `ims_slwl_aicard_shop_express`;
DROP TABLE IF EXISTS `ims_slwl_aicard_shop_goods`;
DROP TABLE IF EXISTS `ims_slwl_aicard_shop_goods_option`;
DROP TABLE IF EXISTS `ims_slwl_aicard_shop_goods_param`;
DROP TABLE IF EXISTS `ims_slwl_aicard_shop_order`;
DROP TABLE IF EXISTS `ims_slwl_aicard_shop_order_goods`;
DROP TABLE IF EXISTS `ims_slwl_aicard_shop_printers`;
DROP TABLE IF EXISTS `ims_slwl_aicard_shop_sale`;
DROP TABLE IF EXISTS `ims_slwl_aicard_shop_sale_user`;
DROP TABLE IF EXISTS `ims_slwl_aicard_shop_spec`;
DROP TABLE IF EXISTS `ims_slwl_aicard_store_address`;
DROP TABLE IF EXISTS `ims_slwl_aicard_store_adsp`;
DROP TABLE IF EXISTS `ims_slwl_aicard_store_adv`;
DROP TABLE IF EXISTS `ims_slwl_aicard_store_brand`;
DROP TABLE IF EXISTS `ims_slwl_aicard_store_cart`;
DROP TABLE IF EXISTS `ims_slwl_aicard_store_category`;
DROP TABLE IF EXISTS `ims_slwl_aicard_store_collect`;
DROP TABLE IF EXISTS `ims_slwl_aicard_store_goods`;
DROP TABLE IF EXISTS `ims_slwl_aicard_store_goods_option`;
DROP TABLE IF EXISTS `ims_slwl_aicard_store_order`;
DROP TABLE IF EXISTS `ims_slwl_aicard_store_order_goods`;
DROP TABLE IF EXISTS `ims_slwl_aicard_store_printers`;
DROP TABLE IF EXISTS `ims_slwl_aicard_store_sale`;
DROP TABLE IF EXISTS `ims_slwl_aicard_store_sale_user`;
DROP TABLE IF EXISTS `ims_slwl_aicard_store_spec`;
DROP TABLE IF EXISTS `ims_slwl_aicard_tipswx`;
DROP TABLE IF EXISTS `ims_slwl_aicard_users`;
DROP TABLE IF EXISTS `ims_slwl_aicard_users_label`;
DROP TABLE IF EXISTS `ims_slwl_aicard_website_act_news`;
DROP TABLE IF EXISTS `ims_slwl_aicard_website_act_term`;
DROP TABLE IF EXISTS `ims_slwl_aicard_website_adv`;
]]></uninstall>
	<upgrade><![CDATA[upgrade.php]]></upgrade>

</manifest>
