[
    {
        "class": "icon-shumiao",
        "code": "e626"
    },
    {
        "class": "icon-shopcar",
        "code": "e601"
    },
    {
        "class": "icon-qianbao",
        "code": "e611"
    },
    {
        "class": "icon-add3",
        "code": "e600"
    },
    {
        "class": "icon-gift",
        "code": "e69e"
    },
    {
        "class": "icon-alipay",
        "code": "e617"
    },
    {
        "class": "icon-position1",
        "code": "e618"
    },
    {
        "class": "icon-gouxuan",
        "code": "e639"
    },
    {
        "class": "icon-index",
        "code": "e61d"
    },
    {
        "class": "icon-collection",
        "code": "e638"
    },
    {
        "class": "icon-success",
        "code": "e60f"
    },
    {
        "class": "icon-server",
        "code": "e606"
    },
    {
        "class": "icon-menu",
        "code": "e60a"
    },
    {
        "class": "icon-add2",
        "code": "e623"
    },
    {
        "class": "icon-comment",
        "code": "e60d"
    },
    {
        "class": "icon-hot",
        "code": "e619"
    },
    {
        "class": "icon-add1",
        "code": "e64d"
    },
    {
        "class": "icon-right",
        "code": "e62a"
    },
    {
        "class": "icon-guangbo-copy",
        "code": "e603"
    },
    {
        "class": "icon-close",
        "code": "e602"
    },
    {
        "class": "icon-play1",
        "code": "e653"
    },
    {
        "class": "icon-yonghu",
        "code": "e652"
    },
    {
        "class": "icon-jia",
        "code": "e62d"
    },
    {
        "class": "icon-add",
        "code": "e81a"
    },
    {
        "class": "icon-time",
        "code": "e636"
    },
    {
        "class": "icon-issue",
        "code": "e66b"
    },
    {
        "class": "icon-youhuiquan1",
        "code": "e69f"
    },
    {
        "class": "icon-center-fenxiao",
        "code": "e689"
    },
    {
        "class": "icon-icon",
        "code": "e659"
    },
    {
        "class": "icon-down",
        "code": "e6b2"
    },
    {
        "class": "icon-qianbao11",
        "code": "e63f"
    },
    {
        "class": "icon-yue",
        "code": "e6ca"
    },
    {
        "class": "icon-tel",
        "code": "e60c"
    },
    {
        "class": "icon-scan",
        "code": "e648"
    },
    {
        "class": "icon-warn",
        "code": "e685"
    },
    {
        "class": "icon-dingdan",
        "code": "e67b"
    },
    {
        "class": "icon-search",
        "code": "e6c6"
    },
    {
        "class": "icon-weixin",
        "code": "e6ed"
    },
    {
        "class": "icon-iconfonthuidingbu",
        "code": "e64e"
    },
    {
        "class": "icon-coupon",
        "code": "e61f"
    },
    {
        "class": "icon-delete",
        "code": "e658"
    },
    {
        "class": "icon-position",
        "code": "e633"
    },
    {
        "class": "icon-reduce1",
        "code": "e655"
    },
    {
        "class": "icon-fenxiao",
        "code": "e622"
    },
    {
        "class": "icon-fabu",
        "code": "e634"
    },
    {
        "class": "icon-jifen1",
        "code": "e69d"
    },
    {
        "class": "icon-play",
        "code": "e61e"
    },
    {
        "class": "icon-phone",
        "code": "e63e"
    },
    {
        "class": "icon-tuandui",
        "code": "e610"
    },
    {
        "class": "icon-duihuanka",
        "code": "e60e"
    },
    {
        "class": "icon-free",
        "code": "e6b8"
    },
    {
        "class": "icon-location",
        "code": "e627"
    },
    {
        "class": "icon-erweima",
        "code": "e62e"
    },
    {
        "class": "icon-Shovel",
        "code": "e607"
    },
    {
        "class": "icon-delete1",
        "code": "e65a"
    },
    {
        "class": "icon-shalou",
        "code": "e635"
    },
    {
        "class": "icon-modify",
        "code": "e8cf"
    },
    {
        "class": "icon-dongwu",
        "code": "e24"
    },
    {
        "class": "icon-faqizutuan",
        "code": "e612"
    },
    {
        "class": "icon-jifen",
        "code": "e625"
    },
    {
        "class": "icon-store",
        "code": "e675"
    },
    {
        "class": "icon-hezi",
        "code": "e616"
    },
    {
        "class": "icon-center-team",
        "code": "e656"
    },
    {
        "class": "icon-nongyaohuafeijiance",
        "code": "e695"
    },
    {
        "class": "icon-message",
        "code": "e745"
    },
    {
        "class": "icon-user",
        "code": "e620"
    },
    {
        "class": "icon-qianbao1",
        "code": "e628"
    },
    {
        "class": "icon-enlarge",
        "code": "e604"
    },
    {
        "class": "icon-jilu",
        "code": "e62f"
    },
    {
        "class": "icon-jiaoyijilu",
        "code": "e631"
    },
    {
        "class": "icon-jilu-bangong",
        "code": "e632"
    },
    {
        "class": "icon-tudi",
        "code": "e621"
    },
    {
        "class": "icon-tudi1",
        "code": "e629"
    },
    {
        "class": "icon-narrow",
        "code": "e60b"
    },
    {
        "class": "icon-dingdan1",
        "code": "e613"
    },
    {
        "class": "icon-fenxiao1",
        "code": "e614"
    },
    {
        "class": "icon-jiaoyin",
        "code": "e615"
    },
    {
        "class": "icon-daishouhuo",
        "code": "e741"
    },
    {
        "class": "icon-saoma",
        "code": "e61c"
    },
    {
        "class": "icon-yanjing-kong",
        "code": "e686"
    },
    {
        "class": "icon-chanzi",
        "code": "e62b"
    },
    {
        "class": "icon-gou",
        "code": "e630"
    },
    {
        "class": "icon-ziyuan",
        "code": "e61b"
    },
    {
        "class": "icon-sousuo",
        "code": "e605"
    },
    {
        "class": "icon-left",
        "code": "e615"
    },
    {
        "class": "icon-dingdan2",
        "code": "e906"
    },
    {
        "class": "icon-liaoyiliao",
        "code": "e62c"
    },
    {
        "class": "icon-share",
        "code": "e609"
    },
    {
        "class": "icon-reduce",
        "code": "e608"
    },
    {
        "class": "icon-youhuiquan",
        "code": "e61a"
    },
    {
        "class": "icon-shezhi",
        "code": "e6f0"
    }
]