<?xml version="1.0" encoding="utf-8"?>

<manifest xmlns="http://www.lanrenzhijia.com" versionCode="0.8,1.0">

	<application setting="false">
		<name><![CDATA[零象租房]]></name>
		<identifie><![CDATA[ox_reathouse]]></identifie>
		<version><![CDATA[1.0.1]]></version>
		<type><![CDATA[activity]]></type>
		<ability><![CDATA[零象租房]]></ability>
		<description><![CDATA[租房]]></description>
		<author><![CDATA[懒人源码]]></author>
		<url><![CDATA[https://www.lanrenzhijia.com/]]></url>
	</application>

	<platform>
		<subscribes>
		</subscribes>

		<handles>
		</handles>

		<rule embed="false" />
		<card embed="false" />
		
		<supports>
			<item type="wxapp" />
		</supports>
        <plugins></plugins> 
        <plugin-main name="" />

	</platform>

	<bindings>

	</bindings>

	<permissions>
	</permissions>

	<install><![CDATA[
CREATE TABLE IF NOT EXISTS `ims_ox_reathouse_banner` (
  `id` int(10) NOT NULL AUTO_INCREMENT COMMENT '自增id',
  `uniacid` int(10) DEFAULT NULL COMMENT '小程序id',
  `img` varchar(100) DEFAULT NULL COMMENT '图片地址',
  `url` varchar(255) DEFAULT NULL COMMENT '链接地址',
  `sort` int(10) DEFAULT NULL COMMENT '排序',
  `type` tinyint(4) DEFAULT NULL COMMENT '类型',
  `status` tinyint(1) NOT NULL DEFAULT '1' COMMENT '状态 1，正常，0，下架',
  `create_time` int(10) DEFAULT NULL COMMENT '创建时间',
  PRIMARY KEY (`id`) USING BTREE
) ENGINE=InnoDB AUTO_INCREMENT=19 DEFAULT CHARSET=utf8 ROW_FORMAT=COMPACT;


CREATE TABLE IF NOT EXISTS `ims_ox_reathouse_facility` (
  `id` int(11) unsigned NOT NULL AUTO_INCREMENT COMMENT '自增id',
  `uniacid` int(11) DEFAULT NULL COMMENT '小程序id',
  `name` varchar(255) NOT NULL DEFAULT '' COMMENT '设施名称',
  `icon` varchar(255) NOT NULL DEFAULT '' COMMENT '图标地址',
  `create_time` int(11) DEFAULT NULL COMMENT '创建时间',
  PRIMARY KEY (`id`) USING BTREE
) ENGINE=MyISAM AUTO_INCREMENT=41 DEFAULT CHARSET=utf8 ROW_FORMAT=DYNAMIC COMMENT='设施表';


CREATE TABLE IF NOT EXISTS `ims_ox_reathouse_fav` (
  `id` int(11) NOT NULL AUTO_INCREMENT COMMENT '自增id',
  `uniacid` int(11) NOT NULL COMMENT '小程序id',
  `hid` int(11) NOT NULL COMMENT '房屋id',
  `uid` int(11) NOT NULL COMMENT '用户id',
  `create_time` int(11) NOT NULL COMMENT '创建时间',
  PRIMARY KEY (`id`) USING BTREE
) ENGINE=InnoDB AUTO_INCREMENT=17 DEFAULT CHARSET=utf8 ROW_FORMAT=COMPACT COMMENT='收藏表';


CREATE TABLE IF NOT EXISTS `ims_ox_reathouse_house_info` (
  `id` int(11) unsigned NOT NULL AUTO_INCREMENT COMMENT '自增id',
  `uniacid` int(11) DEFAULT NULL COMMENT '小程序id',
  `name` varchar(255) DEFAULT NULL COMMENT '小区名称',
  `type_id` int(11) NOT NULL COMMENT '出租类型id 1整租 2合租 3民宿',
  `img_id` varchar(128) DEFAULT '' COMMENT '房屋图片id英文状态下,隔开',
  `facility_id` varchar(128) DEFAULT NULL COMMENT '房屋设施id英文状态下,隔开',
  `tag_id` varchar(128) DEFAULT NULL COMMENT '标签id英文状态下,隔开',
  `renovation` tinyint(4) DEFAULT '1' COMMENT '装修状态id 默认0精装 1简装 2毛坯',
  `floor1` tinyint(4) DEFAULT '1' COMMENT '楼层在第几层',
  `floor2` tinyint(4) DEFAULT NULL COMMENT '楼层 共多少层',
  `oriented_id` tinyint(4) NOT NULL DEFAULT '0' COMMENT '朝向id 默认0东 1南 2西 3北 4南北 5东西 6东南 7东北8西南 9西北',
  `house_type_shi` tinyint(4) DEFAULT NULL COMMENT '户型几室',
  `house_type_wei` tinyint(4) DEFAULT NULL COMMENT '户型几卫',
  `house_type_ting` tinyint(4) DEFAULT NULL COMMENT '户型几厅',
  `area` varchar(50) NOT NULL DEFAULT '' COMMENT '面积',
  `yafu_fu` tinyint(4) DEFAULT '1' COMMENT '押付方式 付几个月',
  `yafu_ya` tinyint(4) DEFAULT '1' COMMENT '押付方式 押几个月',
  `price` decimal(10,2) NOT NULL COMMENT '价格',
  `active_price` decimal(20,2) DEFAULT NULL COMMENT '活动价格',
  `address` varchar(255) DEFAULT '' COMMENT '地址',
  `desc` text COMMENT '房屋描述',
  `create_time` int(11) unsigned DEFAULT NULL COMMENT '创建时间',
  `update_time` int(11) unsigned DEFAULT NULL COMMENT '更新时间',
  `status` tinyint(11) NOT NULL DEFAULT '2' COMMENT '状态 1，正常 0，已下架 2未发布完成（后台不显示）',
  `uid` int(11) DEFAULT NULL COMMENT '发布者id',
  `mapx` varchar(50) DEFAULT NULL,
  `mapy` varchar(50) DEFAULT NULL,
  PRIMARY KEY (`id`) USING BTREE
) ENGINE=MyISAM AUTO_INCREMENT=28 DEFAULT CHARSET=utf8 ROW_FORMAT=DYNAMIC;


CREATE TABLE IF NOT EXISTS `ims_ox_reathouse_img` (
  `id` int(11) unsigned NOT NULL AUTO_INCREMENT COMMENT '自增id',
  `uniacid` int(11) DEFAULT NULL COMMENT '小程序id',
  `house_id` int(11) NOT NULL COMMENT '房屋id',
  `url` varchar(255) DEFAULT NULL COMMENT '图片路径',
  `sort` int(10) DEFAULT NULL COMMENT '排序',
  `create_time` int(11) DEFAULT NULL COMMENT '创建时间',
  PRIMARY KEY (`id`) USING BTREE
) ENGINE=MyISAM AUTO_INCREMENT=44 DEFAULT CHARSET=utf8 ROW_FORMAT=DYNAMIC;


CREATE TABLE IF NOT EXISTS `ims_ox_reathouse_info` (
  `id` int(11) unsigned NOT NULL AUTO_INCREMENT COMMENT '自增id',
  `uniacid` int(11) DEFAULT NULL COMMENT '小程序id',
  `title` varchar(100) DEFAULT NULL COMMENT '小程序标题',
  `phone` varchar(20) DEFAULT NULL COMMENT '联系电话',
  `logo` varchar(255) DEFAULT NULL COMMENT 'logo',
  PRIMARY KEY (`id`) USING BTREE
) ENGINE=MyISAM AUTO_INCREMENT=4 DEFAULT CHARSET=utf8 ROW_FORMAT=DYNAMIC;


CREATE TABLE IF NOT EXISTS `ims_ox_reathouse_member` (
  `id` int(11) unsigned NOT NULL AUTO_INCREMENT COMMENT '自增id',
  `uniacid` int(11) DEFAULT NULL COMMENT '小程序id',
  `uid` int(11) DEFAULT NULL COMMENT '微擎用户表uid',
  `nickname` varchar(125) DEFAULT NULL COMMENT '用户名称',
  `avatar` varchar(255) DEFAULT NULL COMMENT '用户头像',
  `openid` varchar(40) DEFAULT NULL COMMENT 'openid',
  `status` int(1) NOT NULL DEFAULT '1' COMMENT '状态:0=无效 1=有效',
  `create_time` int(11) DEFAULT NULL COMMENT '创建时间',
  `phone` varchar(20) DEFAULT NULL COMMENT '手机号预留字段',
  `is_publish` tinyint(4) DEFAULT '0' COMMENT '是否可以发布房源 0不可发布 1可发布',
  PRIMARY KEY (`id`) USING BTREE
) ENGINE=MyISAM AUTO_INCREMENT=10 DEFAULT CHARSET=utf8 ROW_FORMAT=DYNAMIC;


CREATE TABLE IF NOT EXISTS `ims_ox_reathouse_reath_type` (
  `id` int(11) unsigned NOT NULL AUTO_INCREMENT COMMENT '自增id',
  `uniacid` int(11) DEFAULT NULL COMMENT '小程序id',
  `name` varchar(125) NOT NULL DEFAULT '' COMMENT '类型名称',
  `href` varchar(255) DEFAULT NULL COMMENT '跳转链接',
  `sort` int(10) NOT NULL DEFAULT '0' COMMENT '排序',
  `status` tinyint(1) NOT NULL DEFAULT '1' COMMENT '状态 1 正常 0 下架',
  `icon` varchar(255) NOT NULL DEFAULT '' COMMENT '图标地址',
  `content` text COMMENT '文本',
  `create_time` int(11) DEFAULT NULL COMMENT '创建时间',
  PRIMARY KEY (`id`) USING BTREE
) ENGINE=MyISAM AUTO_INCREMENT=11 DEFAULT CHARSET=utf8 ROW_FORMAT=DYNAMIC;


CREATE TABLE IF NOT EXISTS `ims_ox_reathouse_suggest` (
  `id` int(10) NOT NULL AUTO_INCREMENT,
  `uid` int(10) DEFAULT NULL COMMENT '用户id',
  `uniacid` int(10) DEFAULT NULL COMMENT '小程序id',
  `content` text COMMENT '反馈内容',
  `create_time` int(10) DEFAULT NULL COMMENT '创建时间',
  PRIMARY KEY (`id`)
) ENGINE=InnoDB AUTO_INCREMENT=19 DEFAULT CHARSET=utf8 COMMENT='意见反馈';


CREATE TABLE IF NOT EXISTS `ims_ox_reathouse_tag` (
  `id` int(11) unsigned NOT NULL AUTO_INCREMENT COMMENT '自增id',
  `uniacid` int(11) DEFAULT NULL COMMENT '小程序id',
  `name` varchar(255) DEFAULT NULL COMMENT '标签名称',
  `create_time` int(11) DEFAULT NULL COMMENT '创建时间',
  PRIMARY KEY (`id`) USING BTREE
) ENGINE=MyISAM AUTO_INCREMENT=24 DEFAULT CHARSET=utf8 ROW_FORMAT=DYNAMIC;


CREATE TABLE IF NOT EXISTS `ims_ox_reathouse_view` (
  `id` int(10) NOT NULL AUTO_INCREMENT,
  `uniacid` int(10) DEFAULT NULL,
  `title` varchar(20) DEFAULT NULL COMMENT '标题',
  `content` text,
  `sort` tinyint(4) DEFAULT NULL COMMENT ' 排序',
  `type` tinyint(4) DEFAULT NULL COMMENT ' 1 关于我们 2 操作指南',
  `create_time` int(10) DEFAULT NULL,
  PRIMARY KEY (`id`)
) ENGINE=InnoDB AUTO_INCREMENT=29 DEFAULT CHARSET=utf8;

]]></install>
	<uninstall><![CDATA[DROP TABLE IF EXISTS `ims_ox_reathouse_banner`;
DROP TABLE IF EXISTS `ims_ox_reathouse_facility`;
DROP TABLE IF EXISTS `ims_ox_reathouse_fav`;
DROP TABLE IF EXISTS `ims_ox_reathouse_house_info`;
DROP TABLE IF EXISTS `ims_ox_reathouse_img`;
DROP TABLE IF EXISTS `ims_ox_reathouse_info`;
DROP TABLE IF EXISTS `ims_ox_reathouse_member`;
DROP TABLE IF EXISTS `ims_ox_reathouse_reath_type`;
DROP TABLE IF EXISTS `ims_ox_reathouse_suggest`;
DROP TABLE IF EXISTS `ims_ox_reathouse_tag`;
DROP TABLE IF EXISTS `ims_ox_reathouse_view`;
]]></uninstall>
	<upgrade><![CDATA[upgrade.php]]></upgrade>

</manifest>
